Thumbs_Up,0.0,0.0,0.021639645099639893,-0.1066124439239502,0.050159990787506104,-0.18407517671585083,0.07550635933876038,-0.2553213834762573,0.08535274863243103,-0.31529033184051514,0.14455580711364746,-0.1241493821144104,0.15654265880584717,-0.14055031538009644,0.12892436981201172,-0.13335508108139038,0.10775798559188843,-0.12246972322463989,0.1583648920059204,-0.05860680341720581,0.1728249192237854,-0.09412431716918945,0.14632999897003174,-0.09755074977874756,0.12176668643951416,-0.08748561143875122,0.15591895580291748,-0.002962350845336914,0.17357563972473145,-0.04733860492706299,0.15192937850952148,-0.05125999450683594,0.12659215927124023,-0.04321247339248657,0.1475604772567749,0.03996634483337402,0.15866297483444214,0.00015604496002197266,0.13904500007629395,-0.005246162414550781,0.11956053972244263,-0.00011301040649414062
Thumbs_Up,0.0,0.0,0.021020084619522095,-0.10635912418365479,0.048640429973602295,-0.18369847536087036,0.07479864358901978,-0.2557092308998108,0.08569785952568054,-0.31442704796791077,0.14378324151039124,-0.12899750471115112,0.15888801217079163,-0.1414628028869629,0.13171252608299255,-0.13412874937057495,0.11086353659629822,-0.12464773654937744,0.15749850869178772,-0.0627673864364624,0.17470547556877136,-0.09435200691223145,0.1482786238193512,-0.09775644540786743,0.12397840619087219,-0.08875119686126709,0.1549123227596283,-0.006371676921844482,0.17306146025657654,-0.0459057092666626,0.1521238386631012,-0.0494307279586792,0.1268695890903473,-0.04201996326446533,0.1470451056957245,0.0375249981880188,0.1583859622478485,0.0009958148002624512,0.13832858204841614,-0.003817915916442871,0.11849305033683777,0.0007977485656738281
Thumbs_Up,0.0,0.0,0.022141873836517334,-0.10405528545379639,0.05111101269721985,-0.18058085441589355,0.07729151844978333,-0.25184887647628784,0.08891212940216064,-0.31230226159095764,0.14559391140937805,-0.12076526880264282,0.15845373272895813,-0.1364525556564331,0.13089951872825623,-0.13003450632095337,0.11089035868644714,-0.12104082107543945,0.15772995352745056,-0.054109811782836914,0.17057695984840393,-0.08721327781677246,0.14552989602088928,-0.09059756994247437,0.12221992015838623,-0.08164668083190918,0.15291842818260193,0.002411186695098877,0.1627177894115448,-0.03738582134246826,0.1423405110836029,-0.03953695297241211,0.11865547299385071,-0.03213554620742798,0.14285531640052795,0.045908212661743164,0.1510072648525238,0.012985050678253174,0.1317475140094757,0.008473753929138184,0.11248412728309631,0.012400448322296143
Thumbs_Up,0.0,0.0,0.02200499176979065,-0.10481637716293335,0.05031946301460266,-0.1801222562789917,0.07616204023361206,-0.2519700527191162,0.08550852537155151,-0.31464436650276184,0.14245370030403137,-0.12016379833221436,0.164005845785141,-0.12805962562561035,0.13692733645439148,-0.12204337120056152,0.11604571342468262,-0.1154218316078186,0.1550728976726532,-0.05304592847824097,0.17614129185676575,-0.07956326007843018,0.1509363353252411,-0.08308911323547363,0.1272502839565277,-0.0762413740158081,0.15044710040092468,0.004167139530181885,0.16505840420722961,-0.02983832359313965,0.14487305283546448,-0.030689120292663574,0.12115854024887085,-0.02432352304458618,0.14060547947883606,0.048137664794921875,0.1510423719882965,0.020145714282989502,0.13156095147132874,0.016444683074951172,0.11186528205871582,0.019374430179595947
Thumbs_Up,0.0,0.0,0.024100691080093384,-0.10469329357147217,0.053006917238235474,-0.18025237321853638,0.07759913802146912,-0.2517351508140564,0.08501872420310974,-0.3146577477455139,0.1322183907032013,-0.12117421627044678,0.16895100474357605,-0.1300499439239502,0.14214476943016052,-0.12759149074554443,0.1198650598526001,-0.12306910753250122,0.1447679102420807,-0.05366617441177368,0.18010058999061584,-0.08463788032531738,0.15527257323265076,-0.09024345874786377,0.13141873478889465,-0.08255624771118164,0.14399418234825134,0.0038428902626037598,0.17595061659812927,-0.035449087619781494,0.1548861563205719,-0.040389835834503174,0.1301541030406952,-0.03417479991912842,0.13851627707481384,0.04865938425064087,0.16461613774299622,0.014474332332611084,0.14597657322883606,0.00749516487121582,0.12631824612617493,0.011854171752929688
Thumbs_Up,0.0,0.0,0.017250478267669678,-0.09831196069717407,0.04618227481842041,-0.18408501148223877,0.06781747937202454,-0.2571423649787903,0.07468441128730774,-0.3204329311847687,0.10112184286117554,-0.13061004877090454,0.15980932116508484,-0.13566875457763672,0.13694897294044495,-0.1296127438545227,0.11032360792160034,-0.12340635061264038,0.11158895492553711,-0.06418776512145996,0.16482040286064148,-0.08603787422180176,0.14233389496803284,-0.0874251127243042,0.11577171087265015,-0.07787448167800903,0.11666432023048401,-0.00474780797958374,0.16200563311576843,-0.03790229558944702,0.14125403761863708,-0.03794240951538086,0.11618947982788086,-0.02632230520248413,0.11951950192451477,0.04624110460281372,0.16270151734352112,0.012388467788696289,0.14367565512657166,0.009424686431884766,0.12155765295028687,0.019207358360290527
Thumbs_Up,0.0,0.0,0.01753595471382141,-0.09544825553894043,0.04675450921058655,-0.18483155965805054,0.06694617867469788,-0.257956862449646,0.07346826791763306,-0.32108360528945923,0.09410840272903442,-0.13463377952575684,0.15972372889518738,-0.134088933467865,0.14003989100456238,-0.12480342388153076,0.11440315842628479,-0.11918222904205322,0.10347682237625122,-0.06813490390777588,0.16502907872200012,-0.08149290084838867,0.14397504925727844,-0.08029210567474365,0.11576896905899048,-0.07269364595413208,0.1095564067363739,-0.008337914943695068,0.16210487484931946,-0.032523930072784424,0.1427372395992279,-0.02996891736984253,0.11693635582923889,-0.020241975784301758,0.11379355192184448,0.043742597103118896,0.1611628234386444,0.015984952449798584,0.14359858632087708,0.016083359718322754,0.12161999940872192,0.02422356605529785
Thumbs_Up,0.0,0.0,0.0170629620552063,-0.09341442584991455,0.04651263356208801,-0.1864270567893982,0.06464484333992004,-0.26000380516052246,0.069530189037323,-0.3228704333305359,0.08616429567337036,-0.13110566139221191,0.15639111399650574,-0.13130801916122437,0.13792148232460022,-0.1250261664390564,0.11276549100875854,-0.1207737922668457,0.09397643804550171,-0.06316721439361572,0.16180595755577087,-0.07790106534957886,0.1401388943195343,-0.0780763030052185,0.1108221709728241,-0.06972628831863403,0.10046947002410889,-0.002775430679321289,0.1604829728603363,-0.027548611164093018,0.13998356461524963,-0.0259706974029541,0.11289304494857788,-0.015654563903808594,0.10600796341896057,0.05068206787109375,0.1588226854801178,0.02158433198928833,0.1398949921131134,0.02198946475982666,0.11673018336296082,0.031674325466156006
Thumbs_Up,0.0,0.0,0.020857125520706177,-0.09414643049240112,0.05310159921646118,-0.19080519676208496,0.0706179141998291,-0.26707178354263306,0.07439935207366943,-0.3305153250694275,0.0874219536781311,-0.13330817222595215,0.16269174218177795,-0.132612943649292,0.14133694767951965,-0.13027602434158325,0.11381572484970093,-0.12840431928634644,0.09244045615196228,-0.06151127815246582,0.16735956072807312,-0.08007645606994629,0.14358952641487122,-0.08307152986526489,0.11328274011611938,-0.07363057136535645,0.09753036499023438,0.001034080982208252,0.16639390587806702,-0.025703370571136475,0.14357402920722961,-0.02778571844100952,0.11457252502441406,-0.01761162281036377,0.10224571824073792,0.055700480937957764,0.16142812371253967,0.02704519033432007,0.14184781908988953,0.02456080913543701,0.11753612756729126,0.03372079133987427
Thumbs_Up,0.0,0.0,0.02378237247467041,-0.09086418151855469,0.060506612062454224,-0.1891155242919922,0.07621574401855469,-0.26641106605529785,0.07886886596679688,-0.33107292652130127,0.07713419198989868,-0.12878406047821045,0.1623864471912384,-0.12348616123199463,0.13753294944763184,-0.12365168333053589,0.10481980443000793,-0.1253071427345276,0.07829749584197998,-0.05406594276428223,0.16359826922416687,-0.06789690256118774,0.1388697326183319,-0.07350844144821167,0.10473436117172241,-0.06708317995071411,0.08207491040229797,0.010611355304718018,0.15954145789146423,-0.011388540267944336,0.13601848483085632,-0.0162850022315979,0.1041574478149414,-0.008444666862487793,0.08821696043014526,0.06516838073730469,0.15236631035804749,0.038845062255859375,0.1319052278995514,0.03559136390686035,0.10550475120544434,0.0454215407371521
Thumbs_Up,0.0,0.0,0.022868692874908447,-0.08932244777679443,0.05954185128211975,-0.18842297792434692,0.07247194647789001,-0.26530182361602783,0.07322558760643005,-0.3310767412185669,0.058191657066345215,-0.1299208402633667,0.15458524227142334,-0.12401974201202393,0.1349373757839203,-0.12191528081893921,0.10214442014694214,-0.1240004301071167,0.05715268850326538,-0.05356764793395996,0.15796798467636108,-0.06749820709228516,0.1326230764389038,-0.07118064165115356,0.09531044960021973,-0.06539750099182129,0.06236669421195984,0.012264847755432129,0.15356463193893433,-0.010123729705810547,0.12811225652694702,-0.0136260986328125,0.09378927946090698,-0.006218910217285156,0.07131755352020264,0.06818985939025879,0.14649373292922974,0.04235434532165527,0.12539485096931458,0.037559330463409424,0.09426096081733704,0.04510682821273804
Thumbs_Up,0.0,0.0,0.02198314666748047,-0.08652812242507935,0.061641693115234375,-0.18843328952789307,0.07446244359016418,-0.26552337408065796,0.071248859167099,-0.33427488803863525,0.04955470561981201,-0.1378190517425537,0.15342843532562256,-0.1348220705986023,0.13411661982536316,-0.12883007526397705,0.09757372736930847,-0.13036006689071655,0.045375287532806396,-0.06474930047988892,0.1567525863647461,-0.07518857717514038,0.1280655860900879,-0.07515889406204224,0.08730638027191162,-0.07174742221832275,0.05116623640060425,0.002205491065979004,0.1516246199607849,-0.01851511001586914,0.123512864112854,-0.01918959617614746,0.08717197179794312,-0.01186525821685791,0.06245449185371399,0.059622228145599365,0.1445688009262085,0.03319060802459717,0.12202861905097961,0.028247535228729248,0.08638232946395874,0.03444325923919678
Thumbs_Up,0.0,0.0,0.02254694700241089,-0.08354759216308594,0.0484883189201355,-0.17184942960739136,0.05450037121772766,-0.24253380298614502,0.046794384717941284,-0.3098087012767792,0.01397290825843811,-0.11581939458847046,0.11647102236747742,-0.10678327083587646,0.10232493281364441,-0.10026651620864868,0.06706324219703674,-0.10000169277191162,0.00745081901550293,-0.03969228267669678,0.11795169115066528,-0.04753291606903076,0.09515628218650818,-0.04993933439254761,0.05927637219429016,-0.04801011085510254,0.014508098363876343,0.026372969150543213,0.11732354760169983,0.009325206279754639,0.09458628296852112,0.00737452507019043,0.06288886070251465,0.011628150939941406,0.026482075452804565,0.07943260669708252,0.1076498031616211,0.05949282646179199,0.08786478638648987,0.05651712417602539,0.055138975381851196,0.06252002716064453
Thumbs_Up,0.0,0.0,0.013955384492874146,-0.08710342645645142,0.027865171432495117,-0.17436039447784424,0.029869407415390015,-0.24531859159469604,0.026389479637145996,-0.3145555853843689,-0.007034868001937866,-0.09703189134597778,0.09154841303825378,-0.10418534278869629,0.08229950070381165,-0.09759330749511719,0.05424398183822632,-0.09841364622116089,-0.015272825956344604,-0.022257506847381592,0.09813180565834045,-0.03699833154678345,0.07606077194213867,-0.04305368661880493,0.04377925395965576,-0.04647630453109741,-0.01104271411895752,0.0390394926071167,0.09662371873855591,0.023305654525756836,0.07266953587532043,0.013888120651245117,0.04348564147949219,0.005783140659332275,-0.0008789598941802979,0.08634710311889648,0.08306211233139038,0.0737718939781189,0.06474491953849792,0.06291645765304565,0.034060925245285034,0.05903834104537964
Thumbs_Up,0.0,0.0,0.009421050548553467,-0.07356178760528564,0.010789304971694946,-0.16303449869155884,0.015541166067123413,-0.2383137345314026,0.013948529958724976,-0.30940037965774536,-0.02832818031311035,-0.11715048551559448,0.07452607154846191,-0.1039232611656189,0.05964753031730652,-0.09579700231552124,0.027809619903564453,-0.09600144624710083,-0.039591312408447266,-0.043624281883239746,0.07831141352653503,-0.03621453046798706,0.04990273714065552,-0.042584240436553955,0.012209087610244751,-0.047068655490875244,-0.03648620843887329,0.02310645580291748,0.07192105054855347,0.02305978536605835,0.04660910367965698,0.017529964447021484,0.011148124933242798,0.009083569049835205,-0.026728183031082153,0.07837474346160889,0.0589350163936615,0.07703930139541626,0.040085434913635254,0.0667298436164856,0.007211059331893921,0.06242859363555908
Thumbs_Up,0.0,0.0,0.020915448665618896,-0.06714510917663574,0.02025216817855835,-0.16157591342926025,0.009405672550201416,-0.2482309341430664,-0.008437663316726685,-0.3140985369682312,-0.04728105664253235,-0.11591827869415283,0.05167466402053833,-0.10552698373794556,0.035190075635910034,-0.0979277491569519,0.0029788613319396973,-0.09966552257537842,-0.06709533929824829,-0.03796952962875366,0.06248152256011963,-0.028849363327026367,0.029209375381469727,-0.03631305694580078,-0.012903422117233276,-0.042410075664520264,-0.06401479244232178,0.03200173377990723,0.05120173096656799,0.03301036357879639,0.02827155590057373,0.029910802841186523,-0.008837997913360596,0.02587205171585083,-0.051943808794021606,0.09626138210296631,0.03481501340866089,0.08890247344970703,0.018649518489837646,0.08170062303543091,-0.01385045051574707,0.08206737041473389
Thumbs_Up,0.0,0.0,0.024375617504119873,-0.0642702579498291,0.02355903387069702,-0.1589822769165039,0.010112851858139038,-0.24428045749664307,-0.0067532360553741455,-0.3102836012840271,-0.044213563203811646,-0.11767685413360596,0.05262267589569092,-0.10149800777435303,0.03584110736846924,-0.09498387575149536,0.005089491605758667,-0.09917688369750977,-0.06946143507957458,-0.0397685170173645,0.061685025691986084,-0.02414536476135254,0.028492361307144165,-0.034176766872406006,-0.013814985752105713,-0.042354047298431396,-0.068566232919693,0.030801832675933838,0.048579275608062744,0.03588002920150757,0.025795429944992065,0.03138303756713867,-0.010618537664413452,0.02820110321044922,-0.057831406593322754,0.09564375877380371,0.029802531003952026,0.09130722284317017,0.014196276664733887,0.08508950471878052,-0.0180891752243042,0.08710825443267822
Thumbs_Up,0.0,0.0,0.02457466721534729,-0.0663149356842041,0.02635788917541504,-0.16178476810455322,0.016116976737976074,-0.24891126155853271,0.0014939606189727783,-0.3182424306869507,-0.04638180136680603,-0.1263396143913269,0.05590161681175232,-0.10859286785125732,0.037363678216934204,-0.10024005174636841,0.0043280720710754395,-0.10450613498687744,-0.06951984763145447,-0.046846985816955566,0.06358933448791504,-0.031171202659606934,0.030341804027557373,-0.039356529712677,-0.013242155313491821,-0.05072253942489624,-0.06835430860519409,0.02458888292312622,0.049559563398361206,0.029681801795959473,0.025532156229019165,0.02425241470336914,-0.013074040412902832,0.016284406185150146,-0.05746358633041382,0.09095770120620728,0.028342843055725098,0.08630067110061646,0.011887431144714355,0.07986891269683838,-0.021527469158172607,0.07937145233154297
Thumbs_Up,0.0,0.0,0.026484400033950806,-0.0651821494102478,0.02503827214241028,-0.16113322973251343,0.013318955898284912,-0.24911624193191528,3.769993782043457e-05,-0.3174123167991638,-0.04985475540161133,-0.1253470778465271,0.04092124104499817,-0.10661667585372925,0.026298940181732178,-0.10293304920196533,-0.0014140605926513672,-0.11087584495544434,-0.08009463548660278,-0.04874318838119507,0.05426564812660217,-0.027768731117248535,0.02345535159111023,-0.041031599044799805,-0.017609387636184692,-0.054524362087249756,-0.08019593358039856,0.023617208003997803,0.042290568351745605,0.03109157085418701,0.020217090845108032,0.02456510066986084,-0.015892982482910156,0.01851809024810791,-0.06863245368003845,0.09006816148757935,0.024168431758880615,0.08768993616104126,0.010514408349990845,0.08148539066314697,-0.021070480346679688,0.08300167322158813
Thumbs_Up,0.0,0.0,0.02544611692428589,-0.06464391946792603,0.020367145538330078,-0.16255098581314087,0.007434457540512085,-0.2484484314918518,-0.001031339168548584,-0.31521570682525635,-0.05821964144706726,-0.1248558759689331,0.024006158113479614,-0.1129792332649231,0.012935250997543335,-0.10843867063522339,-0.010781794786453247,-0.1142931580543518,-0.0887502133846283,-0.04956352710723877,0.04140070080757141,-0.034037232398986816,0.013347029685974121,-0.04711616039276123,-0.02491319179534912,-0.05780404806137085,-0.0879388153553009,0.021702051162719727,0.03322070837020874,0.02620464563369751,0.013131588697433472,0.01956385374069214,-0.02066144347190857,0.016861140727996826,-0.07563945651054382,0.08709871768951416,0.020093917846679688,0.08424490690231323,0.008562326431274414,0.07891243696212769,-0.02177882194519043,0.08242803812026978
Thumbs_Up,0.0,0.0,0.03309810161590576,-0.0662761926651001,0.028964519500732422,-0.16941606998443604,0.01548534631729126,-0.2542133331298828,0.0040693581104278564,-0.31997084617614746,-0.059003204107284546,-0.13612991571426392,0.021693885326385498,-0.1101529598236084,0.01591801643371582,-0.10367614030838013,-0.008464455604553223,-0.11100667715072632,-0.09277534484863281,-0.0610499382019043,0.03151118755340576,-0.03323763608932495,0.010401993989944458,-0.048406779766082764,-0.02586996555328369,-0.06273972988128662,-0.09452523291110992,0.010345876216888428,0.020469725131988525,0.025814294815063477,0.005927681922912598,0.01631385087966919,-0.027314722537994385,0.009562551975250244,-0.0835048258304596,0.07699763774871826,0.005541175603866577,0.081947922706604,-0.003427863121032715,0.07412827014923096,-0.03373199701309204,0.0721282958984375
Thumbs_Up,0.0,0.0,0.030346333980560303,-0.07669246196746826,0.024453073740005493,-0.18296551704406738,0.00891903042793274,-0.26191794872283936,-0.00030308961868286133,-0.33128389716148376,-0.07676100730895996,-0.15265029668807983,0.002296268939971924,-0.12249094247817993,0.008779287338256836,-0.1110767126083374,-0.011299490928649902,-0.11439120769500732,-0.11163800954818726,-0.07707756757736206,0.006330400705337524,-0.047453224658966064,0.002955406904220581,-0.05625462532043457,-0.027026325464248657,-0.06602835655212402,-0.11670151352882385,-0.005363762378692627,-0.0048097968101501465,0.012354850769042969,-0.0060520172119140625,0.005302309989929199,-0.034930139780044556,-0.0007390975952148438,-0.10908201336860657,0.06349968910217285,-0.019734621047973633,0.06928020715713501,-0.01584869623184204,0.06252747774124146,-0.039708614349365234,0.06042379140853882
Thumbs_Up,0.0,0.0,0.021979212760925293,-0.08167064189910889,0.011080920696258545,-0.18033772706985474,0.0006102919578552246,-0.2591622471809387,-0.009310156106948853,-0.32876789569854736,-0.10168968141078949,-0.15028953552246094,-0.018822163343429565,-0.11914801597595215,0.00036454200744628906,-0.10984289646148682,-0.015596538782119751,-0.11757951974868774,-0.12998931109905243,-0.07325786352157593,-0.01523500680923462,-0.04806673526763916,-0.003455221652984619,-0.053715527057647705,-0.02663782238960266,-0.06583714485168457,-0.13354644179344177,-0.001564323902130127,-0.023971140384674072,0.01471102237701416,-0.01351320743560791,0.006009995937347412,-0.03787347674369812,-0.005417823791503906,-0.124105304479599,0.06538057327270508,-0.0370783805847168,0.07031595706939697,-0.024599701166152954,0.05879247188568115,-0.04285222291946411,0.050341665744781494
Thumbs_Up,0.0,0.0,0.01849249005317688,-0.08665680885314941,0.005427688360214233,-0.1853906512260437,-0.006254792213439941,-0.2651822566986084,-0.017762362957000732,-0.336722731590271,-0.11141461133956909,-0.15426218509674072,-0.024932056665420532,-0.12581342458724976,-0.005818754434585571,-0.1167377233505249,-0.02492627501487732,-0.123690664768219,-0.13662424683570862,-0.0758657455444336,-0.0219896137714386,-0.05536985397338867,-0.0081309974193573,-0.06093078851699829,-0.03225678205490112,-0.07291674613952637,-0.13938367366790771,-0.003507077693939209,-0.030431419610977173,0.01042032241821289,-0.0176851749420166,0.0011677145957946777,-0.04238247871398926,-0.01035529375076294,-0.12919111549854279,0.06358271837234497,-0.04430833458900452,0.06562179327011108,-0.03150561451911926,0.05225038528442383,-0.05021047592163086,0.042366862297058105
Thumbs_Up,0.0,0.0,0.02036091685295105,-0.08746153116226196,0.008876711130142212,-0.1875978708267212,-0.0027195513248443604,-0.2669796347618103,-0.01411980390548706,-0.33838951587677,-0.10753998160362244,-0.15534573793411255,-0.022601038217544556,-0.12473541498184204,-0.0022389590740203857,-0.11520195007324219,-0.018717586994171143,-0.12252599000930786,-0.13510102033615112,-0.07746994495391846,-0.021439790725708008,-0.05331653356552124,-0.005928486585617065,-0.057844460010528564,-0.027684420347213745,-0.07144683599472046,-0.1401907205581665,-0.004716992378234863,-0.030347436666488647,0.0118560791015625,-0.015195786952972412,0.0032018423080444336,-0.03745836019515991,-0.010135233402252197,-0.13186496496200562,0.06313252449035645,-0.04158824682235718,0.06839317083358765,-0.025638878345489502,0.05487436056137085,-0.04197552800178528,0.0429457426071167
Thumbs_Up,0.0,0.0,0.02041003108024597,-0.09303295612335205,0.00914233922958374,-0.1969318985939026,-0.00333482027053833,-0.2741120457649231,-0.0131605863571167,-0.3427921235561371,-0.11640197038650513,-0.16831982135772705,-0.033608585596084595,-0.13615739345550537,-0.009787142276763916,-0.12467247247695923,-0.025152266025543213,-0.13161122798919678,-0.14458099007606506,-0.09050238132476807,-0.03631356358528137,-0.06382590532302856,-0.014975130558013916,-0.06974929571151733,-0.03302109241485596,-0.08452069759368896,-0.15059471130371094,-0.01727128028869629,-0.04525488615036011,0.0014737248420715332,-0.024704158306121826,-0.009708046913146973,-0.04421380162239075,-0.024996578693389893,-0.1426975131034851,0.04985839128494263,-0.05395597219467163,0.05723482370376587,-0.033528923988342285,0.04138141870498657,-0.04730299115180969,0.025974273681640625
Thumbs_Up,0.0,0.0,0.02169114351272583,-0.09853249788284302,0.007700860500335693,-0.20746862888336182,-0.009051859378814697,-0.28533995151519775,-0.02278873324394226,-0.3575199544429779,-0.1289345920085907,-0.18205761909484863,-0.041616469621658325,-0.1505063772201538,-0.017318665981292725,-0.134380042552948,-0.037266671657562256,-0.14015036821365356,-0.15895622968673706,-0.10196715593338013,-0.043374136090278625,-0.07520276308059692,-0.02018493413925171,-0.07837879657745361,-0.044168248772621155,-0.0933350920677185,-0.16296778619289398,-0.026431620121002197,-0.054041847586631775,-0.00861513614654541,-0.030169308185577393,-0.017087459564208984,-0.053176477551460266,-0.03164327144622803,-0.15238413214683533,0.041707754135131836,-0.06256154179573059,0.05109131336212158,-0.0404231995344162,0.036956071853637695,-0.05721008777618408,0.02227950096130371
Thumbs_Up,0.0,0.0,0.018121331930160522,-0.10219931602478027,0.001709967851638794,-0.21178346872329712,-0.015419542789459229,-0.29086947441101074,-0.029835283756256104,-0.36067914962768555,-0.13879503309726715,-0.17674779891967773,-0.05148392915725708,-0.14899766445159912,-0.024708330631256104,-0.13262128829956055,-0.04515555500984192,-0.138452410697937,-0.1646503359079361,-0.09340626001358032,-0.04990074038505554,-0.07387077808380127,-0.02462741732597351,-0.07734477519989014,-0.04891432821750641,-0.0916479229927063,-0.16619815677404404,-0.017248988151550293,-0.05460500717163086,-0.006769955158233643,-0.029965460300445557,-0.016712605953216553,-0.05407136678695679,-0.030457675457000732,-0.15413561463356018,0.04905104637145996,-0.06022658944129944,0.052364885807037354,-0.03682681918144226,0.03815490007400513,-0.05379830300807953,0.02479642629623413
Thumbs_Up,0.0,0.0,0.01906001567840576,-0.10168594121932983,0.0044578611850738525,-0.21197158098220825,-0.011905014514923096,-0.29177433252334595,-0.026405781507492065,-0.36215007305145264,-0.1341378390789032,-0.17797064781188965,-0.04982295632362366,-0.14901787042617798,-0.022500962018966675,-0.13505077362060547,-0.04247574508190155,-0.14089083671569824,-0.1607196256518364,-0.09517455101013184,-0.046311452984809875,-0.07239949703216553,-0.018546372652053833,-0.07670766115188599,-0.042034879326820374,-0.09112584590911865,-0.16248684376478195,-0.019078493118286133,-0.05282860994338989,-0.005202531814575195,-0.026384353637695312,-0.015233397483825684,-0.04907982051372528,-0.028841495513916016,-0.15050584077835083,0.04811340570449829,-0.05985400080680847,0.053862690925598145,-0.035549893975257874,0.03891730308532715,-0.051019445061683655,0.024639666080474854
Thumbs_Up,0.0,0.0,0.01824936270713806,-0.09394365549087524,0.0022088289260864258,-0.20169198513031006,-0.01397976279258728,-0.2832466959953308,-0.024827629327774048,-0.3557286560535431,-0.12378513813018799,-0.1726093292236328,-0.04168042540550232,-0.1422702670097351,-0.015230238437652588,-0.12630760669708252,-0.030411481857299805,-0.13168728351593018,-0.1509006917476654,-0.09051799774169922,-0.035567909479141235,-0.06566542387008667,-0.013827532529830933,-0.06629973649978638,-0.03447520732879639,-0.0788307785987854,-0.15410882234573364,-0.014537453651428223,-0.04340365529060364,0.0020685195922851562,-0.02385684847831726,-0.004341602325439453,-0.04467710852622986,-0.015846967697143555,-0.14417138695716858,0.05530202388763428,-0.055863410234451294,0.05990666151046753,-0.036196887493133545,0.04805707931518555,-0.050915032625198364,0.037061095237731934
Thumbs_Up,0.0,0.0,0.014609694480895996,-0.10375899076461792,0.019155234098434448,-0.20825445652008057,0.013684630393981934,-0.2881287932395935,-0.00021454691886901855,-0.36608195304870605,0.004621684551239014,-0.14602351188659668,-0.06238165497779846,-0.1527453064918518,-0.06457948684692383,-0.1582096815109253,-0.045815467834472656,-0.16886579990386963,-0.006359219551086426,-0.05887782573699951,-0.07690513134002686,-0.08041483163833618,-0.07176057994365692,-0.09708547592163086,-0.06081381440162659,-0.10849756002426147,-0.014681965112686157,0.013110756874084473,-0.07182696461677551,-0.007356822490692139,-0.07934153079986572,-0.02620863914489746,-0.08227314054965973,-0.03663414716720581,-0.02368190884590149,0.07277339696884155,-0.06857514381408691,0.060105085372924805,-0.08756448328495026,0.0440293550491333,-0.1026095598936081,0.03782469034194946
Thumbs_Up,0.0,0.0,0.01960963010787964,-0.0897558331489563,0.005991160869598389,-0.19158166646957397,-0.006988883018493652,-0.27217811346054077,-0.01898670196533203,-0.34562137722969055,-0.11194486916065216,-0.16134637594223022,-0.025505751371383667,-0.1334705948829651,-0.005779087543487549,-0.12291425466537476,-0.023715734481811523,-0.12982642650604248,-0.13764116168022156,-0.07913815975189209,-0.020961523056030273,-0.06024295091629028,-0.008799642324447632,-0.06392568349838257,-0.032730937004089355,-0.07471919059753418,-0.13934162259101868,-0.0033295750617980957,-0.02748727798461914,0.00812983512878418,-0.017002105712890625,0.0001417994499206543,-0.04251030087471008,-0.01044374704360962,-0.12775932252407074,0.0661313533782959,-0.03865081071853638,0.06745696067810059,-0.027002692222595215,0.05709385871887207,-0.04727751016616821,0.0505107045173645
Thumbs_Up,0.0,0.0,0.030013173818588257,-0.07378709316253662,0.028666973114013672,-0.18230366706848145,0.015633314847946167,-0.26477569341659546,0.008245319128036499,-0.3355087637901306,-0.06860560178756714,-0.15194779634475708,0.006541192531585693,-0.12578165531158447,0.006590902805328369,-0.11960011720657349,-0.013918668031692505,-0.12617957592010498,-0.10508763790130615,-0.07446944713592529,0.015414595603942871,-0.044130921363830566,0.0028223395347595215,-0.0583416223526001,-0.02900657057762146,-0.07173073291778564,-0.10938030481338501,-0.0008308887481689453,0.004538774490356445,0.016476154327392578,-0.005040496587753296,0.007355749607086182,-0.03515058755874634,0.0013554096221923828,-0.10046637058258057,0.06848233938217163,-0.011155456304550171,0.0724337100982666,-0.015548408031463623,0.06326806545257568,-0.04306408762931824,0.06056714057922363
Thumbs_Up,0.0,0.0,0.029574662446975708,-0.06036800146102905,0.028296202421188354,-0.15949761867523193,0.015556871891021729,-0.2399207353591919,0.006314367055892944,-0.30152496695518494,-0.0484100878238678,-0.12662655115127563,0.024440616369247437,-0.11130213737487793,0.01289057731628418,-0.10729920864105225,-0.00901535153388977,-0.11409181356430054,-0.08369117975234985,-0.05382293462753296,0.043182969093322754,-0.02744680643081665,0.0147666335105896,-0.04405689239501953,-0.0213506817817688,-0.057015061378479004,-0.08405107259750366,0.016181349754333496,0.03421381115913391,0.029021263122558594,0.013025641441345215,0.021484732627868652,-0.019115984439849854,0.01828944683074951,-0.07384252548217773,0.08096754550933838,0.0186612606048584,0.08429789543151855,0.0054753124713897705,0.07632088661193848,-0.025582551956176758,0.0748748779296875
Thumbs_Up,0.0,0.0,0.028344392776489258,-0.058258116245269775,0.027713805437088013,-0.1531338095664978,0.01643192768096924,-0.23674803972244263,0.003892242908477783,-0.29981136322021484,-0.04102131724357605,-0.12080651521682739,0.03835555911064148,-0.11238175630569458,0.021812498569488525,-0.10520851612091064,-0.0038472115993499756,-0.11056888103485107,-0.07246431708335876,-0.048895835876464844,0.05958995223045349,-0.029352903366088867,0.024098634719848633,-0.04164308309555054,-0.015979230403900146,-0.05278480052947998,-0.0702088475227356,0.020198404788970947,0.05120980739593506,0.02634328603744507,0.023288071155548096,0.023525118827819824,-0.012658268213272095,0.021235764026641846,-0.05888259410858154,0.08359271287918091,0.03338596224784851,0.08221501111984253,0.015266865491867065,0.07568007707595825,-0.01847517490386963,0.07524007558822632
Thumbs_Up,0.0,0.0,0.022989362478256226,-0.05880016088485718,0.024984270334243774,-0.14529985189437866,0.01743188500404358,-0.2261161208152771,0.005267202854156494,-0.29035723209381104,-0.0305730402469635,-0.10940003395080566,0.0536629855632782,-0.10281014442443848,0.03284546732902527,-0.09436678886413574,0.00510019063949585,-0.0992136001586914,-0.055372923612594604,-0.03863304853439331,0.07255735993385315,-0.025572121143341064,0.03427210450172424,-0.03505736589431763,-0.007408052682876587,-0.04404008388519287,-0.05207750201225281,0.02902275323867798,0.06414341926574707,0.030628859996795654,0.034102410078048706,0.028527379035949707,-0.0019739866256713867,0.024996042251586914,-0.0418238639831543,0.09032332897186279,0.04708072543144226,0.0892525315284729,0.027187347412109375,0.07995390892028809,-0.006506890058517456,0.07726818323135376
Thumbs_Up,0.0,0.0,0.02030235528945923,-0.060704052448272705,0.017333567142486572,-0.1502615213394165,0.00729796290397644,-0.23208683729171753,-0.0052904486656188965,-0.2962278723716736,-0.03735324740409851,-0.11073029041290283,0.05020037293434143,-0.10847526788711548,0.031680524349212646,-0.09620672464370728,0.003067195415496826,-0.09917265176773071,-0.05994737148284912,-0.038787245750427246,0.06866106390953064,-0.03061455488204956,0.031615495681762695,-0.03690606355667114,-0.010286420583724976,-0.04398554563522339,-0.055483102798461914,0.028587937355041504,0.06119075417518616,0.025436103343963623,0.03219768404960632,0.02670806646347046,-0.004965543746948242,0.02640986442565918,-0.04384461045265198,0.08885705471038818,0.04618120193481445,0.084750235080719,0.027046173810958862,0.0755113959312439,-0.0071329474449157715,0.07224899530410767
Thumbs_Up,0.0,0.0,0.016792982816696167,-0.058961570262908936,0.010996073484420776,-0.1480400562286377,0.0009535551071166992,-0.22953957319259644,-0.012265205383300781,-0.2928375005722046,-0.03694260120391846,-0.10784971714019775,0.05270916223526001,-0.10676729679107666,0.03290274739265442,-0.0921979546546936,0.002713114023208618,-0.09200596809387207,-0.05774986743927002,-0.03604632616043091,0.06961458921432495,-0.0278204083442688,0.030603885650634766,-0.033244192600250244,-0.010617971420288086,-0.039405643939971924,-0.052948206663131714,0.03069281578063965,0.06163486838340759,0.028446555137634277,0.03208664059638977,0.02965444326400757,-0.004167795181274414,0.029372036457061768,-0.04074808955192566,0.09067642688751221,0.048014670610427856,0.08799600601196289,0.028461843729019165,0.07855308055877686,-0.005429714918136597,0.0747227668762207
Thumbs_Up,0.0,0.0,0.008989661931991577,-0.07240676879882812,0.012038826942443848,-0.1592903733253479,0.017266690731048584,-0.23419666290283203,0.014915406703948975,-0.30509504675865173,-0.018042653799057007,-0.12056785821914673,0.08281317353248596,-0.11183583736419678,0.06279784440994263,-0.1063728928565979,0.030878275632858276,-0.10853773355484009,-0.025432050228118896,-0.048503577709198,0.09200039505958557,-0.04551428556442261,0.05918705463409424,-0.04892545938491821,0.02022308111190796,-0.05149334669113159,-0.020156770944595337,0.01786673069000244,0.08731231093406677,0.014363706111907959,0.05875861644744873,0.012346029281616211,0.02213233709335327,0.005599379539489746,-0.009565025568008423,0.07551151514053345,0.07514885067939758,0.07144284248352051,0.0533965528011322,0.062205374240875244,0.01792284846305847,0.058538734912872314
Thumbs_Up,0.0,0.0,0.0036529600620269775,-0.08781176805496216,0.013416081666946411,-0.18007349967956543,0.022185325622558594,-0.2572324872016907,0.025732040405273438,-0.3251238465309143,0.00035706162452697754,-0.13013124465942383,0.09748762845993042,-0.12706971168518066,0.08309322595596313,-0.12135982513427734,0.05204179883003235,-0.12495559453964233,-0.005087316036224365,-0.057767629623413086,0.1053275465965271,-0.05767524242401123,0.078915536403656,-0.06014811992645264,0.04289427399635315,-0.06370800733566284,-0.003419429063796997,0.004874050617218018,0.09771883487701416,-0.0017127394676208496,0.07238936424255371,-0.008167743682861328,0.0389847457408905,-0.018513023853302002,0.002760559320449829,0.05543333292007446,0.07916468381881714,0.054519593715667725,0.06617379188537598,0.041116297245025635,0.039757370948791504,0.03435230255126953
Thumbs_Up,0.0,0.0,0.02141934633255005,-0.08989232778549194,0.053818583488464355,-0.19778966903686523,0.06661805510520935,-0.2757793068885803,0.06550893187522888,-0.3424000144004822,0.04652091860771179,-0.16658973693847656,0.13930630683898926,-0.16876906156539917,0.12222141027450562,-0.15158748626708984,0.09076610207557678,-0.1461765170097351,0.04528474807739258,-0.09923118352890015,0.14607995748519897,-0.1090850830078125,0.1212390661239624,-0.09830319881439209,0.08813485503196716,-0.09132039546966553,0.05319619178771973,-0.03434175252914429,0.14745211601257324,-0.05228865146636963,0.1210518479347229,-0.043898701667785645,0.08965444564819336,-0.03508424758911133,0.06603386998176575,0.02352088689804077,0.14117294549942017,-0.0013809800148010254,0.11848890781402588,0.001690685749053955,0.0863940417766571,0.0100136399269104
Thumbs_Up,0.0,0.0,0.02014586329460144,-0.08684319257736206,0.05337649583816528,-0.1933336853981018,0.06623199582099915,-0.2712860107421875,0.06430578231811523,-0.3373892307281494,0.0481208860874176,-0.1611841320991516,0.13954919576644897,-0.16576522588729858,0.1255173683166504,-0.15051496028900146,0.09666237235069275,-0.1461748480796814,0.047490596771240234,-0.09412658214569092,0.14634805917739868,-0.10815471410751343,0.12284678220748901,-0.0972256064414978,0.0895099937915802,-0.08898967504501343,0.0550236701965332,-0.0306052565574646,0.14578187465667725,-0.05125623941421509,0.12102562189102173,-0.04329264163970947,0.08933347463607788,-0.034403860569000244,0.06739094853401184,0.025634288787841797,0.14159250259399414,-0.001484990119934082,0.12052184343338013,0.0017362236976623535,0.08876088261604309,0.010127246379852295
Thumbs_Up,0.0,0.0,0.018160611391067505,-0.08716970682144165,0.05558222532272339,-0.18912822008132935,0.07655361294746399,-0.26117652654647827,0.08165192604064941,-0.3240612745285034,0.06987252831459045,-0.15533846616744995,0.15930894017219543,-0.1516284942626953,0.14247605204582214,-0.1372780203819275,0.11085125803947449,-0.1335078477859497,0.07304200530052185,-0.087063729763031,0.1667342483997345,-0.09251391887664795,0.14319750666618347,-0.08173167705535889,0.10543128848075867,-0.07452625036239624,0.07955542206764221,-0.02225184440612793,0.16298189759254456,-0.03673762083053589,0.13986876606941223,-0.02826458215713501,0.10600075125694275,-0.02173936367034912,0.08842536807060242,0.03647106885910034,0.15852949023246765,0.014653503894805908,0.13703861832618713,0.01777869462966919,0.10453861951828003,0.02268970012664795
Thumbs_Up,0.0,0.0,0.015015214681625366,-0.09031254053115845,0.0482574999332428,-0.19198930263519287,0.06944161653518677,-0.26751357316970825,0.07667464017868042,-0.3282428979873657,0.07879891991615295,-0.15181130170822144,0.16037985682487488,-0.14973294734954834,0.141444593667984,-0.14296704530715942,0.11151507496833801,-0.14021295309066772,0.08654376864433289,-0.08156347274780273,0.16903343796730042,-0.09476375579833984,0.14551416039466858,-0.09132128953933716,0.11267611384391785,-0.0845908522605896,0.09417778253555298,-0.01776033639907837,0.17260000109672546,-0.04194873571395874,0.14905759692192078,-0.039092183113098145,0.11797329783439636,-0.03191053867340088,0.10157173871994019,0.03897666931152344,0.1633158028125763,0.009021520614624023,0.141567200422287,0.012736499309539795,0.11461767554283142,0.022395610809326172
Thumbs_Up,0.0,0.0,0.010615795850753784,-0.0958254337310791,0.0398583710193634,-0.19228118658065796,0.0626072883605957,-0.2685503363609314,0.06895402073860168,-0.33131077885627747,0.08782553672790527,-0.15989762544631958,0.15758809447288513,-0.15565437078475952,0.1377219259738922,-0.14416807889938354,0.10912624001502991,-0.14214980602264404,0.09996286034584045,-0.09179669618606567,0.16609027981758118,-0.10194331407546997,0.14310142397880554,-0.09422904253005981,0.11396649479866028,-0.08705347776412964,0.10989841818809509,-0.02821439504623413,0.1731899082660675,-0.05198854207992554,0.1498832404613495,-0.04448831081390381,0.12177368998527527,-0.03491181135177612,0.11777910590171814,0.02941107749938965,0.16884037852287292,-0.003167867660522461,0.14543357491493225,0.0034670233726501465,0.1207568347454071,0.014848709106445312
Thumbs_Up,0.0,0.0,0.011009633541107178,-0.10020172595977783,0.03816783428192139,-0.19661778211593628,0.06014895439147949,-0.2750672698020935,0.06526127457618713,-0.3372225761413574,0.09000399708747864,-0.1658163070678711,0.15570595860481262,-0.16540062427520752,0.1372344195842743,-0.14818930625915527,0.1101020872592926,-0.14333301782608032,0.10595044493675232,-0.10010510683059692,0.1645977795124054,-0.11215639114379883,0.1438176929950714,-0.10070574283599854,0.11687275767326355,-0.09284520149230957,0.117957204580307,-0.03743922710418701,0.1726539433002472,-0.06398963928222656,0.15217325091362,-0.053633034229278564,0.12621274590492249,-0.042568206787109375,0.12650516629219055,0.0196341872215271,0.1693587601184845,-0.015532732009887695,0.14854267239570618,-0.007043004035949707,0.12703749537467957,0.005944669246673584
Thumbs_Up,0.0,0.0,0.010742157697677612,-0.10050863027572632,0.0367279052734375,-0.19088566303253174,0.058991968631744385,-0.2680426239967346,0.06402334570884705,-0.33011502027511597,0.09313642978668213,-0.16371214389801025,0.1557294726371765,-0.16244417428970337,0.13700085878372192,-0.14720213413238525,0.10972630977630615,-0.14209210872650146,0.11067706346511841,-0.09880250692367554,0.16283667087554932,-0.11185163259506226,0.14137917757034302,-0.10304003953933716,0.11551791429519653,-0.09450018405914307,0.12210738658905029,-0.0362933874130249,0.16956651210784912,-0.06423431634902954,0.14954304695129395,-0.05659240484237671,0.12490558624267578,-0.044295430183410645,0.1300947070121765,0.020316123962402344,0.16685616970062256,-0.016040146350860596,0.14676392078399658,-0.010626912117004395,0.12664806842803955,0.0025467872619628906
Thumbs_Up,0.0,0.0,0.012476861476898193,-0.10622185468673706,0.03823167085647583,-0.1937786340713501,0.06019628047943115,-0.26968884468078613,0.06489557027816772,-0.3302660584449768,0.1109241247177124,-0.17024892568588257,0.15998607873916626,-0.16753476858139038,0.1368277668952942,-0.15160447359085083,0.11017262935638428,-0.14560061693191528,0.12960612773895264,-0.10558998584747314,0.1655624508857727,-0.1179267168045044,0.14220482110977173,-0.10942935943603516,0.11757731437683105,-0.10019296407699585,0.13809651136398315,-0.04296994209289551,0.16898363828659058,-0.07030534744262695,0.14834022521972656,-0.06299060583114624,0.12420201301574707,-0.05064070224761963,0.1410844326019287,0.013094902038574219,0.16901898384094238,-0.022252559661865234,0.14927220344543457,-0.01928490400314331,0.12887191772460938,-0.007364153861999512
Thumbs_Up,0.0,0.0,0.012619644403457642,-0.10472077131271362,0.03810790181159973,-0.1879987120628357,0.061525195837020874,-0.26043808460235596,0.06636056303977966,-0.3201529383659363,0.1137811541557312,-0.16184204816818237,0.15827369689941406,-0.1535593867301941,0.1357610821723938,-0.1383625864982605,0.10983556509017944,-0.13252663612365723,0.1324063539505005,-0.09685391187667847,0.16435647010803223,-0.10252034664154053,0.1416681408882141,-0.09503680467605591,0.11658954620361328,-0.08707034587860107,0.13941830396652222,-0.03400754928588867,0.1654726266860962,-0.056372880935668945,0.1457868218421936,-0.04933387041091919,0.12153130769729614,-0.038850605487823486,0.14060050249099731,0.021747231483459473,0.16654318571090698,-0.00984799861907959,0.14727509021759033,-0.006894886493682861,0.12603700160980225,0.0024718046188354492
Thumbs_Up,0.0,0.0,0.014054208993911743,-0.10284548997879028,0.04090723395347595,-0.18396180868148804,0.06739151477813721,-0.2554006576538086,0.07604864239692688,-0.31264728307724,0.12459173798561096,-0.16607213020324707,0.1521904170513153,-0.14813250303268433,0.1305464208126068,-0.13091492652893066,0.10760018229484558,-0.1253894567489624,0.14361193776130676,-0.10337042808532715,0.16085317730903625,-0.09859228134155273,0.13800349831581116,-0.08948564529418945,0.11341753602027893,-0.0828104019165039,0.1484842598438263,-0.038937926292419434,0.1605762541294098,-0.052434563636779785,0.14053717255592346,-0.045189738273620605,0.11556091904640198,-0.0372958779335022,0.1469126045703888,0.02010709047317505,0.16065487265586853,-0.004461407661437988,0.14047494530677795,-0.0010411739349365234,0.11867675185203552,0.005889177322387695
Thumbs_Up,0.0,0.0,0.01003187894821167,-0.09844839572906494,0.03557026386260986,-0.17913925647735596,0.06199193000793457,-0.24875479936599731,0.07273450493812561,-0.30685722827911377,0.1276046335697174,-0.1612345576286316,0.1345592439174652,-0.1379660964012146,0.1113801896572113,-0.11838608980178833,0.09018239378929138,-0.11493009328842163,0.14756903052330017,-0.099642813205719,0.13790753483772278,-0.08367186784744263,0.11290362477302551,-0.07424288988113403,0.08952167630195618,-0.07152014970779419,0.15046027302742004,-0.03553706407546997,0.13486674427986145,-0.03520548343658447,0.11394771933555603,-0.027893543243408203,0.09095218777656555,-0.02399158477783203,0.14653989672660828,0.021908164024353027,0.13868209719657898,0.014470279216766357,0.11757364869117737,0.017888367176055908,0.09743401408195496,0.020208656787872314
Thumbs_Up,0.0,0.0,0.011030018329620361,-0.09823083877563477,0.03645133972167969,-0.18041998147964478,0.06146088242530823,-0.25080329179763794,0.07182621955871582,-0.30911460518836975,0.1326943039894104,-0.16036587953567505,0.12787985801696777,-0.1465294361114502,0.10235422849655151,-0.1270979642868042,0.0827561616897583,-0.12168323993682861,0.15242964029312134,-0.09807807207107544,0.13272684812545776,-0.09010910987854004,0.1073407530784607,-0.0809856653213501,0.08569413423538208,-0.07565033435821533,0.1541706919670105,-0.034330010414123535,0.12819832563400269,-0.037658870220184326,0.10716187953948975,-0.03145533800125122,0.08589684963226318,-0.026907026767730713,0.14918982982635498,0.02164071798324585,0.13408976793289185,0.01338106393814087,0.11273139715194702,0.01598280668258667,0.09432673454284668,0.01796966791152954
Thumbs_Up,0.0,0.0,0.009330302476882935,-0.10061275959014893,0.03299760818481445,-0.18221056461334229,0.05756273865699768,-0.25224024057388306,0.06953346729278564,-0.3103623390197754,0.13377165794372559,-0.15936392545700073,0.12375986576080322,-0.15113335847854614,0.09782671928405762,-0.13176143169403076,0.07908785343170166,-0.1239815354347229,0.1531786322593689,-0.09693396091461182,0.12883710861206055,-0.09488719701766968,0.10360115766525269,-0.0859418511390686,0.08301866054534912,-0.07821184396743774,0.15398365259170532,-0.03469365835189819,0.12539434432983398,-0.04358547925949097,0.10476815700531006,-0.03812253475189209,0.08470278978347778,-0.03197294473648071,0.14792096614837646,0.018877685070037842,0.1317455768585205,0.006625652313232422,0.11121833324432373,0.008971452713012695,0.09363412857055664,0.012516677379608154
Thumbs_Up,0.0,0.0,0.007532477378845215,-0.1020464301109314,0.03103700280189514,-0.18302005529403687,0.05596145987510681,-0.25376075506210327,0.06784820556640625,-0.3133698105812073,0.13398760557174683,-0.16133558750152588,0.12255144119262695,-0.1511809229850769,0.09592235088348389,-0.13165903091430664,0.07716143131256104,-0.12315768003463745,0.1535964012145996,-0.09913754463195801,0.12731271982192993,-0.09508556127548218,0.10139274597167969,-0.08564490079879761,0.08143627643585205,-0.07709091901779175,0.15400314331054688,-0.03714233636856079,0.12254804372787476,-0.044650375843048096,0.10183751583099365,-0.03925055265426636,0.08219242095947266,-0.033397018909454346,0.1478528380393982,0.01581394672393799,0.1294611692428589,0.005231499671936035,0.10965830087661743,0.007551372051239014,0.09274333715438843,0.01044762134552002
Thumbs_Up,0.0,0.0,0.009534060955047607,-0.10404407978057861,0.03352832794189453,-0.1851484179496765,0.05735400319099426,-0.2555803060531616,0.06938689947128296,-0.31395572423934937,0.13723301887512207,-0.15767866373062134,0.1240776777267456,-0.14865922927856445,0.09681588411331177,-0.1304316520690918,0.0782424807548523,-0.12220227718353271,0.1562972068786621,-0.09555137157440186,0.12803661823272705,-0.09303069114685059,0.10178405046463013,-0.08462750911712646,0.08221262693405151,-0.07654732465744019,0.15559548139572144,-0.03433173894882202,0.12250900268554688,-0.04391437768936157,0.10163873434066772,-0.0391499400138855,0.08245056867599487,-0.03356432914733887,0.14809703826904297,0.01737910509109497,0.12801122665405273,0.005543351173400879,0.10793375968933105,0.00711745023727417,0.09115588665008545,0.009665966033935547
Thumbs_Up,0.0,0.0,0.009711384773254395,-0.10412013530731201,0.032980144023895264,-0.18634217977523804,0.05652034282684326,-0.25687551498413086,0.06590944528579712,-0.3157033920288086,0.13661658763885498,-0.1539301872253418,0.12202972173690796,-0.1523885726928711,0.09503984451293945,-0.133822500705719,0.07662969827651978,-0.1228640079498291,0.15485727787017822,-0.09286528825759888,0.12834781408309937,-0.09648656845092773,0.10278838872909546,-0.08742386102676392,0.08311641216278076,-0.07637405395507812,0.1533958911895752,-0.03254044055938721,0.12367314100265503,-0.046253323554992676,0.10353964567184448,-0.0420796275138855,0.08339458703994751,-0.034778058528900146,0.14524376392364502,0.01910078525543213,0.12873274087905884,0.004864096641540527,0.10959762334823608,0.005955696105957031,0.09246969223022461,0.009574413299560547
Thumbs_Up,0.0,0.0,0.008638620376586914,-0.10242664813995361,0.03249192237854004,-0.18543297052383423,0.05746510624885559,-0.25705486536026,0.06919699907302856,-0.3169516921043396,0.13680654764175415,-0.15628671646118164,0.12299460172653198,-0.14884072542190552,0.09533709287643433,-0.12900829315185547,0.07544749975204468,-0.11852920055389404,0.15541589260101318,-0.09428507089614868,0.12576156854629517,-0.09114730358123779,0.09876471757888794,-0.08097237348556519,0.07883179187774658,-0.07183057069778442,0.15467065572738647,-0.03331369161605835,0.12085694074630737,-0.04049408435821533,0.10036683082580566,-0.03549307584762573,0.08076030015945435,-0.030279934406280518,0.14724355936050415,0.018417179584503174,0.12597310543060303,0.01022714376449585,0.10576450824737549,0.011100947856903076,0.0887451171875,0.012118935585021973
Thumbs_Up,0.0,0.0,0.009578824043273926,-0.10176068544387817,0.032997190952301025,-0.18178397417068481,0.05716991424560547,-0.2522117495536804,0.06796678900718689,-0.3105196952819824,0.13187623023986816,-0.15241801738739014,0.1287713646888733,-0.1438068151473999,0.10282957553863525,-0.12502998113632202,0.08213049173355103,-0.11648344993591309,0.14927303791046143,-0.08917540311813354,0.13012200593948364,-0.08553636074066162,0.1037377119064331,-0.07648199796676636,0.08290082216262817,-0.0688326358795166,0.14871609210968018,-0.026869118213653564,0.12542885541915894,-0.034316062927246094,0.10419946908950806,-0.029103577136993408,0.08299893140792847,-0.023395895957946777,0.14259737730026245,0.02658897638320923,0.12873470783233643,0.01621711254119873,0.10796040296554565,0.017184913158416748,0.0899842381477356,0.01953178644180298
Thumbs_Up,0.0,0.0,0.014188438653945923,-0.10200577974319458,0.03855445981025696,-0.18204790353775024,0.061129093170166016,-0.2531144618988037,0.0684637725353241,-0.3109416663646698,0.1272989809513092,-0.1476619839668274,0.15134701132774353,-0.1412636637687683,0.12715741991996765,-0.1291835904121399,0.10442689061164856,-0.12456881999969482,0.14462944865226746,-0.08592265844345093,0.15164193511009216,-0.08544313907623291,0.1279979646205902,-0.08037525415420532,0.10640326142311096,-0.07396501302719116,0.14577189087867737,-0.02436375617980957,0.1446867287158966,-0.03791165351867676,0.12516918778419495,-0.033633530139923096,0.10281834006309509,-0.026544570922851562,0.1419648826122284,0.029457151889801025,0.14502939581871033,0.010310471057891846,0.12548795342445374,0.012278318405151367,0.10638740658760071,0.018347442150115967
Thumbs_Up,0.0,0.0,0.017685681581497192,-0.10469061136245728,0.04659119248390198,-0.18976879119873047,0.06688287854194641,-0.2640979290008545,0.0685586929321289,-0.32372018694877625,0.11527103185653687,-0.15470588207244873,0.16227835416793823,-0.15387320518493652,0.14071917533874512,-0.1438578963279724,0.11613696813583374,-0.13993412256240845,0.131480872631073,-0.08934777975082397,0.16997140645980835,-0.10379016399383545,0.14903301000595093,-0.10022366046905518,0.12536990642547607,-0.09232395887374878,0.13782286643981934,-0.027608633041381836,0.16785234212875366,-0.05608624219894409,0.1486039161682129,-0.0515865683555603,0.12514936923980713,-0.04129171371459961,0.13837158679962158,0.026096343994140625,0.16609740257263184,-0.007146894931793213,0.14747381210327148,-0.006561279296875,0.12720352411270142,0.003072381019592285
Thumbs_Up,0.0,0.0,0.015470385551452637,-0.09882575273513794,0.044730931520462036,-0.1886346936225891,0.06564807891845703,-0.26303499937057495,0.06857079267501831,-0.3242971897125244,0.09833508729934692,-0.148934006690979,0.16076147556304932,-0.14743131399154663,0.14059698581695557,-0.13489115238189697,0.1125527024269104,-0.1294403076171875,0.11161148548126221,-0.0844307541847229,0.16668498516082764,-0.09369874000549316,0.14645171165466309,-0.08767271041870117,0.11902689933776855,-0.08027386665344238,0.11919248104095459,-0.02320551872253418,0.16511809825897217,-0.04559612274169922,0.14615237712860107,-0.03829824924468994,0.12123477458953857,-0.02820366621017456,0.12311011552810669,0.03227126598358154,0.1649773120880127,0.0032002925872802734,0.14559173583984375,0.007279932498931885,0.12402564287185669,0.017077326774597168
Thumbs_Up,0.0,0.0,0.017639994621276855,-0.09457677602767944,0.05226758122444153,-0.1893278956413269,0.07168018817901611,-0.26683783531188965,0.07366696000099182,-0.33097684383392334,0.09135985374450684,-0.14223694801330566,0.1688225269317627,-0.14113157987594604,0.1469065546989441,-0.13399875164031982,0.11903136968612671,-0.13183915615081787,0.09911850094795227,-0.07121855020523071,0.17471885681152344,-0.08675801753997803,0.1539243459701538,-0.08554768562316895,0.12343209981918335,-0.07884317636489868,0.10615915060043335,-0.008821427822113037,0.17021042108535767,-0.03295266628265381,0.14973998069763184,-0.03258633613586426,0.12108176946640015,-0.026205778121948242,0.1122780442237854,0.04521256685256958,0.16588395833969116,0.016747236251831055,0.14629286527633667,0.01721853017807007,0.12168174982070923,0.025222718715667725
Thumbs_Up,0.0,0.0,0.018419265747070312,-0.09004390239715576,0.05183258652687073,-0.18834668397903442,0.06576138734817505,-0.26809799671173096,0.06795665621757507,-0.3348306119441986,0.06719684600830078,-0.13365644216537476,0.1547459065914154,-0.1395922303199768,0.13032659888267517,-0.13537228107452393,0.09597808122634888,-0.13326144218444824,0.071664959192276,-0.05833625793457031,0.15690413117408752,-0.08098876476287842,0.13070937991142273,-0.08176487684249878,0.09557545185089111,-0.0734872817993164,0.07842692732810974,0.00602191686630249,0.15543952584266663,-0.02309250831604004,0.13029441237449646,-0.02458775043487549,0.09709149599075317,-0.016483783721923828,0.08647873997688293,0.05941486358642578,0.14995184540748596,0.029963433742523193,0.12807568907737732,0.028092563152313232,0.09934243559837341,0.03569453954696655
Thumbs_Up,0.0,0.0,0.022313714027404785,-0.08953076601028442,0.05876809358596802,-0.18883967399597168,0.06959062814712524,-0.2688310742378235,0.06661918759346008,-0.3378620445728302,0.05620652437210083,-0.13358700275421143,0.15632975101470947,-0.13625568151474,0.13818395137786865,-0.13528400659561157,0.10489675402641296,-0.13639748096466064,0.0569840669631958,-0.055643677711486816,0.1603439450263977,-0.0789530873298645,0.1384403109550476,-0.08454680442810059,0.10410329699516296,-0.0789794921875,0.0644126832485199,0.010824978351593018,0.1570339798927307,-0.017508745193481445,0.1350041627883911,-0.02539581060409546,0.10343876481056213,-0.02045983076095581,0.07547715306282043,0.06546211242675781,0.15039700269699097,0.034829914569854736,0.13134765625,0.025916695594787598,0.10153129696846008,0.03081536293029785
Thumbs_Up,0.0,0.0,0.024941593408584595,0.0498044490814209,0.06054612994194031,0.06775790452957153,0.08748739957809448,0.04487520456314087,0.09961336851119995,0.017565906047821045,0.0470462441444397,0.06121242046356201,0.10989999771118164,0.04538446664810181,0.10976684093475342,0.03333312273025513,0.0949627161026001,0.028743743896484375,0.03756016492843628,0.01166999340057373,0.10893881320953369,-0.01062929630279541,0.12004715204238892,-0.028258681297302246,0.11387735605239868,-0.03801882266998291,0.03395584225654602,-0.03801393508911133,0.1049889326095581,-0.053230106830596924,0.10687911510467529,-0.0634455680847168,0.09435278177261353,-0.07053202390670776,0.03288215398788452,-0.08124500513076782,0.09109622240066528,-0.09597170352935791,0.09494680166244507,-0.10297662019729614,0.0861155092716217,-0.10829442739486694
Thumbs_Up,0.0,0.0,0.020439863204956055,-0.08766144514083862,0.054262757301330566,-0.19167834520339966,0.06412860751152039,-0.26860982179641724,0.0570468008518219,-0.33555465936660767,0.03337785601615906,-0.1431160569190979,0.13505107164382935,-0.1447109580039978,0.11987262964248657,-0.13554221391677856,0.08450275659561157,-0.13019508123397827,0.029834985733032227,-0.06828969717025757,0.14061838388442993,-0.08367788791656494,0.1139214038848877,-0.07925254106521606,0.07438647747039795,-0.07282477617263794,0.03952687978744507,-0.0008488297462463379,0.1387750506401062,-0.027109086513519287,0.11154627799987793,-0.021995842456817627,0.07683292031288147,-0.01422208547592163,0.053372323513031006,0.054384708404541016,0.13251972198486328,0.025451958179473877,0.10676485300064087,0.02640819549560547,0.07036179304122925,0.03566867113113403
Thumbs_Up,0.0,0.0,0.02691560983657837,-0.09149700403213501,0.047066450119018555,-0.1833970546722412,0.050629258155822754,-0.2579886317253113,0.04520651698112488,-0.3257388472557068,0.007916957139968872,-0.11462002992630005,0.10678523778915405,-0.12405240535736084,0.09556436538696289,-0.11037290096282959,0.06474447250366211,-0.10707098245620728,0.0038078725337982178,-0.03611338138580322,0.11382919549942017,-0.06206226348876953,0.09381347894668579,-0.05532348155975342,0.06303128600120544,-0.05097562074661255,0.013028562068939209,0.02758544683456421,0.11685007810592651,-0.0028089284896850586,0.09556686878204346,0.0027388930320739746,0.06638181209564209,0.007571160793304443,0.027399718761444092,0.07702648639678955,0.1110566258430481,0.04970598220825195,0.0929136872291565,0.04940593242645264,0.06168064475059509,0.052944183349609375
Thumbs_Up,0.0,0.0,0.020427227020263672,-0.09620606899261475,0.032937049865722656,-0.19788414239883423,0.03647798299789429,-0.2763431668281555,0.03741174936294556,-0.34919342398643494,-0.00177803635597229,-0.12799149751663208,0.1000138521194458,-0.1347861886024475,0.08871439099311829,-0.12346541881561279,0.05700010061264038,-0.1230093240737915,-0.008915156126022339,-0.05104851722717285,0.104389488697052,-0.0674627423286438,0.0820065438747406,-0.06757605075836182,0.04957541823387146,-0.06815159320831299,-0.006391316652297974,0.013849496841430664,0.10143899917602539,-0.0027974843978881836,0.07731622457504272,-0.0047907233238220215,0.04643496870994568,-0.012190163135528564,0.00409284234046936,0.06367260217666626,0.08860510587692261,0.04857206344604492,0.07215571403503418,0.04422485828399658,0.040775448083877563,0.04449528455734253
Thumbs_Up,0.0,0.0,0.026629239320755005,-0.10039198398590088,0.03990107774734497,-0.20678842067718506,0.04339984059333801,-0.286257803440094,0.044303178787231445,-0.3604198694229126,-0.0011456012725830078,-0.14045053720474243,0.10259658098220825,-0.14814960956573486,0.09276625514030457,-0.13295364379882812,0.060645878314971924,-0.13299286365509033,-0.008394360542297363,-0.06337004899978638,0.10829856991767883,-0.0819697380065918,0.0865776538848877,-0.07801663875579834,0.05298781394958496,-0.07805567979812622,-0.004226773977279663,0.0026393532752990723,0.10573658347129822,-0.01742631196975708,0.08288577198982239,-0.017797768115997314,0.05165904760360718,-0.024213433265686035,0.008036315441131592,0.0536767840385437,0.0931413471698761,0.03517019748687744,0.0768657922744751,0.029060304164886475,0.04504677653312683,0.028166890144348145
Thumbs_Up,0.0,0.0,0.01609930396080017,-0.08618944883346558,0.024922549724578857,-0.18436956405639648,0.029950827360153198,-0.2650390863418579,0.027860254049301147,-0.339315801858902,-0.03256458044052124,-0.13809645175933838,0.07217302918434143,-0.1272919774055481,0.056762903928756714,-0.11137938499450684,0.021600037813186646,-0.1116289496421814,-0.043865203857421875,-0.0605546236038208,0.07817795872688293,-0.055524468421936035,0.05123206973075867,-0.055383384227752686,0.013591736555099487,-0.06290614604949951,-0.03960573673248291,0.009458780288696289,0.07571744918823242,0.00983285903930664,0.05018588900566101,0.011165261268615723,0.013189554214477539,0.0023249387741088867,-0.028569579124450684,0.06731373071670532,0.06455978751182556,0.06365197896957397,0.04630178213119507,0.05861997604370117,0.011895596981048584,0.057021915912628174
Thumbs_Up,0.0,0.0,0.024816304445266724,-0.07888251543045044,0.030905455350875854,-0.17533326148986816,0.027267038822174072,-0.2546840310096741,0.017516493797302246,-0.33117321133613586,-0.04135271906852722,-0.1430184245109558,0.06071987748146057,-0.11782968044281006,0.04439476132392883,-0.1074792742729187,0.0116366446018219,-0.1144176721572876,-0.05870351195335388,-0.06581461429595947,0.06787949800491333,-0.049886226654052734,0.0398888885974884,-0.054641664028167725,-0.0013252198696136475,-0.0657728910446167,-0.05668136477470398,0.006251633167266846,0.061028361320495605,0.01291269063949585,0.03837588429450989,0.009957194328308105,0.0013994872570037842,-0.00027436017990112305,-0.046301037073135376,0.0706300139427185,0.04758921265602112,0.06696516275405884,0.03051614761352539,0.05786454677581787,-0.0022222399711608887,0.05512070655822754
Thumbs_Up,0.0,0.0,0.0329136848449707,-0.06309753656387329,0.03361210227012634,-0.16608649492263794,0.02133968472480774,-0.2503393888473511,0.01143181324005127,-0.3157290816307068,-0.05445873737335205,-0.13956046104431152,0.023479938507080078,-0.11282235383987427,0.015740394592285156,-0.10825479030609131,-0.00808250904083252,-0.11635512113571167,-0.09060472249984741,-0.06622523069381714,0.033974021673202515,-0.03396683931350708,0.01169481873512268,-0.0494423508644104,-0.024699479341506958,-0.06371277570724487,-0.09440484642982483,0.005716979503631592,0.020910143852233887,0.026021480560302734,0.005944013595581055,0.017150044441223145,-0.024957478046417236,0.011073946952819824,-0.08688509464263916,0.07442653179168701,0.001982569694519043,0.08073210716247559,-0.006253272294998169,0.07488995790481567,-0.0335669219493866,0.07582962512969971
Thumbs_Up,0.0,0.0,0.026856303215026855,-0.07636493444442749,0.0217607319355011,-0.17629843950271606,0.010845333337783813,-0.25549817085266113,0.003345787525177002,-0.32525354623794556,-0.08494612574577332,-0.1533641219139099,6.213784217834473e-05,-0.12197566032409668,0.009685158729553223,-0.10821890830993652,-0.010991871356964111,-0.11449927091598511,-0.1152854859828949,-0.07692503929138184,0.0023731887340545654,-0.05007988214492798,0.004282265901565552,-0.05385851860046387,-0.024507790803909302,-0.06565171480178833,-0.12016002833843231,-0.004932284355163574,-0.00941401720046997,0.011383771896362305,-0.005788177251815796,0.006934940814971924,-0.033930301666259766,-0.0010455846786499023,-0.11317448318004608,0.06377309560775757,-0.025391072034835815,0.06901603937149048,-0.017224133014678955,0.061992347240448,-0.03861033916473389,0.057906270027160645
Thumbs_Up,0.0,0.0,0.020068585872650146,-0.08769327402114868,0.011921942234039307,-0.1859944462776184,0.006177395582199097,-0.26559978723526,0.00040093064308166504,-0.3333279490470886,-0.11148481070995331,-0.1666850447654724,-0.03688153624534607,-0.13910943269729614,-0.01141124963760376,-0.12422651052474976,-0.02076449990272522,-0.13067156076431274,-0.13994881510734558,-0.09118181467056274,-0.035357534885406494,-0.06258606910705566,-0.015656322240829468,-0.06486904621124268,-0.030551522970199585,-0.07844078540802002,-0.1462513655424118,-0.018227458000183105,-0.04250803589820862,0.0032425522804260254,-0.0246964693069458,-0.002846240997314453,-0.04199343919754028,-0.016328752040863037,-0.1392272710800171,0.04968583583831787,-0.05586874485015869,0.0617179274559021,-0.0370812714099884,0.051643967628479004,-0.04915538430213928,0.04021608829498291
Thumbs_Up,0.0,0.0,0.020025014877319336,-0.09611779451370239,0.006515234708786011,-0.200919508934021,-0.001799851655960083,-0.28124570846557617,-0.006786048412322998,-0.3495503067970276,-0.12835118174552917,-0.18036842346191406,-0.0666484534740448,-0.1590835452079773,-0.03303036093711853,-0.14080077409744263,-0.03993746638298035,-0.1491132378578186,-0.1583283543586731,-0.10741972923278809,-0.06405991315841675,-0.0842391848564148,-0.03344258666038513,-0.07988840341567993,-0.048499107360839844,-0.09284496307373047,-0.16544696688652039,-0.03485828638076782,-0.06714281439781189,-0.017917513847351074,-0.039802998304367065,-0.020455002784729004,-0.05698445439338684,-0.035292625427246094,-0.15941214561462402,0.03133898973464966,-0.07580888271331787,0.04211217164993286,-0.04878133535385132,0.03424727916717529,-0.05855414271354675,0.0221329927444458
Thumbs_Up,0.0,0.0,0.020300060510635376,-0.09966379404067993,0.00524488091468811,-0.20883572101593018,-0.00593489408493042,-0.2880174517631531,-0.011782675981521606,-0.35572338104248047,-0.1297302395105362,-0.1880488395690918,-0.0616706907749176,-0.16465944051742554,-0.030893653631210327,-0.14261651039123535,-0.045861244201660156,-0.14769279956817627,-0.16081008315086365,-0.11372792720794678,-0.06546550989151001,-0.0911681056022644,-0.03393441438674927,-0.08383756875991821,-0.055469512939453125,-0.09567469358444214,-0.16807821393013,-0.04066520929336548,-0.0720984935760498,-0.026303648948669434,-0.04145246744155884,-0.026304900646209717,-0.06271600723266602,-0.038829028606414795,-0.161862313747406,0.025269269943237305,-0.07892468571662903,0.034625113010406494,-0.050281256437301636,0.02815800905227661,-0.06355276703834534,0.017392873764038086
Thumbs_Up,0.0,0.0,0.01926526427268982,-0.1002267599105835,0.0035333633422851562,-0.21060824394226074,-0.008838951587677002,-0.28969627618789673,-0.014687269926071167,-0.35799604654312134,-0.13133762776851654,-0.19323670864105225,-0.06547877192497253,-0.16760629415512085,-0.033154308795928955,-0.14702433347702026,-0.04603689908981323,-0.1533564329147339,-0.1627447009086609,-0.11833620071411133,-0.06824928522109985,-0.09461784362792969,-0.034418731927871704,-0.08888816833496094,-0.05388626456260681,-0.10259175300598145,-0.16957661509513855,-0.04474359750747681,-0.0753277838230133,-0.029646575450897217,-0.043303847312927246,-0.03097224235534668,-0.06272873282432556,-0.04533189535140991,-0.16213996708393097,0.021788597106933594,-0.08121126890182495,0.03140896558761597,-0.05261963605880737,0.023584187030792236,-0.06510663032531738,0.010619699954986572
Thumbs_Up,0.0,0.0,0.019815295934677124,-0.09548896551132202,0.009303420782089233,-0.19896048307418823,0.0008675158023834229,-0.2798684239387512,-0.005899995565414429,-0.35092031955718994,-0.12309762835502625,-0.18138575553894043,-0.06013226509094238,-0.15970879793167114,-0.0256192684173584,-0.14133703708648682,-0.03281736373901367,-0.14866548776626587,-0.15318873524665833,-0.1071404218673706,-0.05486208200454712,-0.08466571569442749,-0.02124837040901184,-0.08136200904846191,-0.03641071915626526,-0.09577232599258423,-0.1605749875307083,-0.03454059362411499,-0.06110033392906189,-0.01710909605026245,-0.03080001473426819,-0.018869221210479736,-0.045892924070358276,-0.032575011253356934,-0.15561090409755707,0.03304380178451538,-0.073587566614151,0.045188724994659424,-0.04458695650100708,0.037508249282836914,-0.05178746581077576,0.024910807609558105
Thumbs_Up,0.0,0.0,0.021650195121765137,-0.09077686071395874,0.014204561710357666,-0.1919460892677307,0.005597054958343506,-0.2698092460632324,-0.002126932144165039,-0.33774006366729736,-0.11452694237232208,-0.1759803295135498,-0.04542803764343262,-0.15011698007583618,-0.016491293907165527,-0.13227444887161255,-0.02316516637802124,-0.13725072145462036,-0.1433410346508026,-0.10052013397216797,-0.04374024271965027,-0.07579940557479858,-0.017728149890899658,-0.0752297043800354,-0.02909749746322632,-0.08901870250701904,-0.15008381009101868,-0.027787625789642334,-0.04724222421646118,-0.008304297924041748,-0.024987101554870605,-0.01298224925994873,-0.03906157612800598,-0.027344048023223877,-0.1442122906446457,0.04013115167617798,-0.061000943183898926,0.05297648906707764,-0.038578420877456665,0.043921053409576416,-0.04815599322319031,0.030978679656982422
Thumbs_Up,0.0,0.0,0.020204007625579834,-0.09023863077163696,0.012475699186325073,-0.18998175859451294,0.002607673406600952,-0.26626092195510864,-0.006597757339477539,-0.33291029930114746,-0.10828304290771484,-0.1722780466079712,-0.04530856013298035,-0.14961320161819458,-0.016930341720581055,-0.13359695672988892,-0.017954766750335693,-0.1357433795928955,-0.13640111684799194,-0.09886658191680908,-0.03666207194328308,-0.07359790802001953,-0.01555374264717102,-0.07255339622497559,-0.02650722861289978,-0.08264154195785522,-0.14186233282089233,-0.02753525972366333,-0.03727099299430847,-0.008312642574310303,-0.022974222898483276,-0.012579500675201416,-0.04028406739234924,-0.024137496948242188,-0.13480466604232788,0.03983044624328613,-0.049028992652893066,0.05197882652282715,-0.033328622579574585,0.0413738489151001,-0.04792860150337219,0.029039502143859863
Thumbs_Up,0.0,0.0,0.027586698532104492,-0.071155846118927,0.020734190940856934,-0.17888176441192627,0.00787612795829773,-0.2614392638206482,-0.0008716285228729248,-0.32888203859329224,-0.0799875259399414,-0.15699708461761475,-0.004573643207550049,-0.12949997186660767,-0.0001506209373474121,-0.11803728342056274,-0.019344359636306763,-0.1239098310470581,-0.11344137787818909,-0.08198827505111694,0.007337331771850586,-0.05147212743759155,-0.0013532638549804688,-0.059287428855895996,-0.03346693515777588,-0.06936651468276978,-0.11705377697944641,-0.008702337741851807,-0.003762871026992798,0.008774280548095703,-0.009539306163787842,0.00430983304977417,-0.03925749659538269,0.00036650896072387695,-0.10972768068313599,0.062498629093170166,-0.022103160619735718,0.06576943397521973,-0.021294593811035156,0.05871784687042236,-0.0456070601940155,0.05573040246963501
Thumbs_Up,0.0,0.0,0.02634197473526001,-0.06973356008529663,0.024025797843933105,-0.16712725162506104,0.008599281311035156,-0.24685895442962646,-0.004826098680496216,-0.31165042519569397,-0.057830750942230225,-0.13007497787475586,0.018963128328323364,-0.11516189575195312,0.010136067867279053,-0.11228692531585693,-0.013932019472122192,-0.1178288459777832,-0.08855906128883362,-0.057508766651153564,0.03337705135345459,-0.035984575748443604,0.010972142219543457,-0.05041247606277466,-0.026377320289611816,-0.060230374336242676,-0.08910906314849854,0.012375295162200928,0.024978458881378174,0.02202785015106201,0.010060012340545654,0.01462632417678833,-0.021467983722686768,0.012116432189941406,-0.0779513418674469,0.07728946208953857,0.01319935917854309,0.07942819595336914,0.004800200462341309,0.07034361362457275,-0.022882729768753052,0.07011586427688599
Thumbs_Up,0.0,0.0,0.02325299382209778,-0.06566572189331055,0.016434460878372192,-0.15919798612594604,-0.0011454224586486816,-0.23872143030166626,-0.018846452236175537,-0.3008629083633423,-0.049019038677215576,-0.11422562599182129,0.03266361355781555,-0.1122441291809082,0.015608787536621094,-0.10292738676071167,-0.012116730213165283,-0.10386824607849121,-0.07265102863311768,-0.03834879398345947,0.0555955171585083,-0.03368145227432251,0.020892322063446045,-0.041424691677093506,-0.01979917287826538,-0.047807157039642334,-0.06647595763206482,0.030265986919403076,0.05052575469017029,0.02326798439025879,0.02411636710166931,0.02334839105606079,-0.011704742908477783,0.024324655532836914,-0.05184811353683472,0.09201622009277344,0.03629156947135925,0.07987666130065918,0.017716318368911743,0.07539689540863037,-0.015218019485473633,0.0787733793258667
Thumbs_Up,0.0,0.0,0.019042760133743286,-0.0678742527961731,0.01721632480621338,-0.15710335969924927,0.00367128849029541,-0.2374371886253357,-0.016651898622512817,-0.3027494549751282,-0.04146358370780945,-0.11033415794372559,0.060054272413253784,-0.10907214879989624,0.040239930152893066,-0.09692436456680298,0.006360501050949097,-0.0948590636253357,-0.05417618155479431,-0.03127223253250122,0.07329782843589783,-0.036234259605407715,0.03703823685646057,-0.03877609968185425,-0.006401240825653076,-0.04146295785903931,-0.04671362042427063,0.03703218698501587,0.06610891222953796,0.024219632148742676,0.0384654700756073,0.02441871166229248,-8.764863014221191e-05,0.023989498615264893,-0.03232666850090027,0.0987464189529419,0.04917722940444946,0.08359211683273315,0.028995633125305176,0.07687067985534668,-0.00475737452507019,0.0778760313987732
Thumbs_Up,0.0,0.0,0.020849168300628662,-0.06652241945266724,0.015033900737762451,-0.15866249799728394,5.0455331802368164e-05,-0.24298852682113647,-0.020382046699523926,-0.3060518801212311,-0.04784095287322998,-0.10781782865524292,0.04740515351295471,-0.11078780889511108,0.028670787811279297,-0.10094964504241943,-0.003938257694244385,-0.09954363107681274,-0.06397929787635803,-0.02826058864593506,0.06528010964393616,-0.035724520683288574,0.028272777795791626,-0.0399554967880249,-0.015336394309997559,-0.04109394550323486,-0.055419474840164185,0.04084968566894531,0.05987823009490967,0.025780856609344482,0.032660603523254395,0.026023268699645996,-0.005685269832611084,0.02721351385116577,-0.038432180881500244,0.1022600531578064,0.04542455077171326,0.08509886264801025,0.024785131216049194,0.07921630144119263,-0.00982743501663208,0.08103173971176147
Thumbs_Up,0.0,0.0,0.02216014266014099,-0.06902378797531128,0.01846081018447876,-0.16157853603363037,0.001739203929901123,-0.2447671890258789,-0.02211502194404602,-0.30738508701324463,-0.046233534812927246,-0.10721385478973389,0.051671773195266724,-0.10940122604370117,0.033018678426742554,-0.10002660751342773,-0.0002047419548034668,-0.09901672601699829,-0.05969506502151489,-0.024093449115753174,0.07020476460456848,-0.0344967246055603,0.03355851769447327,-0.0375635027885437,-0.010279864072799683,-0.03750044107437134,-0.05061829090118408,0.04570436477661133,0.06319215893745422,0.028374552726745605,0.03667330741882324,0.03001987934112549,-0.0016772449016571045,0.03280138969421387,-0.033837735652923584,0.10875904560089111,0.04857483506202698,0.08861047029495239,0.02794906497001648,0.0833444595336914,-0.00682377815246582,0.08727693557739258
Thumbs_Up,0.0,0.0,0.018491148948669434,-0.07139462232589722,0.017278701066970825,-0.1573481559753418,0.004415154457092285,-0.2375357747077942,-0.01743185520172119,-0.3031654953956604,-0.046053409576416016,-0.10291403532028198,0.04550740122795105,-0.10167831182479858,0.026621341705322266,-0.09395325183868408,-0.005029618740081787,-0.09382343292236328,-0.059578776359558105,-0.0200498104095459,0.06193697452545166,-0.03157168626785278,0.02955693006515503,-0.03479576110839844,-0.010608404874801636,-0.03531754016876221,-0.05154013633728027,0.04870647192001343,0.058579981327056885,0.02862149477005005,0.03397795557975769,0.030705511569976807,-0.0027777552604675293,0.03317445516586304,-0.03505748510360718,0.10968935489654541,0.04884117841720581,0.08900707960128784,0.02939024567604065,0.08363968133926392,-0.005111962556838989,0.0871543288230896
Thumbs_Up,0.0,0.0,0.011702924966812134,-0.08645623922348022,0.0088290274143219,-0.17656737565994263,0.002276510000228882,-0.2545545697212219,-0.020258426666259766,-0.3118610382080078,-0.05471965670585632,-0.09577512741088867,0.03515419363975525,-0.08905035257339478,0.02518591284751892,-0.09317725896835327,-0.004787147045135498,-0.09400039911270142,-0.05757012963294983,-0.011933445930480957,0.04847493767738342,-0.024444222450256348,0.034433513879776,-0.03686171770095825,0.006460100412368774,-0.038285791873931885,-0.047656506299972534,0.053131937980651855,0.04741200804710388,0.035029590129852295,0.03638216853141785,0.022330939769744873,0.0062205493450164795,0.02068430185317993,-0.030662328004837036,0.10641956329345703,0.0423794686794281,0.08820319175720215,0.034938424825668335,0.07833164930343628,0.008595973253250122,0.07952582836151123
Thumbs_Up,0.0,0.0,0.0013972818851470947,-0.08388680219650269,0.005137324333190918,-0.17091751098632812,-0.0035453438758850098,-0.2551296353340149,-0.019525736570358276,-0.32640039920806885,0.001977890729904175,-0.12159216403961182,0.08982837200164795,-0.13221633434295654,0.06436973810195923,-0.1370496153831482,0.03020504117012024,-0.12902402877807617,0.0014379024505615234,-0.04718303680419922,0.10393089056015015,-0.06748449802398682,0.08181631565093994,-0.07333332300186157,0.04887944459915161,-0.06770974397659302,0.0122031569480896,0.01909846067428589,0.104392409324646,-0.012641668319702148,0.08231920003890991,-0.01875603199005127,0.05421847105026245,-0.010836184024810791,0.026628702878952026,0.07593661546707153,0.09746891260147095,0.04097825288772583,0.07990574836730957,0.03396105766296387,0.04991710186004639,0.0413321852684021
Thumbs_Up,0.0,0.0,0.008446156978607178,-0.09131401777267456,0.0330333411693573,-0.1980963945388794,0.04267534613609314,-0.27675145864486694,0.038007140159606934,-0.33806079626083374,0.06479382514953613,-0.1613004207611084,0.1427183449268341,-0.17033427953720093,0.12319746613502502,-0.15966445207595825,0.09235581755638123,-0.15319037437438965,0.07634809613227844,-0.0916743278503418,0.15263864398002625,-0.11296671628952026,0.12911853194236755,-0.10607355833053589,0.09592226147651672,-0.09414404630661011,0.0879756510257721,-0.029456675052642822,0.15670230984687805,-0.05943340063095093,0.1352503001689911,-0.05263561010360718,0.10546031594276428,-0.04047578573226929,0.09982618689537048,0.024700462818145752,0.15599462389945984,-0.010555744171142578,0.13612714409828186,-0.004913806915283203,0.11031100153923035,0.0069963932037353516
Thumbs_Up,0.0,0.0,0.009607046842575073,-0.09273046255111694,0.03532063961029053,-0.19642263650894165,0.04740798473358154,-0.2744748592376709,0.04696360230445862,-0.3360929489135742,0.06677579879760742,-0.1580086350440979,0.14570271968841553,-0.1635933518409729,0.12354940176010132,-0.15473049879074097,0.09272277355194092,-0.15219849348068237,0.07830601930618286,-0.08798211812973022,0.15272343158721924,-0.10546720027923584,0.12869024276733398,-0.09982186555862427,0.09650290012359619,-0.08966606855392456,0.08956491947174072,-0.026120543479919434,0.1545795202255249,-0.051928162574768066,0.13223892450332642,-0.04668116569519043,0.1020473837852478,-0.03645092248916626,0.10041302442550659,0.02687835693359375,0.15390217304229736,-0.0052474141120910645,0.13273721933364868,-2.9802322387695312e-06,0.10702407360076904,0.01040571928024292
Thumbs_Up,0.0,0.0,0.010123461484909058,-0.09489691257476807,0.03691825270652771,-0.20106613636016846,0.04804357886314392,-0.28216755390167236,0.04466390609741211,-0.34548771381378174,0.06809896230697632,-0.15962588787078857,0.14879357814788818,-0.1656033992767334,0.1263742446899414,-0.15655803680419922,0.09436678886413574,-0.15366041660308838,0.07951116561889648,-0.08893060684204102,0.1552412509918213,-0.10546404123306274,0.13187390565872192,-0.10025966167449951,0.09915155172348022,-0.09027069807052612,0.09081888198852539,-0.025981485843658447,0.15687406063079834,-0.05012071132659912,0.13531643152236938,-0.04604136943817139,0.10449594259262085,-0.03626418113708496,0.1019660234451294,0.02831566333770752,0.15668976306915283,-0.0017195940017700195,0.1361512541770935,0.001603543758392334,0.1095728874206543,0.010775446891784668
Thumbs_Up,0.0,0.0,0.012310236692428589,-0.09134936332702637,0.047355592250823975,-0.18345975875854492,0.08500707149505615,-0.24645400047302246,0.1120038628578186,-0.294270396232605,0.07504796981811523,-0.15028345584869385,0.1477140188217163,-0.14869987964630127,0.12467843294143677,-0.14258277416229248,0.09487450122833252,-0.1392764449119568,0.08603990077972412,-0.08013182878494263,0.1525890827178955,-0.09770435094833374,0.13050580024719238,-0.0936160683631897,0.10141468048095703,-0.08358484506607056,0.09640693664550781,-0.01950383186340332,0.1544555425643921,-0.0462418794631958,0.13453799486160278,-0.040402770042419434,0.10825896263122559,-0.02925032377243042,0.1063387393951416,0.032562255859375,0.15705955028533936,-1.9431114196777344e-05,0.13853240013122559,0.005203068256378174,0.1156773567199707,0.018828749656677246
Thumbs_Up,0.0,0.0,0.015233159065246582,-0.09152883291244507,0.0514773428440094,-0.18052279949188232,0.08952251076698303,-0.2422986626625061,0.11582323908805847,-0.2880758047103882,0.08034840226173401,-0.1498030424118042,0.15069147944450378,-0.1485036015510559,0.12765493988990784,-0.13741469383239746,0.09707799553871155,-0.133928120136261,0.09169289469718933,-0.0811414122581482,0.15361502766609192,-0.0955166220664978,0.13127580285072327,-0.088112473487854,0.10173925757408142,-0.07957875728607178,0.10121223330497742,-0.020477235317230225,0.15475454926490784,-0.0435447096824646,0.13498958945274353,-0.036562561988830566,0.10827872157096863,-0.02632540464401245,0.10948148369789124,0.03175157308578491,0.1570282280445099,0.001444399356842041,0.13923236727714539,0.006370127201080322,0.11669853329658508,0.019658565521240234
Thumbs_Up,0.0,0.0,0.014087378978729248,-0.09077030420303345,0.05157354474067688,-0.17963188886642456,0.09061935544013977,-0.2419123649597168,0.11617740988731384,-0.2896333932876587,0.08047667145729065,-0.1483595371246338,0.15294620394706726,-0.14749103784561157,0.13022485375404358,-0.13605386018753052,0.09948483109474182,-0.1321253776550293,0.09181883931159973,-0.0797165036201477,0.15533629059791565,-0.09381318092346191,0.13357409834861755,-0.08650350570678711,0.10417911410331726,-0.07749056816101074,0.10153409838676453,-0.019360780715942383,0.1562376320362091,-0.04207181930541992,0.1369352638721466,-0.03568011522293091,0.11048069596290588,-0.025577545166015625,0.11035647988319397,0.0325656533241272,0.15899071097373962,0.0025884509086608887,0.1412760317325592,0.007457911968231201,0.11860135197639465,0.02034550905227661
Thumbs_Up,0.0,0.0,0.009462863206863403,-0.0931016206741333,0.04028269648551941,-0.18798887729644775,0.06930825114250183,-0.25605684518814087,0.08841755986213684,-0.3088840842247009,0.08018222451210022,-0.1493149995803833,0.151096910238266,-0.1497112512588501,0.1266706883907318,-0.14049077033996582,0.09585919976234436,-0.13835424184799194,0.09286496043205261,-0.07890260219573975,0.15423855185508728,-0.09521931409835815,0.13054296374320984,-0.09031105041503906,0.10071143507957458,-0.08276116847991943,0.10226473212242126,-0.017785727977752686,0.15485051274299622,-0.04394596815109253,0.13424161076545715,-0.03758513927459717,0.10794302821159363,-0.02775585651397705,0.10970589518547058,0.033971428871154785,0.15538832545280457,0.0013422966003417969,0.13599535822868347,0.006854057312011719,0.11376383900642395,0.020035922527313232
Thumbs_Up,0.0,0.0,0.007386952638626099,-0.09711021184921265,0.02698570489883423,-0.18551957607269287,0.03713101148605347,-0.25972169637680054,0.03163027763366699,-0.32176610827445984,0.08468568325042725,-0.1497349739074707,0.1448885202407837,-0.14256131649017334,0.12201964855194092,-0.13008946180343628,0.09312361478805542,-0.12804365158081055,0.09920161962509155,-0.08315092325210571,0.14753657579421997,-0.0880134105682373,0.12530004978179932,-0.08245879411697388,0.09877753257751465,-0.07721966505050659,0.10786974430084229,-0.020752370357513428,0.14859241247177124,-0.039324283599853516,0.12912869453430176,-0.03250962495803833,0.10475325584411621,-0.023480236530303955,0.11336338520050049,0.03344285488128662,0.1482759714126587,0.006559967994689941,0.1297318935394287,0.010455608367919922,0.10980826616287231,0.019725441932678223
Thumbs_Up,0.0,0.0,0.007858842611312866,-0.09874778985977173,0.028993427753448486,-0.1876409649848938,0.04232260584831238,-0.2613782286643982,0.038862913846969604,-0.3219637870788574,0.09273472428321838,-0.15390866994857788,0.15001270174980164,-0.14650750160217285,0.12695029377937317,-0.13265305757522583,0.09840628504753113,-0.12937122583389282,0.10812166333198547,-0.08763676881790161,0.15218797326087952,-0.09235191345214844,0.12919846177101135,-0.08600813150405884,0.10248419642448425,-0.07975846529006958,0.11617204546928406,-0.025360167026519775,0.1531534492969513,-0.044536054134368896,0.13327035307884216,-0.03703761100769043,0.10902515053749084,-0.02664083242416382,0.12049344182014465,0.029502272605895996,0.15279331803321838,0.0005128383636474609,0.1338869035243988,0.00505298376083374,0.11427280306816101,0.015944242477416992
Thumbs_Up,0.0,0.0,0.013651072978973389,-0.09597182273864746,0.03449374437332153,-0.18077653646469116,0.044287145137786865,-0.25482749938964844,0.03982454538345337,-0.3138890564441681,0.1150749921798706,-0.15447139739990234,0.15141505002975464,-0.13625264167785645,0.133003830909729,-0.11660683155059814,0.1083340048789978,-0.1158033013343811,0.1327284574508667,-0.09137177467346191,0.14515691995620728,-0.07113528251647949,0.12204468250274658,-0.06421095132827759,0.09507560729980469,-0.06895971298217773,0.13717544078826904,-0.027083277702331543,0.13995885848999023,-0.023870348930358887,0.12075644731521606,-0.01881319284439087,0.09643304347991943,-0.021710515022277832,0.13550561666488647,0.03025919198989868,0.14446061849594116,0.023367464542388916,0.12443959712982178,0.02204960584640503,0.10202974081039429,0.017492294311523438
Thumbs_Up,0.0,0.0,0.006975710391998291,-0.09716558456420898,0.01762029528617859,-0.1790682077407837,0.015893369913101196,-0.25113046169281006,0.0025977790355682373,-0.3071855306625366,0.11566197872161865,-0.15544402599334717,0.11992698907852173,-0.13636118173599243,0.09952747821807861,-0.11738556623458862,0.07794779539108276,-0.11428922414779663,0.13701403141021729,-0.09387469291687012,0.1190991997718811,-0.07209503650665283,0.09497159719467163,-0.06393849849700928,0.07247555255889893,-0.06520980596542358,0.14290505647659302,-0.030792295932769775,0.11418873071670532,-0.021076202392578125,0.09431201219558716,-0.01576787233352661,0.07397991418838501,-0.018394947052001953,0.14095944166183472,0.025535106658935547,0.11963826417922974,0.031122446060180664,0.09884846210479736,0.029364287853240967,0.08064615726470947,0.02198803424835205
Thumbs_Up,0.0,0.0,0.009261339902877808,-0.09875214099884033,0.02161848545074463,-0.180223286151886,0.018252551555633545,-0.25123482942581177,0.0008250176906585693,-0.3054601550102234,0.11475241184234619,-0.15973049402236938,0.1217537522315979,-0.13697195053100586,0.10291421413421631,-0.11613744497299194,0.08172214031219482,-0.11182570457458496,0.13685166835784912,-0.09807902574539185,0.1219477653503418,-0.07342725992202759,0.09850835800170898,-0.06414610147476196,0.07552838325500488,-0.06513106822967529,0.14407604932785034,-0.034054338932037354,0.11835002899169922,-0.023504436016082764,0.09839016199111938,-0.01717454195022583,0.07758831977844238,-0.019245564937591553,0.14273101091384888,0.0229528546333313,0.1227232813835144,0.028313040733337402,0.10185366868972778,0.028391897678375244,0.0830225944519043,0.023243308067321777
Thumbs_Up,0.0,0.0,0.009945183992385864,-0.09811460971832275,0.023894459009170532,-0.18063241243362427,0.02014860510826111,-0.2510329484939575,0.003164440393447876,-0.30525922775268555,0.11437490582466125,-0.15727019309997559,0.12581995129585266,-0.13994640111923218,0.10582157969474792,-0.12063604593276978,0.08423396944999695,-0.11604982614517212,0.13612517714500427,-0.09595459699630737,0.12772855162620544,-0.07407134771347046,0.10455700755119324,-0.06538492441177368,0.08131065964698792,-0.06592810153961182,0.1434975564479828,-0.03221839666366577,0.12292304635047913,-0.023296475410461426,0.10277941823005676,-0.016741693019866943,0.08141002058982849,-0.018452763557434082,0.14246061444282532,0.024692177772521973,0.1266244351863861,0.027995944023132324,0.10592111945152283,0.02836543321609497,0.08706852793693542,0.023704707622528076
Thumbs_Up,0.0,0.0,0.011932998895645142,-0.09792423248291016,0.02740377187728882,-0.18022894859313965,0.025519490242004395,-0.25139331817626953,0.009814560413360596,-0.3058105707168579,0.11393284797668457,-0.16404974460601807,0.13219916820526123,-0.1471858024597168,0.11615645885467529,-0.1252802014350891,0.09579586982727051,-0.1191139817237854,0.13684183359146118,-0.1032755970954895,0.13478577136993408,-0.08227217197418213,0.11331230401992798,-0.07200223207473755,0.08976924419403076,-0.07193577289581299,0.14597022533416748,-0.03947579860687256,0.12991327047348022,-0.03158301115036011,0.11071091890335083,-0.024075448513031006,0.08886086940765381,-0.02454286813735962,0.1466946005821228,0.018300175666809082,0.13348859548568726,0.01950019598007202,0.11391502618789673,0.020619690418243408,0.09503483772277832,0.016903340816497803
Thumbs_Up,0.0,0.0,0.006977438926696777,-0.09786397218704224,0.022362560033798218,-0.17887604236602783,0.03403225541114807,-0.25070619583129883,0.033973485231399536,-0.3083629608154297,0.11061021685600281,-0.1544177532196045,0.12021741271018982,-0.13423150777816772,0.09992524981498718,-0.1142503023147583,0.07876196503639221,-0.10936659574508667,0.13275739550590515,-0.09244471788406372,0.12279263138771057,-0.07152342796325684,0.10012921690940857,-0.06316012144088745,0.07842573523521423,-0.06298106908798218,0.1385672390460968,-0.027695178985595703,0.11769130825996399,-0.020737826824188232,0.09764644503593445,-0.01474308967590332,0.07729855179786682,-0.014737308025360107,0.1366468369960785,0.03112053871154785,0.12297359108924866,0.03237122297286987,0.10226306319236755,0.03247004747390747,0.08381643891334534,0.029189646244049072
Thumbs_Up,0.0,0.0,0.010541588068008423,-0.09850311279296875,0.028836041688919067,-0.17963403463363647,0.04211875796318054,-0.24890434741973877,0.04397657513618469,-0.30369794368743896,0.11549243330955505,-0.1586366891860962,0.13113251328468323,-0.1378428339958191,0.1122831404209137,-0.11734157800674438,0.09186765551567078,-0.11337810754776001,0.13795438408851624,-0.0950092077255249,0.13271966576576233,-0.07305437326431274,0.1105366051197052,-0.06507277488708496,0.0883421003818512,-0.0665978193283081,0.14462414383888245,-0.0294153094291687,0.12576541304588318,-0.022508323192596436,0.10626110434532166,-0.01639401912689209,0.08541449904441833,-0.017151057720184326,0.14331582188606262,0.0295448899269104,0.1296810805797577,0.030688107013702393,0.10947689414024353,0.031230628490447998,0.09095188975334167,0.02757936716079712
Thumbs_Up,0.0,0.0,0.012310445308685303,-0.09859049320220947,0.03369942307472229,-0.17888951301574707,0.051070958375930786,-0.24838966131210327,0.05469617247581482,-0.30458784103393555,0.11798366904258728,-0.15705305337905884,0.1351461112499237,-0.13603192567825317,0.11667469143867493,-0.11492592096328735,0.09561517834663391,-0.11002558469772339,0.1403847634792328,-0.09194868803024292,0.13600656390190125,-0.06912040710449219,0.11241891980171204,-0.06086313724517822,0.08836135268211365,-0.06281536817550659,0.14640262722969055,-0.025201916694641113,0.13001278042793274,-0.017761290073394775,0.10976472496986389,-0.012115836143493652,0.0874837338924408,-0.013711392879486084,0.14391544461250305,0.03445488214492798,0.13254812359809875,0.03536355495452881,0.11218735575675964,0.03570294380187988,0.09242495894432068,0.031084656715393066
Thumbs_Up,0.0,0.0,0.01109391450881958,-0.09697610139846802,0.03039422631263733,-0.1788567304611206,0.04721519351005554,-0.2503051161766052,0.05146297812461853,-0.307131290435791,0.11484327912330627,-0.15064769983291626,0.13767024874687195,-0.13202351331710815,0.12030699849128723,-0.1131596565246582,0.10028484463691711,-0.10893386602401733,0.1346277892589569,-0.08531975746154785,0.1334349811077118,-0.06652545928955078,0.11050102114677429,-0.059345245361328125,0.08748283982276917,-0.060467541217803955,0.13943102955818176,-0.019536197185516357,0.12696430087089539,-0.016272127628326416,0.1069236695766449,-0.010744214057922363,0.08548018336296082,-0.010697424411773682,0.13726124167442322,0.03886747360229492,0.13134881854057312,0.036493659019470215,0.11113789677619934,0.03757798671722412,0.09228995442390442,0.03609275817871094
Thumbs_Up,0.0,0.0,0.008854538202285767,-0.10360276699066162,0.02546602487564087,-0.18145668506622314,0.040264129638671875,-0.2567809224128723,0.0439610481262207,-0.32056885957717896,0.12860393524169922,-0.14028191566467285,0.1210065484046936,-0.14174604415893555,0.09541696310043335,-0.12419438362121582,0.07682293653488159,-0.11312782764434814,0.1464005708694458,-0.07372581958770752,0.12328296899795532,-0.08275562524795532,0.0996924638748169,-0.07636517286300659,0.08098065853118896,-0.06728905439376831,0.14434278011322021,-0.011302769184112549,0.11774599552154541,-0.029467463493347168,0.0987386703491211,-0.024497151374816895,0.07938152551651001,-0.01722872257232666,0.13660621643066406,0.03903073072433472,0.12042981386184692,0.025349676609039307,0.10201531648635864,0.025667548179626465,0.08561378717422485,0.02818739414215088
Thumbs_Up,0.0,0.0,0.008767277002334595,-0.1058550477027893,0.026880979537963867,-0.1824932098388672,0.0445401668548584,-0.2557199001312256,0.04820936918258667,-0.3155519962310791,0.13061916828155518,-0.13442569971084595,0.11628478765487671,-0.13688445091247559,0.09050369262695312,-0.12172591686248779,0.07397359609603882,-0.11042487621307373,0.14725804328918457,-0.06741863489151001,0.12249141931533813,-0.0801095962524414,0.10085737705230713,-0.07556349039077759,0.08477765321731567,-0.06542140245437622,0.14353793859481812,-0.006539762020111084,0.11691868305206299,-0.03029501438140869,0.09862691164016724,-0.02744525671005249,0.082192063331604,-0.0188024640083313,0.13346660137176514,0.040759146213531494,0.11830610036849976,0.02218860387802124,0.100799560546875,0.021321654319763184,0.08652365207672119,0.0256614089012146
Thumbs_Up,0.0,0.0,0.01610952615737915,-0.10106176137924194,0.03911930322647095,-0.17460209131240845,0.05809396505355835,-0.24621474742889404,0.0633382797241211,-0.30731070041656494,0.14017343521118164,-0.12913942337036133,0.12821203470230103,-0.1311848759651184,0.10129153728485107,-0.11592531204223633,0.08353656530380249,-0.10583770275115967,0.1547829508781433,-0.0635228157043457,0.13574224710464478,-0.07687163352966309,0.11202806234359741,-0.07215160131454468,0.09277772903442383,-0.0636642575263977,0.149086594581604,-0.0036229491233825684,0.1265590786933899,-0.027537226676940918,0.10679429769515991,-0.02471059560775757,0.08713525533676147,-0.01772671937942505,0.13731497526168823,0.043558478355407715,0.12359070777893066,0.024293720722198486,0.10557413101196289,0.022799670696258545,0.08956170082092285,0.025462210178375244
Thumbs_Up,0.0,0.0,0.011363625526428223,-0.09829831123352051,0.03247106075286865,-0.1710444688796997,0.051875531673431396,-0.24143284559249878,0.05787867307662964,-0.3016934394836426,0.13170480728149414,-0.127760648727417,0.11676299571990967,-0.12831896543502808,0.09095752239227295,-0.11378568410873413,0.07361119985580444,-0.10338127613067627,0.14659279584884644,-0.06476527452468872,0.11928623914718628,-0.07508504390716553,0.09628468751907349,-0.07050919532775879,0.07871544361114502,-0.06255871057510376,0.14182555675506592,-0.006428658962249756,0.11281198263168335,-0.02663189172744751,0.09445172548294067,-0.024444282054901123,0.07671201229095459,-0.018493831157684326,0.13069307804107666,0.04008740186691284,0.11123603582382202,0.023701071739196777,0.09347814321517944,0.021545827388763428,0.07819616794586182,0.022678673267364502
Thumbs_Up,0.0,0.0,0.0107651948928833,-0.09874111413955688,0.03372597694396973,-0.17229801416397095,0.05414903163909912,-0.2390318512916565,0.058363914489746094,-0.29571205377578735,0.1322561502456665,-0.12708258628845215,0.1158837080001831,-0.12353557348251343,0.09122622013092041,-0.10917097330093384,0.07373714447021484,-0.0992891788482666,0.1456654667854309,-0.06603217124938965,0.12034910917282104,-0.07144486904144287,0.09840267896652222,-0.06564682722091675,0.08119702339172363,-0.058347105979919434,0.1402716040611267,-0.008747756481170654,0.11445540189743042,-0.024348199367523193,0.09655356407165527,-0.021038949489593506,0.0790257453918457,-0.016163170337677002,0.12769478559494019,0.03718322515487671,0.11102807521820068,0.0237351655960083,0.09460592269897461,0.021608471870422363,0.07970857620239258,0.021299660205841064
Thumbs_Up,0.0,0.0,0.01170194149017334,-0.09472358226776123,0.03415757417678833,-0.16453057527542114,0.05316305160522461,-0.22539407014846802,0.054101645946502686,-0.2789362668991089,0.12969374656677246,-0.11974704265594482,0.11473143100738525,-0.1204063892364502,0.08992260694503784,-0.10670751333236694,0.073123037815094,-0.09567439556121826,0.14310282468795776,-0.06217551231384277,0.11906355619430542,-0.07167553901672363,0.09715598821640015,-0.06583333015441895,0.08042997121810913,-0.05642688274383545,0.1386502981185913,-0.008667051792144775,0.11261874437332153,-0.02706754207611084,0.09444904327392578,-0.02350592613220215,0.0767894983291626,-0.016889214515686035,0.12753266096115112,0.034096479415893555,0.10991549491882324,0.019479453563690186,0.09356826543807983,0.018203318119049072,0.07874929904937744,0.01965808868408203
Thumbs_Up,0.0,0.0,0.00978231430053711,-0.09325003623962402,0.032885968685150146,-0.1619519591331482,0.052420616149902344,-0.22155636548995972,0.05480039119720459,-0.27343758940696716,0.12935340404510498,-0.11646795272827148,0.11520802974700928,-0.11136490106582642,0.0920877456665039,-0.10013049840927124,0.07516586780548096,-0.0922437310218811,0.14118194580078125,-0.06109040975570679,0.1183478832244873,-0.06534826755523682,0.09833109378814697,-0.06095165014266968,0.08232831954956055,-0.05429577827453613,0.13582909107208252,-0.009162366390228271,0.11187297105789185,-0.02367931604385376,0.09561079740524292,-0.021127939224243164,0.07895427942276001,-0.016734719276428223,0.12417244911193848,0.03270578384399414,0.10836100578308105,0.021466434001922607,0.09318715333938599,0.01932811737060547,0.07861268520355225,0.01897907257080078
Thumbs_Up,0.0,0.0,0.006713747978210449,-0.09192407131195068,0.025504589080810547,-0.15971916913986206,0.042160630226135254,-0.2183184027671814,0.04450923204421997,-0.2691199779510498,0.11969566345214844,-0.11161220073699951,0.10642534494400024,-0.10645341873168945,0.08515608310699463,-0.09656548500061035,0.06931453943252563,-0.09020090103149414,0.131111741065979,-0.057259976863861084,0.108548104763031,-0.06051152944564819,0.09001308679580688,-0.057210326194763184,0.0747498869895935,-0.05156505107879639,0.12578630447387695,-0.00689697265625,0.10158354043960571,-0.01936119794845581,0.08642798662185669,-0.01717323064804077,0.07112979888916016,-0.013304948806762695,0.11410081386566162,0.03341394662857056,0.09816455841064453,0.024544894695281982,0.08372080326080322,0.02237260341644287,0.0698244571685791,0.021756649017333984
Thumbs_Up,0.0,0.0,0.003800332546234131,-0.09003162384033203,0.020398497581481934,-0.15693295001983643,0.0357588529586792,-0.2147694230079651,0.03842604160308838,-0.2640741467475891,0.11233079433441162,-0.11129873991012573,0.10043841600418091,-0.1071779727935791,0.0797073245048523,-0.09750092029571533,0.06488144397735596,-0.09096592664718628,0.12398743629455566,-0.05892801284790039,0.10058736801147461,-0.06270146369934082,0.08214044570922852,-0.05902099609375,0.06867349147796631,-0.052856504917144775,0.11950165033340454,-0.010150551795959473,0.09512269496917725,-0.02236276865005493,0.07993865013122559,-0.01979750394821167,0.06647104024887085,-0.01529926061630249,0.10884475708007812,0.02912658452987671,0.09269195795059204,0.019978821277618408,0.07823681831359863,0.018889427185058594,0.06564432382583618,0.0194665789604187
Thumbs_Up,0.0,0.0,-0.0020894408226013184,-0.08329170942306519,0.00899660587310791,-0.14695924520492554,0.020917952060699463,-0.20366013050079346,0.022921502590179443,-0.2485945224761963,0.0947461724281311,-0.10267430543899536,0.07960158586502075,-0.09656614065170288,0.061470866203308105,-0.08838546276092529,0.0487746000289917,-0.08225011825561523,0.10436177253723145,-0.05451631546020508,0.08266061544418335,-0.05333751440048218,0.0668339729309082,-0.0521816611289978,0.05494701862335205,-0.046587586402893066,0.09915703535079956,-0.009374439716339111,0.07808756828308105,-0.014889717102050781,0.06442630290985107,-0.013894438743591309,0.052822887897491455,-0.010102331638336182,0.08794128894805908,0.027562499046325684,0.07317525148391724,0.023322105407714844,0.05984872579574585,0.021092534065246582,0.048757851123809814,0.020513832569122314
Thumbs_Up,0.0,0.0,-0.0008996129035949707,-0.0817800760269165,0.011305093765258789,-0.143707275390625,0.0227087140083313,-0.1983017921447754,0.02348315715789795,-0.24098682403564453,0.08963358402252197,-0.10393404960632324,0.07873862981796265,-0.09715908765792847,0.06084471940994263,-0.08949428796768188,0.04825097322463989,-0.08443093299865723,0.09836602210998535,-0.05761110782623291,0.08207440376281738,-0.05494886636734009,0.06706023216247559,-0.054173409938812256,0.055705368518829346,-0.04904109239578247,0.09314519166946411,-0.013538002967834473,0.07589930295944214,-0.01788496971130371,0.06272602081298828,-0.017258763313293457,0.05084681510925293,-0.013420939445495605,0.08261281251907349,0.02236616611480713,0.07008421421051025,0.019057273864746094,0.05767863988876343,0.017396092414855957,0.046982526779174805,0.01781708002090454
Thumbs_Up,0.0,0.0,-0.0036181211471557617,-0.0763101577758789,0.0065427422523498535,-0.13718003034591675,0.016684114933013916,-0.1904955506324768,0.017410635948181152,-0.23053193092346191,0.07932150363922119,-0.09866136312484741,0.06824803352355957,-0.09350955486297607,0.05123049020767212,-0.0875207781791687,0.0396038293838501,-0.08290702104568481,0.08797943592071533,-0.05417823791503906,0.07248103618621826,-0.05172544717788696,0.058679938316345215,-0.05114823579788208,0.04829072952270508,-0.04618149995803833,0.0836990475654602,-0.012145638465881348,0.06672561168670654,-0.015243113040924072,0.05401110649108887,-0.014936685562133789,0.04321485757827759,-0.011236011981964111,0.07420337200164795,0.02232372760772705,0.061389803886413574,0.020331501960754395,0.04894542694091797,0.01883530616760254,0.039089202880859375,0.020033955574035645
Thumbs_Up,0.0,0.0,-0.005878627300262451,-0.07596105337142944,0.0030257105827331543,-0.1355552077293396,0.013132631778717041,-0.18712252378463745,0.01460045576095581,-0.22613686323165894,0.07469135522842407,-0.09700411558151245,0.06255114078521729,-0.09585696458816528,0.045137226581573486,-0.08956527709960938,0.03401303291320801,-0.08279132843017578,0.08216577768325806,-0.05421870946884155,0.067527174949646,-0.0563204288482666,0.05333971977233887,-0.05559128522872925,0.04353129863739014,-0.04852849245071411,0.07715541124343872,-0.013825297355651855,0.06429529190063477,-0.021074116230010986,0.051255881786346436,-0.020215511322021484,0.04059958457946777,-0.0143510103225708,0.06743782758712769,0.019659459590911865,0.05853492021560669,0.013990938663482666,0.04642176628112793,0.01304537057876587,0.03710639476776123,0.016471385955810547
Thumbs_Up,0.0,0.0,-0.006778836250305176,-0.07372462749481201,0.0013898015022277832,-0.1316303014755249,0.011102437973022461,-0.1829330325126648,0.011970937252044678,-0.2210713028907776,0.07207763195037842,-0.09291839599609375,0.058686912059783936,-0.08974409103393555,0.04199773073196411,-0.08355844020843506,0.03161752223968506,-0.07792794704437256,0.08020132780075073,-0.051410794258117676,0.06417596340179443,-0.051071107387542725,0.05052316188812256,-0.05027782917022705,0.04137098789215088,-0.04419630765914917,0.0760297179222107,-0.011848270893096924,0.06252878904342651,-0.01712745428085327,0.05002152919769287,-0.01608574390411377,0.03977096080780029,-0.010961830615997314,0.06694334745407104,0.02151310443878174,0.05746102333068848,0.016985952854156494,0.045408427715301514,0.015650510787963867,0.03595554828643799,0.018497347831726074
Thumbs_Up,0.0,0.0,-0.003582894802093506,-0.07413554191589355,0.00635606050491333,-0.13370084762573242,0.016231775283813477,-0.18429839611053467,0.017368853092193604,-0.22245341539382935,0.07709836959838867,-0.093594491481781,0.06576395034790039,-0.08703851699829102,0.048246145248413086,-0.08336973190307617,0.03724634647369385,-0.08099311590194702,0.08455580472946167,-0.04978930950164795,0.07044142484664917,-0.046583712100982666,0.056423068046569824,-0.04705125093460083,0.045970380306243896,-0.04381096363067627,0.08001065254211426,-0.008815407752990723,0.06478434801101685,-0.011417567729949951,0.051953256130218506,-0.011262774467468262,0.041309475898742676,-0.00840139389038086,0.07051527500152588,0.024973928928375244,0.059773266315460205,0.02303701639175415,0.04750847816467285,0.021511614322662354,0.0382157564163208,0.02252739667892456
Thumbs_Up,0.0,0.0,-0.0006437301635742188,-0.07523077726364136,0.011191964149475098,-0.13409388065338135,0.02481973171234131,-0.18553829193115234,0.02739572525024414,-0.22664272785186768,0.08881396055221558,-0.088137686252594,0.0758480429649353,-0.0826331377029419,0.0591965913772583,-0.07562488317489624,0.046026647090911865,-0.07114332914352417,0.09689491987228394,-0.043196022510528564,0.07773679494857788,-0.04226267337799072,0.06300842761993408,-0.04160529375076294,0.050814926624298096,-0.03753477334976196,0.0916520357131958,-0.0018746256828308105,0.07261484861373901,-0.006654858589172363,0.05985492467880249,-0.006558656692504883,0.04804950952529907,-0.004482686519622803,0.08104097843170166,0.03212618827819824,0.06905120611190796,0.02921360731124878,0.05620908737182617,0.026346981525421143,0.04468095302581787,0.024907171726226807
Thumbs_Up,0.0,0.0,0.0019012689590454102,-0.08569967746734619,0.01672440767288208,-0.14811235666275024,0.033328235149383545,-0.20244067907333374,0.03670227527618408,-0.24755257368087769,0.10303109884262085,-0.09598088264465332,0.0887143611907959,-0.09035569429397583,0.06984275579452515,-0.08337372541427612,0.056279897689819336,-0.07931137084960938,0.11264383792877197,-0.04523336887359619,0.0905645489692688,-0.04682427644729614,0.07412838935852051,-0.04608577489852905,0.06122976541519165,-0.04229879379272461,0.10665863752365112,0.0011941194534301758,0.08552789688110352,-0.008140087127685547,0.0711822509765625,-0.00800943374633789,0.05824464559555054,-0.005507171154022217,0.09475535154342651,0.03886061906814575,0.0810137391090393,0.032576560974121094,0.06696885824203491,0.02887827157974243,0.054773569107055664,0.027049124240875244
Thumbs_Up,0.0,0.0,0.005345523357391357,-0.09152388572692871,0.02300184965133667,-0.15593749284744263,0.04118621349334717,-0.21182769536972046,0.04482710361480713,-0.26075464487075806,0.11341500282287598,-0.10064220428466797,0.09878712892532349,-0.09712886810302734,0.07847851514816284,-0.08807909488677979,0.06398606300354004,-0.08129799365997314,0.12357473373413086,-0.04695397615432739,0.10029256343841553,-0.05142182111740112,0.08239728212356567,-0.049060046672821045,0.06873929500579834,-0.043005526065826416,0.11697560548782349,0.00201493501663208,0.09469926357269287,-0.010957002639770508,0.07970201969146729,-0.009835302829742432,0.06587457656860352,-0.005647242069244385,0.10421228408813477,0.04127311706542969,0.09055298566818237,0.03233057260513306,0.07627445459365845,0.02893167734146118,0.0635647177696228,0.0282706618309021
Thumbs_Up,0.0,0.0,0.01093757152557373,-0.09287786483764648,0.03233891725540161,-0.15965056419372559,0.053319692611694336,-0.2195148468017578,0.057922542095184326,-0.2736624479293823,0.12668639421463013,-0.10498958826065063,0.11082226037979126,-0.10153776407241821,0.08909088373184204,-0.08957737684249878,0.07292962074279785,-0.08198857307434082,0.13727033138275146,-0.04815173149108887,0.11311072111129761,-0.05362492799758911,0.09294718503952026,-0.04928845167160034,0.07714474201202393,-0.04327112436294556,0.13075906038284302,0.0037525296211242676,0.10732293128967285,-0.01013338565826416,0.09092748165130615,-0.008227348327636719,0.07465261220932007,-0.004458904266357422,0.11800581216812134,0.04545527696609497,0.1058417558670044,0.03485959768295288,0.09051483869552612,0.032393455505371094,0.07619953155517578,0.031873345375061035
Thumbs_Up,0.0,0.0,0.014610528945922852,-0.09326791763305664,0.03818708658218384,-0.1601889729499817,0.05982893705368042,-0.22006219625473022,0.06704211235046387,-0.2742640972137451,0.1324712634086609,-0.11191147565841675,0.11987590789794922,-0.11194539070129395,0.09621310234069824,-0.10017198324203491,0.08036404848098755,-0.09396874904632568,0.14563673734664917,-0.05158412456512451,0.1210893988609314,-0.060510337352752686,0.09924346208572388,-0.05635273456573486,0.08279240131378174,-0.051747798919677734,0.14094483852386475,0.0032312870025634766,0.11357814073562622,-0.015572011470794678,0.09523820877075195,-0.014197289943695068,0.07909715175628662,-0.011997342109680176,0.1291099190711975,0.04668271541595459,0.11284106969833374,0.03127408027648926,0.0960923433303833,0.028238236904144287,0.08192169666290283,0.026511430740356445
Thumbs_Up,0.0,0.0,0.012938261032104492,-0.0887371301651001,0.03434640169143677,-0.15330976247787476,0.05475956201553345,-0.21291059255599976,0.06127476692199707,-0.2655288577079773,0.12264907360076904,-0.10660409927368164,0.1050713062286377,-0.10589343309402466,0.08393639326095581,-0.0916103720664978,0.06910455226898193,-0.08273190259933472,0.13484126329421997,-0.047033846378326416,0.10840433835983276,-0.05639868974685669,0.08726608753204346,-0.05197274684906006,0.07146948575973511,-0.04596978425979614,0.12993371486663818,0.007491052150726318,0.10296553373336792,-0.010809540748596191,0.08491736650466919,-0.008884847164154053,0.06894081830978394,-0.004666745662689209,0.11827391386032104,0.05092710256576538,0.10319024324417114,0.03623694181442261,0.08648723363876343,0.03430306911468506,0.07240927219390869,0.034588634967803955
Thumbs_Up,0.0,0.0,0.013448059558868408,-0.08577156066894531,0.03451550006866455,-0.14882183074951172,0.055230140686035156,-0.20664727687835693,0.06324577331542969,-0.2564794421195984,0.12029445171356201,-0.10421091318130493,0.10577791929244995,-0.09433895349502563,0.08497965335845947,-0.08404862880706787,0.07029181718826294,-0.0806545615196228,0.131442129611969,-0.047492384910583496,0.11052584648132324,-0.047963619232177734,0.09164798259735107,-0.046212613582611084,0.07597285509109497,-0.04395371675491333,0.1260184645652771,0.005875766277313232,0.10336500406265259,-0.005346417427062988,0.08727824687957764,-0.004944801330566406,0.07114046812057495,-0.003687560558319092,0.11478739976882935,0.049705684185028076,0.10218387842178345,0.0400615930557251,0.08677828311920166,0.03698158264160156,0.07284539937973022,0.03515791893005371
Thumbs_Up,0.0,0.0,0.014364242553710938,-0.08451879024505615,0.03481239080429077,-0.14676839113235474,0.0544971227645874,-0.20616298913955688,0.061342835426330566,-0.2561125159263611,0.11181682348251343,-0.1032174825668335,0.11336416006088257,-0.09729725122451782,0.09271639585494995,-0.08769053220748901,0.0764845609664917,-0.08368557691574097,0.123268723487854,-0.0465468168258667,0.11208868026733398,-0.05219238996505737,0.09224128723144531,-0.0510898232460022,0.07598984241485596,-0.046876370906829834,0.1186215877532959,0.0063822269439697266,0.10428810119628906,-0.010409653186798096,0.0869523286819458,-0.009354233741760254,0.0697980523109436,-0.005071103572845459,0.1098242998123169,0.0494457483291626,0.10380727052688599,0.0349082350730896,0.08747595548629761,0.03288203477859497,0.07255756855010986,0.0342828631401062
Thumbs_Up,0.0,0.0,0.01701134443283081,-0.08726894855499268,0.04312962293624878,-0.15303921699523926,0.06634974479675293,-0.2129601240158081,0.07227736711502075,-0.2611030340194702,0.1053398847579956,-0.11293119192123413,0.14484673738479614,-0.10201096534729004,0.12604236602783203,-0.0914563536643982,0.10358774662017822,-0.09128826856613159,0.11827963590621948,-0.05556720495223999,0.13525420427322388,-0.05293923616409302,0.1174972653388977,-0.050840020179748535,0.0995059609413147,-0.04993891716003418,0.11796063184738159,-0.0015775561332702637,0.12778598070144653,-0.013167619705200195,0.11303389072418213,-0.011391520500183105,0.0950821042060852,-0.008602619171142578,0.1142418384552002,0.043393731117248535,0.12746459245681763,0.028712928295135498,0.11223012208938599,0.027295172214508057,0.09574234485626221,0.02871716022491455
Thumbs_Up,0.0,0.0,0.012426257133483887,-0.07594752311706543,0.036060839891433716,-0.15411394834518433,0.04941317439079285,-0.21948158740997314,0.053465038537979126,-0.271686851978302,0.07986846566200256,-0.10654371976852417,0.13552960753440857,-0.10066425800323486,0.11313477158546448,-0.09595316648483276,0.08789852261543274,-0.09605783224105835,0.08510896563529968,-0.048950016498565674,0.13339224457740784,-0.05014067888259888,0.11283054947853088,-0.05078357458114624,0.08762374520301819,-0.048980772495269775,0.08704301714897156,0.002147078514099121,0.1288258135318756,-0.006145775318145752,0.10911175608634949,-0.006732523441314697,0.08565869927406311,-0.004012703895568848,0.0876900851726532,0.046500205993652344,0.12687811255455017,0.03484761714935303,0.1076410710811615,0.03253358602523804,0.08655813336372375,0.03596574068069458
Thumbs_Up,0.0,0.0,0.013425767421722412,-0.0747687816619873,0.03651842474937439,-0.1526305079460144,0.04723668098449707,-0.22003191709518433,0.04872483015060425,-0.2738921046257019,0.07401597499847412,-0.10588419437408447,0.13676851987838745,-0.09838265180587769,0.11502188444137573,-0.09811830520629883,0.08868330717086792,-0.09971809387207031,0.077475905418396,-0.044394075870513916,0.13474410772323608,-0.051246583461761475,0.1151311993598938,-0.055144309997558594,0.08923792839050293,-0.05093866586685181,0.07994598150253296,0.007885158061981201,0.1312229037284851,-0.00576859712600708,0.11259990930557251,-0.009078383445739746,0.08846670389175415,-0.004976987838745117,0.08270823955535889,0.051401495933532715,0.1262621283531189,0.033516883850097656,0.10820329189300537,0.030772387981414795,0.0876837968826294,0.03633171319961548
Thumbs_Up,0.0,0.0,0.016643106937408447,-0.07145291566848755,0.04493412375450134,-0.150210440158844,0.05547034740447998,-0.21675223112106323,0.055189430713653564,-0.27203091979026794,0.06474953889846802,-0.10286259651184082,0.1338512897491455,-0.09506982564926147,0.11339735984802246,-0.09866189956665039,0.08560943603515625,-0.10230940580368042,0.0647234320640564,-0.04155731201171875,0.135811448097229,-0.04593026638031006,0.11563199758529663,-0.05396854877471924,0.08575916290283203,-0.05250966548919678,0.06646943092346191,0.011366426944732666,0.13167446851730347,0.0007608532905578613,0.11270260810852051,-0.0060877203941345215,0.08487415313720703,-0.003729104995727539,0.06977587938308716,0.05646836757659912,0.12366527318954468,0.042269885540008545,0.10667300224304199,0.0365024209022522,0.08261406421661377,0.039422690868377686
Thumbs_Up,0.0,0.0,0.015139341354370117,-0.07008451223373413,0.04337674379348755,-0.15094703435897827,0.05315563082695007,-0.21835076808929443,0.05168268084526062,-0.27457574009895325,0.05792921781539917,-0.10163414478302002,0.13153648376464844,-0.09683281183242798,0.1110195517539978,-0.10068422555923462,0.08236449956893921,-0.10421818494796753,0.05874699354171753,-0.039362430572509766,0.13618648052215576,-0.04912787675857544,0.11407065391540527,-0.05657148361206055,0.0831339955329895,-0.053475797176361084,0.06210601329803467,0.014124274253845215,0.13389205932617188,-0.003535032272338867,0.1116105318069458,-0.009174764156341553,0.08253026008605957,-0.004467666149139404,0.06722021102905273,0.059716999530792236,0.12302005290985107,0.040420472621917725,0.10262060165405273,0.03560912609100342,0.0772964358329773,0.04066187143325806
Thumbs_Up,0.0,0.0,0.018923133611679077,-0.07325714826583862,0.04810193181037903,-0.15471935272216797,0.053730279207229614,-0.22067993879318237,0.04851341247558594,-0.2802133560180664,0.04373371601104736,-0.10530215501785278,0.12782371044158936,-0.10664957761764526,0.11034566164016724,-0.10717225074768066,0.07963764667510986,-0.11094564199447632,0.04288241267204285,-0.04262477159500122,0.1315096616744995,-0.057606518268585205,0.1120452880859375,-0.06477993726730347,0.08003926277160645,-0.06461673974990845,0.04813387989997864,0.011781454086303711,0.1278688907623291,-0.0075217485427856445,0.10916757583618164,-0.015380859375,0.07969021797180176,-0.01390916109085083,0.056467294692993164,0.05673402547836304,0.12027806043624878,0.0363231897354126,0.10335922241210938,0.02810490131378174,0.07491987943649292,0.029628455638885498
Thumbs_Up,0.0,0.0,0.0193403959274292,-0.07158613204956055,0.04891589283943176,-0.1588563323020935,0.0539172887802124,-0.22361409664154053,0.04761147499084473,-0.2818431854248047,0.03556007146835327,-0.11091583967208862,0.11938983201980591,-0.11035788059234619,0.10348373651504517,-0.1039082407951355,0.07338857650756836,-0.10114014148712158,0.03176453709602356,-0.050947487354278564,0.12452274560928345,-0.06025880575180054,0.10044866800308228,-0.05747020244598389,0.06647560000419617,-0.05129551887512207,0.03713759779930115,0.0037952065467834473,0.1205931305885315,-0.013684988021850586,0.09654676914215088,-0.01248157024383545,0.0665036141872406,-0.004448890686035156,0.045584797859191895,0.04930061101913452,0.11314159631729126,0.02720433473587036,0.09286624193191528,0.025681376457214355,0.06356102228164673,0.03407949209213257
Thumbs_Up,0.0,0.0,0.024594604969024658,-0.0924907922744751,0.03762808442115784,-0.17867380380630493,0.03456556797027588,-0.24486315250396729,0.024727970361709595,-0.300456702709198,-0.002211660146713257,-0.11832189559936523,0.07518637180328369,-0.1304071545600891,0.07249560952186584,-0.11831486225128174,0.052218347787857056,-0.115975022315979,-0.009633868932723999,-0.05535048246383667,0.0827886164188385,-0.07114887237548828,0.07127359509468079,-0.06608617305755615,0.04615345597267151,-0.06306183338165283,-0.005154848098754883,-0.002180039882659912,0.08403581380844116,-0.02139347791671753,0.0703440010547638,-0.018801450729370117,0.04682213068008423,-0.015999674797058105,0.005206674337387085,0.04073303937911987,0.0754474401473999,0.02430117130279541,0.06328961253166199,0.02262246608734131,0.03948405385017395,0.02453523874282837
Thumbs_Up,0.0,0.0,0.019162923097610474,-0.0887719988822937,0.01742386817932129,-0.18475866317749023,0.01334446668624878,-0.25949597358703613,0.007558047771453857,-0.32447993755340576,-0.03003615140914917,-0.1405879259109497,0.0560363233089447,-0.13522326946258545,0.042602330446243286,-0.1195681095123291,0.010558873414993286,-0.12317460775375366,-0.036938756704330444,-0.07588374614715576,0.06227347254753113,-0.07153469324111938,0.04094859957695007,-0.06999045610427856,0.010102242231369019,-0.0781446099281311,-0.03226590156555176,-0.016979217529296875,0.06037285923957825,-0.01750469207763672,0.0400519073009491,-0.017331242561340332,0.012087106704711914,-0.025547564029693604,-0.02071857452392578,0.029285192489624023,0.050424665212631226,0.02612096071243286,0.035441458225250244,0.020120620727539062,0.009462594985961914,0.017435014247894287
Thumbs_Up,0.0,0.0,0.02257654070854187,-0.06691038608551025,0.020862668752670288,-0.14826810359954834,0.013088613748550415,-0.2178034782409668,0.0014689266681671143,-0.28006410598754883,-0.05079558491706848,-0.11434555053710938,0.030381858348846436,-0.1034730076789856,0.02239459753036499,-0.09514671564102173,-0.0025443732738494873,-0.09668546915054321,-0.06607869267463684,-0.0497933030128479,0.03626441955566406,-0.04221630096435547,0.01911267638206482,-0.04676109552383423,-0.010902196168899536,-0.05328536033630371,-0.06348159909248352,0.009966373443603516,0.029525309801101685,0.01112675666809082,0.018094658851623535,0.008300721645355225,-0.008351534605026245,0.002943873405456543,-0.05339875817298889,0.06408971548080444,0.017031550407409668,0.05923104286193848,0.009534865617752075,0.05528974533081055,-0.012857913970947266,0.056510329246520996
Thumbs_Up,0.0,0.0,0.017421245574951172,-0.07034444808959961,0.008946359157562256,-0.15480875968933105,-0.002393484115600586,-0.2241036295890808,-0.00994977355003357,-0.28360164165496826,-0.07858389616012573,-0.12275946140289307,-0.009740382432937622,-0.10737341642379761,-0.0016329288482666016,-0.09829539060592651,-0.01923227310180664,-0.1016228199005127,-0.10050708055496216,-0.05613154172897339,-0.003968298435211182,-0.04673802852630615,-0.002162724733352661,-0.05269765853881836,-0.02657526731491089,-0.059872448444366455,-0.10016730427742004,0.004779636859893799,-0.00876152515411377,0.00611037015914917,-0.005519390106201172,0.00034046173095703125,-0.028696417808532715,-0.003993511199951172,-0.08960068225860596,0.06025099754333496,-0.01681506633758545,0.056633591651916504,-0.009860575199127197,0.049555301666259766,-0.026756227016448975,0.048070430755615234
Thumbs_Up,0.0,0.0,0.00786784291267395,-0.07773900032043457,-0.007899582386016846,-0.16033941507339478,-0.017494767904281616,-0.2271975874900818,-0.0257682204246521,-0.28090113401412964,-0.105186328291893,-0.11846315860748291,-0.037226706743240356,-0.10768431425094604,-0.017214536666870117,-0.09949332475662231,-0.02914288640022278,-0.10195833444595337,-0.12073507905006409,-0.052325665950775146,-0.03124845027923584,-0.04675459861755371,-0.015545576810836792,-0.048734843730926514,-0.0315680205821991,-0.05516946315765381,-0.11845096945762634,0.007202327251434326,-0.03310209512710571,0.007474541664123535,-0.019088774919509888,0.002391636371612549,-0.03683653473854065,-0.003069639205932617,-0.10607704520225525,0.05961894989013672,-0.03738856315612793,0.05519866943359375,-0.02396106719970703,0.047157227993011475,-0.03748700022697449,0.04372745752334595
Thumbs_Up,0.0,0.0,0.01265871524810791,-0.07861465215682983,-0.00027316808700561523,-0.16244584321975708,-0.009514033794403076,-0.22887498140335083,-0.0170917809009552,-0.2848312258720398,-0.10572567582130432,-0.1294434666633606,-0.03504645824432373,-0.11693346500396729,-0.016157567501068115,-0.10420340299606323,-0.03143152594566345,-0.10820937156677246,-0.12355662882328033,-0.06373655796051025,-0.03251412510871887,-0.05749255418777466,-0.018177390098571777,-0.05720633268356323,-0.03741338849067688,-0.06539797782897949,-0.12367485463619232,-0.004385888576507568,-0.036389172077178955,-0.0028598904609680176,-0.022582411766052246,-0.00689464807510376,-0.04224270582199097,-0.014408528804779053,-0.11325511336326599,0.04703253507614136,-0.0424688458442688,0.04496580362319946,-0.029019176959991455,0.03832322359085083,-0.044077664613723755,0.033007800579071045
Thumbs_Up,0.0,0.0,0.01328018307685852,-0.0901225209236145,-0.0010858774185180664,-0.18062442541122437,-0.012771278619766235,-0.2470179796218872,-0.017967522144317627,-0.30388081073760986,-0.11745193600654602,-0.14993172883987427,-0.059395551681518555,-0.13854306936264038,-0.03342890739440918,-0.12255382537841797,-0.045492544770240784,-0.12395095825195312,-0.13944143056869507,-0.08524513244628906,-0.05254693329334259,-0.07676208019256592,-0.026571720838546753,-0.07190275192260742,-0.04397696256637573,-0.07768559455871582,-0.14073291420936584,-0.02373450994491577,-0.056427791714668274,-0.022909820079803467,-0.032504111528396606,-0.02302861213684082,-0.049623727798461914,-0.02815234661102295,-0.13139142096042633,0.030588507652282715,-0.062076225876808167,0.028470098972320557,-0.040177956223487854,0.02250063419342041,-0.05135181546211243,0.017385482788085938
Thumbs_Up,0.0,0.0,0.01090991497039795,-0.0923382043838501,-0.007675260305404663,-0.1831325888633728,-0.01888170838356018,-0.2476956844329834,-0.024894803762435913,-0.3006734251976013,-0.12419681251049042,-0.15017378330230713,-0.06636789441108704,-0.13671213388442993,-0.03901137411594391,-0.12088042497634888,-0.0519624799489975,-0.12254965305328369,-0.1451253890991211,-0.08367705345153809,-0.06292226910591125,-0.07489192485809326,-0.03446969389915466,-0.07102710008621216,-0.052011966705322266,-0.07807135581970215,-0.14537735283374786,-0.021137237548828125,-0.06488057971000671,-0.019960224628448486,-0.03928889334201813,-0.021057486534118652,-0.05887147784233093,-0.027596712112426758,-0.13523811101913452,0.0333443284034729,-0.06822428107261658,0.03201335668563843,-0.04395782947540283,0.02589273452758789,-0.05572560429573059,0.01985907554626465
Thumbs_Up,0.0,0.0,0.0098646879196167,-0.0912632942199707,-0.007392764091491699,-0.18326950073242188,-0.017913907766342163,-0.2484874725341797,-0.024331077933311462,-0.3015333414077759,-0.12563779950141907,-0.1469937562942505,-0.06960363686084747,-0.13458538055419922,-0.041325703263282776,-0.12126165628433228,-0.05464757978916168,-0.12374162673950195,-0.14568814635276794,-0.0803912878036499,-0.0642637312412262,-0.07224762439727783,-0.03468158841133118,-0.0708153247833252,-0.052380651235580444,-0.07857608795166016,-0.14553594589233398,-0.018464386463165283,-0.06433427333831787,-0.01758044958114624,-0.03884372115135193,-0.02170276641845703,-0.058996692299842834,-0.029273688793182373,-0.1351516842842102,0.034639596939086914,-0.06742466986179352,0.032935500144958496,-0.0433722585439682,0.024809062480926514,-0.054845407605171204,0.0183560848236084
Thumbs_Up,0.0,0.0,0.010735571384429932,-0.08691662549972534,-0.004044950008392334,-0.17772507667541504,-0.014911949634552002,-0.2447299361228943,-0.020775198936462402,-0.29987800121307373,-0.11818382143974304,-0.14783352613449097,-0.059378981590270996,-0.13504523038864136,-0.033243328332901,-0.11857330799102783,-0.04674677550792694,-0.12050634622573853,-0.1393868625164032,-0.08114027976989746,-0.05408373475074768,-0.07264310121536255,-0.028551071882247925,-0.06765955686569214,-0.04634585976600647,-0.0750764012336731,-0.1407356858253479,-0.01914912462234497,-0.05733403563499451,-0.01685386896133423,-0.03445756435394287,-0.017658591270446777,-0.05343031883239746,-0.024739086627960205,-0.13108204305171967,0.03536301851272583,-0.06244340538978577,0.033833444118499756,-0.04069417715072632,0.028100550174713135,-0.05234232544898987,0.02241450548171997
Thumbs_Up,0.0,0.0,0.01195552945137024,-0.08552008867263794,-0.0006477236747741699,-0.17637676000595093,-0.01002165675163269,-0.246609628200531,-0.016158342361450195,-0.30542707443237305,-0.11035896837711334,-0.1511872410774231,-0.04344013333320618,-0.136968731880188,-0.023460716009140015,-0.12048143148422241,-0.039357393980026245,-0.12209266424179077,-0.1313188672065735,-0.08475112915039062,-0.0390586256980896,-0.07556474208831787,-0.021344274282455444,-0.07167202234268188,-0.04183796048164368,-0.07874929904937744,-0.1327144056558609,-0.023909926414489746,-0.04568198323249817,-0.020289123058319092,-0.029351145029067993,-0.02045804262161255,-0.05006292462348938,-0.026261508464813232,-0.12333720922470093,0.03187358379364014,-0.05524986982345581,0.030317246913909912,-0.03920707106590271,0.02620154619216919,-0.05384571850299835,0.021831035614013672
Thumbs_Up,0.0,0.0,0.013925313949584961,-0.08149182796478271,-0.000612407922744751,-0.16909503936767578,-0.00984811782836914,-0.23817837238311768,-0.014362573623657227,-0.2962399125099182,-0.10410609841346741,-0.14045190811157227,-0.04088267683982849,-0.12478256225585938,-0.019202709197998047,-0.11232608556747437,-0.02997925877571106,-0.11544859409332275,-0.12450866401195526,-0.07415521144866943,-0.03452169895172119,-0.06150263547897339,-0.01642248034477234,-0.06104832887649536,-0.03260999917984009,-0.0699840784072876,-0.12516891956329346,-0.012554705142974854,-0.03851443529129028,-0.0053598880767822266,-0.02247440814971924,-0.008859813213348389,-0.03902071714401245,-0.01624530553817749,-0.11484788358211517,0.043118417263031006,-0.04509592056274414,0.04715096950531006,-0.030053138732910156,0.04026001691818237,-0.04248529672622681,0.034425973892211914
Thumbs_Up,0.0,0.0,0.01478797197341919,-0.07419347763061523,0.0020876824855804443,-0.16024667024612427,-0.00468108057975769,-0.23126590251922607,-0.009648442268371582,-0.2893834710121155,-0.0901431143283844,-0.127638041973114,-0.022824883460998535,-0.11089050769805908,-0.01016843318939209,-0.09979188442230225,-0.02286413311958313,-0.10113799571990967,-0.11103859543800354,-0.06000661849975586,-0.013478338718414307,-0.047250211238861084,-0.008404791355133057,-0.04995524883270264,-0.027942299842834473,-0.0561215877532959,-0.11000123620033264,0.002322673797607422,-0.01824009418487549,0.007276475429534912,-0.014871835708618164,0.0031903982162475586,-0.036545395851135254,-0.00014358758926391602,-0.09841415286064148,0.060266196727752686,-0.02807757258415222,0.057222068309783936,-0.02201324701309204,0.048503220081329346,-0.03945699334144592,0.04553312063217163
Thumbs_Up,0.0,0.0,0.02619507908821106,-0.06411463022232056,0.024051785469055176,-0.1535671353340149,0.014745652675628662,-0.22539258003234863,0.010163724422454834,-0.2848474383354187,-0.0514560341835022,-0.12324255704879761,0.013186544179916382,-0.10665953159332275,0.008608222007751465,-0.09928059577941895,-0.009441763162612915,-0.10093748569488525,-0.08164921402931213,-0.0580790638923645,0.021344810724258423,-0.038793087005615234,0.0043745338916778564,-0.04958420991897583,-0.021626442670822144,-0.05594527721405029,-0.08405685424804688,0.004347860813140869,0.011081963777542114,0.01257634162902832,-0.0014905929565429688,0.00791853666305542,-0.025269538164138794,0.008549213409423828,-0.07621657848358154,0.06299161911010742,-0.00454375147819519,0.06169748306274414,-0.011265814304351807,0.05684399604797363,-0.03345653414726257,0.06019330024719238
Thumbs_Down,0.0,0.0,0.01603451371192932,0.06133538484573364,0.03789016604423523,0.12157618999481201,0.0619579553604126,0.1736743450164795,0.07401680946350098,0.21610671281814575,0.09592843055725098,0.07706886529922485,0.12032938003540039,0.08588403463363647,0.08241003751754761,0.08407825231552124,0.0770980715751648,0.08216595649719238,0.09632068872451782,0.03702360391616821,0.11604481935501099,0.04636174440383911,0.06925326585769653,0.048481762409210205,0.07541665434837341,0.04665851593017578,0.09318852424621582,-0.0006266236305236816,0.1115761399269104,0.008036315441131592,0.07222157716751099,0.011774182319641113,0.07434314489364624,0.009688317775726318,0.09001559019088745,-0.04035544395446777,0.10280656814575195,-0.037436842918395996,0.07736515998840332,-0.026206761598587036,0.07206308841705322,-0.025807350873947144
Thumbs_Down,0.0,0.0,0.0149441659450531,0.06135517358779907,0.03679957985877991,0.12051445245742798,0.06120795011520386,0.17248356342315674,0.07361277937889099,0.21481525897979736,0.0950806736946106,0.0768323540687561,0.12080264091491699,0.08372217416763306,0.08198994398117065,0.08251231908798218,0.07635867595672607,0.08131873607635498,0.09531009197235107,0.03754836320877075,0.11614078283309937,0.045191168785095215,0.06819742918014526,0.04782289266586304,0.07415971159934998,0.047216594219207764,0.09247761964797974,4.0411949157714844e-05,0.11160904169082642,0.00792849063873291,0.07129120826721191,0.011672616004943848,0.07299679517745972,0.01052027940750122,0.08996975421905518,-0.03974112868309021,0.1029130220413208,-0.036798179149627686,0.07674512267112732,-0.026321351528167725,0.07097920775413513,-0.025689423084259033
Thumbs_Down,0.0,0.0,0.01584485173225403,0.060117900371551514,0.03767278790473938,0.12017244100570679,0.06186586618423462,0.17185300588607788,0.07417178153991699,0.21322548389434814,0.09685608744621277,0.07705944776535034,0.12021544575691223,0.08544254302978516,0.08310818672180176,0.08280199766159058,0.08024924993515015,0.08028429746627808,0.097074955701828,0.037445127964019775,0.11617669463157654,0.04791593551635742,0.06981435418128967,0.04967010021209717,0.07745388150215149,0.04802858829498291,0.09381213784217834,0.000363767147064209,0.11117425560951233,0.009652316570281982,0.0728030800819397,0.013321280479431152,0.07668787240982056,0.011834800243377686,0.09091958403587341,-0.0376896858215332,0.10336002707481384,-0.03385496139526367,0.0781528651714325,-0.02351805567741394,0.07372123003005981,-0.0241624116897583
Thumbs_Down,0.0,0.0,0.015659332275390625,0.06033515930175781,0.03795775771141052,0.11989521980285645,0.06289908289909363,0.16968458890914917,0.07445654273033142,0.21072697639465332,0.09860193729400635,0.07596904039382935,0.125024676322937,0.08439940214157104,0.08666640520095825,0.0835908055305481,0.08090519905090332,0.0806800127029419,0.09803396463394165,0.03618276119232178,0.11807054281234741,0.046742022037506104,0.07090818881988525,0.050288259983062744,0.07732659578323364,0.04798543453216553,0.09458988904953003,-0.0004258155822753906,0.1126260757446289,0.009220600128173828,0.07315561175346375,0.013874173164367676,0.07618898153305054,0.011691868305206299,0.0911945104598999,-0.03807374835014343,0.10486596822738647,-0.032679855823516846,0.07900029420852661,-0.022341787815093994,0.0735032856464386,-0.02390781044960022
Thumbs_Down,0.0,0.0,0.01301276683807373,0.058216214179992676,0.036145567893981934,0.11280953884124756,0.060567110776901245,0.1612291932106018,0.07141730189323425,0.20181113481521606,0.0893358588218689,0.06383264064788818,0.118499755859375,0.0716748833656311,0.08123275637626648,0.07138842344284058,0.07321834564208984,0.06943279504776001,0.08869099617004395,0.027311205863952637,0.10941129922866821,0.03564721345901489,0.06408187747001648,0.039604008197784424,0.06819716095924377,0.03638345003128052,0.08547589182853699,-0.00718003511428833,0.10577797889709473,0.0002257823944091797,0.06752902269363403,0.004871010780334473,0.06821531057357788,0.0008344054222106934,0.08222094178199768,-0.04382571578025818,0.09778153896331787,-0.03936034440994263,0.07263678312301636,-0.029456883668899536,0.06612077355384827,-0.031749427318573
Thumbs_Down,0.0,0.0,0.013641119003295898,0.05672931671142578,0.03735607862472534,0.11304128170013428,0.06279429793357849,0.15954738855361938,0.0741817057132721,0.1981756091117859,0.08814859390258789,0.061747968196868896,0.11288642883300781,0.0669703483581543,0.07863196730613708,0.06683498620986938,0.07410767674446106,0.0667906403541565,0.08746126294136047,0.02471679449081421,0.10716181993484497,0.031844377517700195,0.06442230939865112,0.03617912530899048,0.06939548254013062,0.034117162227630615,0.08478832244873047,-0.00921541452407837,0.10501241683959961,-0.004393100738525391,0.06787529587745667,0.0011456012725830078,0.06900230050086975,-0.00025856494903564453,0.08261480927467346,-0.04478079080581665,0.09680613875389099,-0.04347884654998779,0.07195791602134705,-0.03342992067337036,0.06594529747962952,-0.03310978412628174
Thumbs_Down,0.0,0.0,0.01599934697151184,0.05613619089126587,0.04139265418052673,0.10968852043151855,0.067737877368927,0.15459471940994263,0.08117955923080444,0.19317859411239624,0.09225067496299744,0.055162787437438965,0.11452871561050415,0.059369564056396484,0.08023744821548462,0.06019425392150879,0.07405704259872437,0.05846273899078369,0.0921945869922638,0.018019556999206543,0.10854768753051758,0.02302652597427368,0.06597965955734253,0.029437482357025146,0.0721081793308258,0.02758115530014038,0.08858010172843933,-0.016123056411743164,0.10620233416557312,-0.012734770774841309,0.07032027840614319,-0.005405902862548828,0.07260200381278992,-0.007691800594329834,0.0844937264919281,-0.052278488874435425,0.0965733528137207,-0.05174112319946289,0.07412052154541016,-0.03963744640350342,0.07009586691856384,-0.0396304726600647
Thumbs_Down,0.0,0.0,0.019210338592529297,0.0570371150970459,0.04822462797164917,0.11188757419586182,0.07543778419494629,0.15660423040390015,0.08843916654586792,0.19711458683013916,0.09934315085411072,0.05832952260971069,0.11927667260169983,0.06423008441925049,0.08359566330909729,0.06452423334121704,0.08298131823539734,0.06488072872161865,0.0990702211856842,0.021915078163146973,0.1147499680519104,0.028959929943084717,0.07232990860939026,0.03451108932495117,0.07989931106567383,0.033646345138549805,0.09564992785453796,-0.012543797492980957,0.110862135887146,-0.008006393909454346,0.07463151216506958,-0.0015259981155395508,0.0796213150024414,-0.001092076301574707,0.09251582622528076,-0.04757505655288696,0.10207989811897278,-0.04632475972175598,0.07920289039611816,-0.03565290570259094,0.0765601098537445,-0.03435179591178894
Thumbs_Down,0.0,0.0,0.019710004329681396,0.0552290678024292,0.05210751295089722,0.11023473739624023,0.07944905757904053,0.1538967490196228,0.09477478265762329,0.19187325239181519,0.10352051258087158,0.05335336923599243,0.12277334928512573,0.06400042772293091,0.08514159917831421,0.06238150596618652,0.0857323408126831,0.05985391139984131,0.1019807755947113,0.017269551753997803,0.11820772290229797,0.029052257537841797,0.07464462518692017,0.03348696231842041,0.0825379490852356,0.030405282974243164,0.09751060605049133,-0.017784595489501953,0.11196786165237427,-0.009633243083953857,0.07546818256378174,-0.002786397933959961,0.0817537009716034,-0.003974199295043945,0.09391447901725769,-0.05346322059631348,0.10057768225669861,-0.049194395542144775,0.0772571861743927,-0.03865307569503784,0.07631134986877441,-0.03870701789855957
Thumbs_Down,0.0,0.0,0.019626706838607788,0.055973947048187256,0.05265927314758301,0.11125791072845459,0.08020883798599243,0.153863787651062,0.09606519341468811,0.19121897220611572,0.10461166501045227,0.05290091037750244,0.12357652187347412,0.06442916393280029,0.08658730983734131,0.06311970949172974,0.08588758111000061,0.05998891592025757,0.10281622409820557,0.016251027584075928,0.11918869614601135,0.02922433614730835,0.07587382197380066,0.033709585666656494,0.08278188109397888,0.029229938983917236,0.09820693731307983,-0.018976986408233643,0.1132681667804718,-0.009236335754394531,0.07687938213348389,-0.0022450685501098633,0.08234182000160217,-0.005515158176422119,0.09385478496551514,-0.05410763621330261,0.10259678959846497,-0.048003971576690674,0.07924950122833252,-0.03743124008178711,0.07739526033401489,-0.039862871170043945
Thumbs_Down,0.0,0.0,0.02135881781578064,0.05429738759994507,0.05730319023132324,0.10952913761138916,0.08499148488044739,0.15100955963134766,0.09939628839492798,0.1889062523841858,0.11140662431716919,0.04548311233520508,0.12374824285507202,0.05995619297027588,0.08758050203323364,0.05937373638153076,0.08803856372833252,0.05477428436279297,0.11112746596336365,0.008442580699920654,0.11746591329574585,0.02528822422027588,0.076820969581604,0.030559778213500977,0.08488103747367859,0.023750603199005127,0.10503697395324707,-0.02564835548400879,0.11248430609703064,-0.012873172760009766,0.07809343934059143,-0.004015207290649414,0.08420991897583008,-0.009208381175994873,0.09872260689735413,-0.05828168988227844,0.10298675298690796,-0.048026859760284424,0.0801125168800354,-0.03659987449645996,0.07942122220993042,-0.03979659080505371
Thumbs_Down,0.0,0.0,0.02182629704475403,0.05436140298843384,0.057516515254974365,0.11041170358657837,0.08513963222503662,0.15374070405960083,0.10028091073036194,0.19294148683547974,0.11328604817390442,0.04830801486968994,0.1240646243095398,0.06285238265991211,0.08787420392036438,0.06246525049209595,0.08940008282661438,0.05809825658798218,0.11321374773979187,0.010195434093475342,0.11923009157180786,0.028944790363311768,0.07802832126617432,0.03415876626968384,0.08682030439376831,0.028381943702697754,0.10704430937767029,-0.02450317144393921,0.11280745267868042,-0.009657442569732666,0.07807305455207825,-0.0005800127983093262,0.08501318097114563,-0.004149317741394043,0.10023796558380127,-0.05669128894805908,0.10361012816429138,-0.044749438762664795,0.08078569173812866,-0.03324449062347412,0.0800129771232605,-0.035964906215667725
Thumbs_Down,0.0,0.0,0.022870779037475586,0.05304253101348877,0.060228586196899414,0.10857880115509033,0.0882394015789032,0.15152603387832642,0.10398364067077637,0.1903563141822815,0.11844968795776367,0.04459083080291748,0.12325483560562134,0.06077069044113159,0.08912888169288635,0.05940234661102295,0.09222361445426941,0.0530393123626709,0.1176607608795166,0.005041301250457764,0.11877420544624329,0.024404048919677734,0.07930877804756165,0.030299782752990723,0.0886518657207489,0.02420097589492798,0.10979717969894409,-0.02991122007369995,0.11233219504356384,-0.013202071189880371,0.0786772072315216,-0.0033965706825256348,0.08608341217041016,-0.007374942302703857,0.10138902068138123,-0.06096440553665161,0.10330301523208618,-0.04749578237533569,0.08043345808982849,-0.03540360927581787,0.07983118295669556,-0.038162946701049805
Thumbs_Down,0.0,0.0,0.021289855241775513,0.05423218011856079,0.05846303701400757,0.10814940929412842,0.08742594718933105,0.15225672721862793,0.10326758027076721,0.1907503604888916,0.11571446061134338,0.04769545793533325,0.12804356217384338,0.05912470817565918,0.09141337871551514,0.05805802345275879,0.09208756685256958,0.05371361970901489,0.1152750551700592,0.009912610054016113,0.11957448720932007,0.02445310354232788,0.07878181338310242,0.02993077039718628,0.08738860487937927,0.02561807632446289,0.10818681120872498,-0.024952232837677002,0.11433571577072144,-0.015243828296661377,0.07955223321914673,-0.005122482776641846,0.08558756113052368,-0.0052146315574646,0.100775808095932,-0.05782580375671387,0.10610610246658325,-0.050872802734375,0.08219027519226074,-0.03909730911254883,0.07982778549194336,-0.03898972272872925
Thumbs_Down,0.0,0.0,0.019992202520370483,0.05520373582839966,0.05162140727043152,0.10787558555603027,0.08022734522819519,0.15026694536209106,0.0957120954990387,0.18842321634292603,0.10266438126564026,0.04800140857696533,0.12476751208305359,0.05694770812988281,0.08724313974380493,0.0583728551864624,0.08322387933731079,0.05566352605819702,0.10097771883010864,0.013425946235656738,0.1162463128566742,0.0237271785736084,0.0737827718257904,0.030933737754821777,0.07829740643501282,0.02735382318496704,0.09539660811424255,-0.0198172926902771,0.11108514666557312,-0.012392997741699219,0.07413601875305176,-0.002931952476501465,0.0761379599571228,-0.005034506320953369,0.08906254172325134,-0.05397927761077881,0.09990456700325012,-0.048644959926605225,0.07519549131393433,-0.03726911544799805,0.07058951258659363,-0.03785502910614014
Thumbs_Down,0.0,0.0,0.019372671842575073,0.0569225549697876,0.04706957936286926,0.10938847064971924,0.07398638129234314,0.15408849716186523,0.08911606669425964,0.19348281621932983,0.10021552443504333,0.056397318840026855,0.11942189931869507,0.06630289554595947,0.08494627475738525,0.06540614366531372,0.08489999175071716,0.06265676021575928,0.0994940996170044,0.019400596618652344,0.11376228928565979,0.03165709972381592,0.07180061936378479,0.03613853454589844,0.08049169182777405,0.03142988681793213,0.0957629382610321,-0.015263557434082031,0.11087459325790405,-0.006303191184997559,0.07442134618759155,0.000794529914855957,0.08026719093322754,-0.0017251372337341309,0.09211841225624084,-0.04893133044242859,0.10275807976722717,-0.04290729761123657,0.0774320662021637,-0.03237229585647583,0.07337471842765808,-0.034004271030426025
Thumbs_Down,0.0,0.0,0.0158250629901886,0.05657106637954712,0.04072466492652893,0.10987210273742676,0.06491830945014954,0.1519070267677307,0.07818406820297241,0.1885477900505066,0.09087499976158142,0.05525904893875122,0.11326581239700317,0.0674859881401062,0.07638230919837952,0.06529563665390015,0.0732705295085907,0.06332921981811523,0.09093546867370605,0.020850956439971924,0.10859954357147217,0.033586323261260986,0.06544017791748047,0.03482264280319214,0.07176920771598816,0.03172022104263306,0.08896082639694214,-0.012409687042236328,0.10596030950546265,-0.0025773048400878906,0.06870424747467041,-0.00024378299713134766,0.07219871878623962,-0.003061532974243164,0.08769628405570984,-0.046983957290649414,0.09771141409873962,-0.04199326038360596,0.07279625535011292,-0.0345037579536438,0.06925502419471741,-0.03582501411437988
Thumbs_Down,0.0,0.0,0.01565113663673401,0.05320942401885986,0.03945919871330261,0.09640926122665405,0.05817720293998718,0.12376433610916138,0.06551271677017212,0.15246284008026123,0.09075310826301575,0.04266500473022461,0.1171092689037323,0.0505712628364563,0.08184555172920227,0.05544888973236084,0.07614263892173767,0.052929461002349854,0.08739867806434631,0.007361352443695068,0.10928639769554138,0.01594400405883789,0.06779548525810242,0.02495783567428589,0.0721471905708313,0.01961219310760498,0.08276256918907166,-0.02566283941268921,0.10375723242759705,-0.018420815467834473,0.06769132614135742,-0.008624672889709473,0.06929001212120056,-0.013998270034790039,0.07777124643325806,-0.05945616960525513,0.09114351868629456,-0.055500686168670654,0.06792926788330078,-0.04318910837173462,0.06390109658241272,-0.04522871971130371
Thumbs_Down,0.0,0.0,0.016164064407348633,0.05306309461593628,0.04336225986480713,0.09674936532974243,0.06320500373840332,0.12429487705230713,0.0701255202293396,0.1534997820854187,0.0952458381652832,0.041339099407196045,0.12103843688964844,0.05245482921600342,0.08450084924697876,0.05553621053695679,0.08042952418327332,0.04937177896499634,0.09213191270828247,0.0064983367919921875,0.11323690414428711,0.016130268573760986,0.07105231285095215,0.024755537509918213,0.07653239369392395,0.017652273178100586,0.08675968647003174,-0.02659064531326294,0.10681980848312378,-0.018532216548919678,0.07112884521484375,-0.008875131607055664,0.07402488589286804,-0.015671730041503906,0.08172091841697693,-0.060741573572158813,0.09337139129638672,-0.05632185935974121,0.07079783082008362,-0.04349982738494873,0.0682353675365448,-0.04521751403808594
Thumbs_Down,0.0,0.0,0.015759289264678955,0.053627073764801025,0.043039798736572266,0.09919583797454834,0.06298786401748657,0.12869054079055786,0.07021930813789368,0.15942949056625366,0.09344905614852905,0.0423620343208313,0.11904478073120117,0.05273890495300293,0.08149600028991699,0.05583685636520386,0.07800951600074768,0.05114138126373291,0.09040111303329468,0.007996797561645508,0.11167055368423462,0.018148422241210938,0.068850576877594,0.02605980634689331,0.07410860061645508,0.019765257835388184,0.0850905179977417,-0.025026977062225342,0.10530006885528564,-0.016513049602508545,0.06877776980400085,-0.007856547832489014,0.07168647646903992,-0.013503193855285645,0.08047747611999512,-0.05921518802642822,0.09122037887573242,-0.05473893880844116,0.06797850131988525,-0.04284977912902832,0.06601789593696594,-0.04430800676345825
Thumbs_Down,0.0,0.0,0.03007608652114868,0.0447535514831543,0.07086360454559326,0.08220016956329346,0.10286140441894531,0.10460251569747925,0.12083148956298828,0.1293644905090332,0.11124640703201294,0.009743571281433105,0.13305121660232544,0.016892433166503906,0.0983012318611145,0.031097054481506348,0.09415605664253235,0.025411546230316162,0.1003381609916687,-0.02407938241958618,0.11924469470977783,-0.01674365997314453,0.0794733464717865,0.006064474582672119,0.08386054635047913,-0.0031397342681884766,0.08663177490234375,-0.05391407012939453,0.10483068227767944,-0.04992777109146118,0.07155615091323853,-0.02741694450378418,0.07311788201332092,-0.0343899130821228,0.07284975051879883,-0.08502218127250671,0.0833149254322052,-0.08153530955314636,0.06354185938835144,-0.060567617416381836,0.061021000146865845,-0.06173825263977051
Thumbs_Down,0.0,0.0,0.028681576251983643,0.04622370004653931,0.06990352272987366,0.08414101600646973,0.10285788774490356,0.10626709461212158,0.1202620267868042,0.13216519355773926,0.11234241724014282,0.011419236660003662,0.13455945253372192,0.017694830894470215,0.09896218776702881,0.03192484378814697,0.09517994523048401,0.02689605951309204,0.10053271055221558,-0.022397994995117188,0.12050813436508179,-0.01569533348083496,0.07958999276161194,0.00720667839050293,0.08457279205322266,-0.0014130473136901855,0.08649903535842896,-0.0528186559677124,0.10518515110015869,-0.04917252063751221,0.0709565281867981,-0.02636241912841797,0.0730043351650238,-0.03267329931259155,0.07283583283424377,-0.08473837375640869,0.08381593227386475,-0.0819922387599945,0.06308624148368835,-0.06102389097213745,0.06063088774681091,-0.061630427837371826
Thumbs_Down,0.0,0.0,0.028129637241363525,0.04596984386444092,0.06854298710823059,0.08572965860366821,0.10005176067352295,0.11086118221282959,0.11798620223999023,0.13610494136810303,0.11193329095840454,0.017082393169403076,0.13240492343902588,0.02238529920578003,0.0960904061794281,0.03485292196273804,0.09452483057975769,0.029628396034240723,0.10077202320098877,-0.017258763313293457,0.11991745233535767,-0.011772096157073975,0.07823598384857178,0.009094655513763428,0.08488857746124268,0.001164078712463379,0.08733522891998291,-0.0484471321105957,0.10538977384567261,-0.04579615592956543,0.07140877842903137,-0.025259435176849365,0.07492822408676147,-0.03003472089767456,0.07546785473823547,-0.08112215995788574,0.08402940630912781,-0.07898971438407898,0.06354939937591553,-0.059356749057769775,0.06276440620422363,-0.05862116813659668
Thumbs_Down,0.0,0.0,0.027316778898239136,0.04793745279312134,0.06716173887252808,0.08935898542404175,0.09789803624153137,0.11713159084320068,0.11468389630317688,0.14487069845199585,0.11304578185081482,0.020874202251434326,0.1336553394794464,0.030575156211853027,0.09705308079719543,0.04095113277435303,0.09490054845809937,0.0347861647605896,0.10329946875572205,-0.014531731605529785,0.12010326981544495,-0.0034379959106445312,0.07860115170478821,0.014111578464508057,0.08597230911254883,0.00459742546081543,0.09093281626701355,-0.04659825563430786,0.10674652457237244,-0.03845095634460449,0.07253152132034302,-0.020370066165924072,0.07699865102767944,-0.027544498443603516,0.07925713062286377,-0.07914739847183228,0.08750107884407043,-0.07286137342453003,0.06643620133399963,-0.0548173189163208,0.06474649906158447,-0.05728048086166382
Thumbs_Down,0.0,0.0,0.023502230644226074,0.05354046821594238,0.05917978286743164,0.10272234678268433,0.08798941969871521,0.13690614700317383,0.10334435105323792,0.16886085271835327,0.1108001172542572,0.037496328353881836,0.1286086142063141,0.050372421741485596,0.09187385439872742,0.05631732940673828,0.08944067358970642,0.050580382347106934,0.1058054268360138,0.0009045004844665527,0.11848852038383484,0.01604330539703369,0.07602554559707642,0.02800583839416504,0.0842197835445404,0.020173490047454834,0.09665390849113464,-0.03240036964416504,0.108155757188797,-0.019660532474517822,0.07306233048439026,-0.006530880928039551,0.07857245206832886,-0.01332855224609375,0.08728277683258057,-0.06565231084823608,0.0920225977897644,-0.056143224239349365,0.06967401504516602,-0.04161787033081055,0.06862306594848633,-0.04507315158843994
Thumbs_Down,0.0,0.0,0.017140597105026245,0.056280314922332764,0.045810699462890625,0.1115654706954956,0.07173305749893188,0.15157681703567505,0.08275637030601501,0.18915730714797974,0.10166618227958679,0.05851948261260986,0.12270614504814148,0.07156741619110107,0.08437591791152954,0.07098919153213501,0.08311784267425537,0.06659650802612305,0.10058483481407166,0.021978676319122314,0.11477366089820862,0.036340951919555664,0.07008987665176392,0.03986167907714844,0.07947134971618652,0.03462010622024536,0.09526130557060242,-0.013440608978271484,0.1084909737110138,-0.0015401840209960938,0.07145309448242188,0.004834294319152832,0.07704710960388184,0.0008524656295776367,0.0901944637298584,-0.04945474863052368,0.09638294577598572,-0.04204949736595154,0.07231879234313965,-0.03048837184906006,0.07060325145721436,-0.0320286750793457
Thumbs_Down,0.0,0.0,0.013781726360321045,0.05686455965042114,0.036925941705703735,0.11610293388366699,0.058016180992126465,0.15778660774230957,0.06711119413375854,0.19601452350616455,0.09384346008300781,0.06613516807556152,0.1104123592376709,0.08423727750778198,0.07277598977088928,0.0753369927406311,0.07506391406059265,0.06892454624176025,0.09650659561157227,0.030583739280700684,0.10879629850387573,0.048953115940093994,0.0662035346031189,0.044522643089294434,0.07578501105308533,0.03860193490982056,0.09375178813934326,-0.0044370293617248535,0.1054118275642395,0.011513590812683105,0.06957581639289856,0.01140528917312622,0.07659196853637695,0.006594359874725342,0.09211665391921997,-0.03905108571052551,0.09465867280960083,-0.029752612113952637,0.07111960649490356,-0.02300262451171875,0.07298961281776428,-0.02626878023147583
Thumbs_Down,0.0,0.0,0.0065400004386901855,0.05887007713317871,0.021888405084609985,0.12339770793914795,0.039170026779174805,0.16940796375274658,0.044965922832489014,0.20934313535690308,0.08363860845565796,0.08729559183120728,0.09791263937950134,0.10281038284301758,0.06346476078033447,0.08787471055984497,0.0660051703453064,0.0853806734085083,0.09060725569725037,0.051784634590148926,0.10162022709846497,0.06841504573822021,0.06055170297622681,0.05581587553024292,0.07056441903114319,0.05488544702529907,0.0929594337940216,0.016555488109588623,0.10247626900672913,0.031250596046447754,0.06752374768257141,0.024081051349639893,0.07492202520370483,0.023696839809417725,0.09633246064186096,-0.017847299575805664,0.09689590334892273,-0.010268092155456543,0.07279428839683533,-0.00871342420578003,0.07474792003631592,-0.009409010410308838
Thumbs_Down,0.0,0.0,0.004443526268005371,0.05815994739532471,0.017126739025115967,0.11942893266677856,0.03388160467147827,0.16612839698791504,0.039047688245773315,0.20604681968688965,0.07890060544013977,0.08595675230026245,0.0945563018321991,0.10107123851776123,0.060662925243377686,0.08686625957489014,0.06044048070907593,0.08549350500106812,0.08634975552558899,0.05125528573989868,0.09832105040550232,0.06761705875396729,0.05741405487060547,0.055384278297424316,0.06452575325965881,0.0553094744682312,0.08929726481437683,0.01687556505203247,0.09972086548805237,0.03250342607498169,0.06409010291099548,0.024299681186676025,0.06879934668540955,0.023588061332702637,0.0922493040561676,-0.01732802391052246,0.09538218379020691,-0.008536756038665771,0.07082363963127136,-0.008023679256439209,0.07057315111160278,-0.009761691093444824
Thumbs_Down,0.0,0.0,0.0032141506671905518,0.05717635154724121,0.015471994876861572,0.11995506286621094,0.03116011619567871,0.16674137115478516,0.03633737564086914,0.20637941360473633,0.07698467373847961,0.08690226078033447,0.09300971031188965,0.1030428409576416,0.05883151292800903,0.08733862638473511,0.05991742014884949,0.08576703071594238,0.08477699756622314,0.053158581256866455,0.09710758924484253,0.06908625364303589,0.05701470375061035,0.055421292781829834,0.06546324491500854,0.0552600622177124,0.08833521604537964,0.018988847732543945,0.09944665431976318,0.0339282751083374,0.06480252742767334,0.025004088878631592,0.07078304886817932,0.025052905082702637,0.09301722049713135,-0.014897644519805908,0.09516036510467529,-0.007456719875335693,0.07090261578559875,-0.007421255111694336,0.07169961929321289,-0.008138120174407959
Thumbs_Down,0.0,0.0,0.0018140673637390137,0.0570145845413208,0.01361238956451416,0.11813771724700928,0.028862684965133667,0.16510403156280518,0.033822447061538696,0.2051161527633667,0.07537361979484558,0.08757561445236206,0.09185117483139038,0.10465043783187866,0.0588836669921875,0.08880853652954102,0.05743718147277832,0.08654904365539551,0.08363723754882812,0.054305315017700195,0.09549963474273682,0.07095217704772949,0.05559375882148743,0.05692648887634277,0.0620998740196228,0.05715245008468628,0.08744817972183228,0.020754337310791016,0.09790891408920288,0.03564804792404175,0.06341290473937988,0.025944948196411133,0.06769311428070068,0.02553868293762207,0.09161227941513062,-0.012930095195770264,0.09543335437774658,-0.005266427993774414,0.07149603962898254,-0.0050910115242004395,0.07071533799171448,-0.005827486515045166
Thumbs_Down,0.0,0.0,0.002722501754760742,0.05774950981140137,0.012164205312728882,0.11708706617355347,0.027010023593902588,0.16391801834106445,0.03198555111885071,0.20375585556030273,0.07389983534812927,0.08873856067657471,0.0888248085975647,0.10325890779495239,0.05611857771873474,0.08772343397140503,0.05676761269569397,0.08717018365859985,0.08233562111854553,0.055423617362976074,0.09452956914901733,0.07035297155380249,0.05526912212371826,0.056728899478912354,0.06218177080154419,0.05818384885787964,0.08651328086853027,0.022069990634918213,0.09741610288619995,0.03637421131134033,0.06310641765594482,0.026361465454101562,0.06761857867240906,0.027060508728027344,0.09089577198028564,-0.011305451393127441,0.09459012746810913,-0.004447638988494873,0.07107841968536377,-0.005217611789703369,0.07068616151809692,-0.00529712438583374
Thumbs_Down,0.0,0.0,8.046627044677734e-05,0.05708831548690796,0.009647935628890991,0.11709719896316528,0.02416113018989563,0.16467195749282837,0.029935717582702637,0.20387864112854004,0.07037165760993958,0.08887988328933716,0.08652296662330627,0.10663938522338867,0.05566531419754028,0.09020769596099854,0.055186718702316284,0.08805263042449951,0.07928502559661865,0.05650794506072998,0.09128597378730774,0.0729479193687439,0.05266043543815613,0.05797147750854492,0.059874504804611206,0.05891460180282593,0.08433732390403748,0.024070024490356445,0.09537675976753235,0.03779959678649902,0.061914026737213135,0.026980280876159668,0.06679770350456238,0.027023673057556152,0.08959278464317322,-0.00856029987335205,0.09382656216621399,-0.0020598173141479492,0.07039594650268555,-0.0031745433807373047,0.06962466239929199,-0.003980875015258789
Thumbs_Down,0.0,0.0,-0.0020613372325897217,0.055118024349212646,0.0023726820945739746,0.11524558067321777,0.01277303695678711,0.16531282663345337,0.016702264547348022,0.20464366674423218,0.06458693742752075,0.09506577253341675,0.07740017771720886,0.1094365119934082,0.04734987020492554,0.09098255634307861,0.04855775833129883,0.09133642911911011,0.07540300488471985,0.06330639123916626,0.08561515808105469,0.07830619812011719,0.04857093095779419,0.06066817045211792,0.05575099587440491,0.06349486112594604,0.08239948749542236,0.031218349933624268,0.0915936827659607,0.044231116771698,0.059567034244537354,0.03059488534927368,0.06432771682739258,0.03273671865463257,0.0901174545288086,-0.0010065436363220215,0.09187692403793335,0.004367947578430176,0.06926646828651428,0.0005595684051513672,0.06895634531974792,0.0012136101722717285
Thumbs_Down,0.0,0.0,-0.004732310771942139,0.05985015630722046,-0.003662317991256714,0.12014859914779663,0.002768903970718384,0.16737812757492065,-0.00034299492835998535,0.2058267593383789,0.05842435359954834,0.10182255506515503,0.07062464952468872,0.12422502040863037,0.04306530952453613,0.1025131344795227,0.04200786352157593,0.09731477499008179,0.07198649644851685,0.07242023944854736,0.07792332768440247,0.09359246492385864,0.04373365640640259,0.0714307427406311,0.05115213990211487,0.07045060396194458,0.08065482974052429,0.04186129570007324,0.08627039194107056,0.06134176254272461,0.05585134029388428,0.04476618766784668,0.061468690633773804,0.04175269603729248,0.08812737464904785,0.009875118732452393,0.09151160717010498,0.023654043674468994,0.06876495480537415,0.018693208694458008,0.06800004839897156,0.013622403144836426
Thumbs_Down,0.0,0.0,-0.006253033876419067,0.05698484182357788,-0.007266044616699219,0.1156768798828125,-0.0018596351146697998,0.16392415761947632,-0.0063107311725616455,0.20184451341629028,0.05135911703109741,0.10308325290679932,0.06804206967353821,0.12568670511245728,0.03991180658340454,0.10255300998687744,0.03703758120536804,0.09934228658676147,0.06533491611480713,0.0761227011680603,0.07704398036003113,0.09658932685852051,0.04259464144706726,0.07201004028320312,0.04736146330833435,0.07283151149749756,0.0754445493221283,0.04713404178619385,0.08657172322273254,0.06680631637573242,0.05539938807487488,0.04713153839111328,0.0577215850353241,0.04551428556442261,0.08553269505500793,0.015607953071594238,0.09196063876152039,0.028385698795318604,0.06934463977813721,0.021238088607788086,0.06667056679725647,0.018200337886810303
Thumbs_Down,0.0,0.0,-0.007778912782669067,0.05567622184753418,-0.00931626558303833,0.11350923776626587,-0.00588950514793396,0.16112667322158813,-0.010809510946273804,0.19939768314361572,0.05104053020477295,0.09847098588943481,0.06359878182411194,0.12369734048843384,0.03717133402824402,0.10086029767990112,0.03553992509841919,0.09620237350463867,0.0656653344631195,0.07249259948730469,0.07220035791397095,0.09508633613586426,0.0395873486995697,0.07042121887207031,0.04642096161842346,0.06992202997207642,0.07664701342582703,0.04435831308364868,0.08373209834098816,0.06555914878845215,0.05398157238960266,0.04565751552581787,0.05825212597846985,0.041950881481170654,0.08774527907371521,0.013612747192382812,0.09052500128746033,0.027742445468902588,0.0685703456401825,0.02037566900253296,0.06781378388404846,0.015017032623291016
Thumbs_Down,0.0,0.0,-0.009140938520431519,0.055940449237823486,-0.011331647634506226,0.11379057168960571,-0.006144016981124878,0.16073286533355713,-0.010034561157226562,0.19901472330093384,0.04840955138206482,0.09841185808181763,0.06398525834083557,0.1237480640411377,0.036547333002090454,0.09984767436981201,0.033324360847473145,0.09585654735565186,0.0630512535572052,0.07222533226013184,0.07365334033966064,0.09599447250366211,0.03979521989822388,0.07025820016860962,0.044036686420440674,0.07016140222549438,0.07448238134384155,0.04413563013076782,0.08330053091049194,0.0661916732788086,0.05310404300689697,0.044918954372406006,0.056059688329696655,0.04201406240463257,0.08579379320144653,0.013654470443725586,0.08860647678375244,0.02869945764541626,0.06655344367027283,0.019354403018951416,0.06595495343208313,0.013707518577575684
Thumbs_Down,0.0,0.0,-0.005952328443527222,0.05683588981628418,-0.006878793239593506,0.11491763591766357,-9.053945541381836e-05,0.16011279821395874,-0.002155870199203491,0.19832873344421387,0.053752750158309937,0.09772312641143799,0.06594902276992798,0.11911141872406006,0.038099974393844604,0.09645825624465942,0.03797590732574463,0.09409397840499878,0.06770056486129761,0.07059967517852783,0.0758284330368042,0.09083640575408936,0.04134753346443176,0.06761312484741211,0.04700770974159241,0.06913149356842041,0.07748055458068848,0.041279733180999756,0.0844152569770813,0.059880733489990234,0.05401933193206787,0.04126596450805664,0.05770665407180786,0.04076814651489258,0.08710217475891113,0.010324478149414062,0.08735436201095581,0.019915282726287842,0.06542673707008362,0.0130959153175354,0.06564024090766907,0.011447727680206299
Thumbs_Down,0.0,0.0,-0.006084352731704712,0.05514627695083618,-0.004453599452972412,0.11117333173751831,0.0054558515548706055,0.15745365619659424,0.007242858409881592,0.19636130332946777,0.05462720990180969,0.09006404876708984,0.07070457935333252,0.11095237731933594,0.04282227158546448,0.09111887216567993,0.040590912103652954,0.08766424655914307,0.0660172700881958,0.06121110916137695,0.0783243179321289,0.07995623350143433,0.04279983043670654,0.059789180755615234,0.04747605323791504,0.06087982654571533,0.07431060075759888,0.03170311450958252,0.08559006452560425,0.0476534366607666,0.05470612645149231,0.031857073307037354,0.05731132626533508,0.031198859214782715,0.08324176073074341,0.0010368824005126953,0.08792352676391602,0.009169042110443115,0.06585341691970825,0.004089951515197754,0.06423020362854004,0.002056300640106201
Thumbs_Down,0.0,0.0,-0.0004820525646209717,0.055133968591690063,0.006887972354888916,0.11426839232444763,0.018963873386383057,0.16109821200370789,0.02262839674949646,0.19921305775642395,0.06751692295074463,0.09023603796958923,0.07993119955062866,0.10634389519691467,0.05026531219482422,0.08921238780021667,0.050407081842422485,0.08763733506202698,0.07770723104476929,0.05977949500083923,0.08628660440444946,0.07498708367347717,0.05036935210227966,0.05977192521095276,0.0562322735786438,0.06027749180793762,0.0834280252456665,0.02846190333366394,0.09128600358963013,0.04201748967170715,0.059964120388031006,0.03058508038520813,0.06377455592155457,0.030021101236343384,0.08902662992477417,-0.0028860867023468018,0.09064781665802002,0.004881173372268677,0.06880515813827515,0.002633124589920044,0.0685465931892395,0.0006185770034790039
Thumbs_Down,0.0,0.0,8.147954940795898e-05,0.0545274019241333,0.008233606815338135,0.11441320180892944,0.020593076944351196,0.16172492504119873,0.024937838315963745,0.20078521966934204,0.07069751620292664,0.09076923131942749,0.07998809218406677,0.10488075017929077,0.05027979612350464,0.08945393562316895,0.05195388197898865,0.08759886026382446,0.08107474446296692,0.05939221382141113,0.08557763695716858,0.07368522882461548,0.04914498329162598,0.06030380725860596,0.05734184384346008,0.06097203493118286,0.08611389994621277,0.02786928415298462,0.09019121527671814,0.04020702838897705,0.058366745710372925,0.030675530433654785,0.06413334608078003,0.030934154987335205,0.09065762162208557,-0.002942681312561035,0.0889827311038971,0.003837764263153076,0.06684735417366028,0.002711057662963867,0.06789159774780273,0.001087963581085205
Thumbs_Down,0.0,0.0,0.0018343925476074219,0.05514976382255554,0.009104132652282715,0.11344978213310242,0.021945655345916748,0.1611352264881134,0.027467072010040283,0.19952037930488586,0.06928306818008423,0.0866912305355072,0.08078759908676147,0.10175624489784241,0.05053526163101196,0.08730104565620422,0.05129024386405945,0.08559957146644592,0.07842278480529785,0.05516883730888367,0.08573895692825317,0.07005146145820618,0.04896807670593262,0.05745008587837219,0.05629122257232666,0.05741563439369202,0.08286440372467041,0.02372947335243225,0.09101331233978271,0.03690388798713684,0.0581737756729126,0.027434855699539185,0.062426865100860596,0.026834815740585327,0.08695292472839355,-0.00808897614479065,0.0903860330581665,-0.0008902251720428467,0.06726709008216858,-0.0016224086284637451,0.06616267561912537,-0.0035682618618011475
Thumbs_Down,0.0,0.0,0.003879338502883911,0.05425706505775452,0.013708651065826416,0.11189410090446472,0.02780205011367798,0.15732166171073914,0.033101797103881836,0.19562861323356628,0.07095217704772949,0.07995954155921936,0.08370304107666016,0.09530225396156311,0.05250263214111328,0.08290377259254456,0.05262124538421631,0.08023068308830261,0.07898962497711182,0.04839023947715759,0.08816903829574585,0.06406274437904358,0.05050647258758545,0.0539526641368866,0.057547181844711304,0.052684932947158813,0.08250218629837036,0.016968876123428345,0.09245520830154419,0.031218677759170532,0.058833301067352295,0.02409997582435608,0.06297522783279419,0.022106558084487915,0.0857311487197876,-0.015428632497787476,0.08971375226974487,-0.007113814353942871,0.0664539635181427,-0.006268173456192017,0.06562688946723938,-0.008791118860244751
Thumbs_Down,0.0,0.0,0.007360100746154785,0.05633622407913208,0.019824475049972534,0.11329847574234009,0.0347309410572052,0.15836697816848755,0.04145476222038269,0.1955702304840088,0.07739394903182983,0.07867145538330078,0.08977064490318298,0.0956348180770874,0.058097124099731445,0.08367305994033813,0.0597270131111145,0.07996338605880737,0.08387485146522522,0.045378148555755615,0.09287747740745544,0.06354951858520508,0.05521750450134277,0.054091811180114746,0.06376829743385315,0.05127900838851929,0.0859767496585846,0.013325750827789307,0.09607520699501038,0.030230581760406494,0.06282100081443787,0.024003148078918457,0.06814640760421753,0.020892083644866943,0.08793815970420837,-0.018385857343673706,0.092985600233078,-0.007760047912597656,0.06976595520973206,-0.006217777729034424,0.06896379590034485,-0.010314345359802246
Thumbs_Down,0.0,0.0,0.006383776664733887,0.05573117733001709,0.018802225589752197,0.11168473958969116,0.03447502851486206,0.15638279914855957,0.04124462604522705,0.1940782070159912,0.07612931728363037,0.07762938737869263,0.08849400281906128,0.09293931722640991,0.057348668575286865,0.08151960372924805,0.057432472705841064,0.07798254489898682,0.08282530307769775,0.044660329818725586,0.09191232919692993,0.0615769624710083,0.05403819680213928,0.05250018835067749,0.06144687533378601,0.05031085014343262,0.08529150485992432,0.012780427932739258,0.0956835150718689,0.028762519359588623,0.06194305419921875,0.022285819053649902,0.06631255149841309,0.01891988515853882,0.08714330196380615,-0.01957935094833374,0.09222352504730225,-0.008420288562774658,0.06880015134811401,-0.0075470805168151855,0.06768816709518433,-0.011983245611190796
Thumbs_Down,0.0,0.0,0.005373477935791016,0.05538952350616455,0.017206460237503052,0.11182796955108643,0.03296321630477905,0.156815767288208,0.04141619801521301,0.193595290184021,0.07456839084625244,0.08062320947647095,0.08894503116607666,0.09468847513198853,0.05691000819206238,0.08309465646743774,0.05784580111503601,0.0808861255645752,0.08140730857849121,0.04779553413391113,0.09316504001617432,0.06324535608291626,0.05438709259033203,0.05432999134063721,0.061847537755966187,0.05355316400527954,0.08394062519073486,0.015581011772155762,0.0951116681098938,0.030647873878479004,0.061150312423706055,0.02500176429748535,0.06536617875099182,0.023470163345336914,0.08671802282333374,-0.016426682472229004,0.08906012773513794,-0.007770121097564697,0.06629997491836548,-0.005765020847320557,0.06652072072029114,-0.007500201463699341
Thumbs_Down,0.0,0.0,0.00463491678237915,0.054010987281799316,0.013152390718460083,0.10620272159576416,0.029095232486724854,0.14745759963989258,0.03885042667388916,0.17919200658798218,0.06571581959724426,0.07858830690383911,0.0887158215045929,0.08791196346282959,0.05403408408164978,0.08286869525909424,0.04370865225791931,0.08254516124725342,0.07050833106040955,0.043911516666412354,0.08805766701698303,0.05035513639450073,0.04853072762489319,0.04717963933944702,0.04723760485649109,0.04644566774368286,0.07145741581916809,0.01009523868560791,0.08763125538825989,0.016655802726745605,0.052946001291275024,0.015126407146453857,0.04992315173149109,0.013583719730377197,0.07139769196510315,-0.026342958211898804,0.08255305886268616,-0.022842854261398315,0.05935075879096985,-0.017765820026397705,0.05279979109764099,-0.018426895141601562
Thumbs_Down,0.0,0.0,0.011528372764587402,0.05493974685668945,0.01648542284965515,0.10423600673675537,0.03161236643791199,0.14754217863082886,0.04181861877441406,0.1743171215057373,0.06554776430130005,0.07488071918487549,0.08529305458068848,0.08236634731292725,0.054166972637176514,0.0791769027709961,0.04555279016494751,0.0786275863647461,0.06955361366271973,0.039073944091796875,0.08583325147628784,0.04592245817184448,0.04759716987609863,0.044538021087646484,0.04765582084655762,0.04394441843032837,0.06928855180740356,0.0055315494537353516,0.08605754375457764,0.014493167400360107,0.0524478554725647,0.013573408126831055,0.04927253723144531,0.010680317878723145,0.06702828407287598,-0.030315428972244263,0.0798845887184143,-0.02588498592376709,0.05768460035324097,-0.018983781337738037,0.05245751142501831,-0.01946204900741577
Thumbs_Down,0.0,0.0,0.0120161771774292,0.054840683937072754,0.018160909414291382,0.10374873876571655,0.03208500146865845,0.14148038625717163,0.04102492332458496,0.16992902755737305,0.06311458349227905,0.06344091892242432,0.07701373100280762,0.06938308477401733,0.04785805940628052,0.06798046827316284,0.03957432508468628,0.0681341290473938,0.06674814224243164,0.028778135776519775,0.0808030366897583,0.032655537128448486,0.04788857698440552,0.034642040729522705,0.04299694299697876,0.033122718334198,0.0648842453956604,-0.004988431930541992,0.08053088188171387,0.0013371706008911133,0.04916524887084961,0.0036607980728149414,0.042268216609954834,0.00048416852951049805,0.06017237901687622,-0.04203730821609497,0.07393121719360352,-0.03931385278701782,0.054159462451934814,-0.0314335823059082,0.04640614986419678,-0.03127974271774292
Thumbs_Down,0.0,0.0,0.012733161449432373,0.05632734298706055,0.018010735511779785,0.10250115394592285,0.03082674741744995,0.13551491498947144,0.04021334648132324,0.16092920303344727,0.055069565773010254,0.057354748249053955,0.06698542833328247,0.06547099351882935,0.04195433855056763,0.06828463077545166,0.0317683219909668,0.07102328538894653,0.05987590551376343,0.022980213165283203,0.07149934768676758,0.02785724401473999,0.04379570484161377,0.03108114004135132,0.037460386753082275,0.030178964138031006,0.05854529142379761,-0.011526882648468018,0.07199710607528687,-0.005211472511291504,0.044796109199523926,-0.0022049546241760254,0.03772610425949097,-0.005801498889923096,0.05292147397994995,-0.04872289299964905,0.06432342529296875,-0.044775038957595825,0.04650956392288208,-0.037097156047821045,0.03885287046432495,-0.037415921688079834
Thumbs_Down,0.0,0.0,0.012124359607696533,0.05630230903625488,0.015410780906677246,0.100125253200531,0.026100456714630127,0.13553839921951294,0.03561657667160034,0.16114574670791626,0.05035799741744995,0.0550079345703125,0.06273376941680908,0.06269252300262451,0.03955155611038208,0.06928592920303345,0.02949470281600952,0.07297515869140625,0.055705726146698,0.020924746990203857,0.06821119785308838,0.024667203426361084,0.04120355844497681,0.030810117721557617,0.03348052501678467,0.030292034149169922,0.0541117787361145,-0.012910962104797363,0.06844252347946167,-0.008030414581298828,0.0417943000793457,-0.0022106170654296875,0.0327492356300354,-0.005068957805633545,0.047846198081970215,-0.04843789339065552,0.05950397253036499,-0.046591490507125854,0.04293698072433472,-0.03774020075798035,0.03463172912597656,-0.03711366653442383
Thumbs_Down,0.0,0.0,0.013107120990753174,0.05522596836090088,0.016885578632354736,0.0988391637802124,0.027213871479034424,0.13212084770202637,0.036451101303100586,0.1563829779624939,0.054624080657958984,0.05572926998138428,0.06069093942642212,0.0590362548828125,0.042012035846710205,0.06552976369857788,0.030910372734069824,0.07172662019729614,0.058161020278930664,0.020450055599212646,0.06529510021209717,0.020141422748565674,0.04295629262924194,0.02651822566986084,0.03250819444656372,0.028615355491638184,0.05361455678939819,-0.015125036239624023,0.064674973487854,-0.013517439365386963,0.04200249910354614,-0.007316708564758301,0.031032443046569824,-0.006640791893005371,0.043681323528289795,-0.05080103874206543,0.05527740716934204,-0.05477365851402283,0.04131805896759033,-0.04534798860549927,0.031856417655944824,-0.039909154176712036
Thumbs_Down,0.0,0.0,0.012924939393997192,0.05575680732727051,0.017151683568954468,0.10256344079971313,0.03147462010383606,0.13326621055603027,0.04114130139350891,0.15742039680480957,0.060031503438949585,0.059999287128448486,0.06527343392372131,0.06447356939315796,0.04145309329032898,0.06630247831344604,0.03246304392814636,0.07033222913742065,0.06182613968849182,0.023028075695037842,0.06805607676506042,0.023932933807373047,0.04216757416725159,0.028745651245117188,0.0346473753452301,0.0301210880279541,0.05693802237510681,-0.012527763843536377,0.06770583987236023,-0.010496258735656738,0.04194501042366028,-0.00493544340133667,0.033388346433639526,-0.00431215763092041,0.048233479261398315,-0.04859191179275513,0.05919012427330017,-0.04909700155258179,0.041611045598983765,-0.040357738733291626,0.03298380970954895,-0.03608393669128418
Thumbs_Down,0.0,0.0,0.012035280466079712,0.05549901723861694,0.016947150230407715,0.10159051418304443,0.031590014696121216,0.13731545209884644,0.043056339025497437,0.16283941268920898,0.06320825219154358,0.059410929679870605,0.06920722126960754,0.06017613410949707,0.046468645334243774,0.0645136833190918,0.03688570857048035,0.06883180141448975,0.06802502274513245,0.022107183933258057,0.07192102074623108,0.02087390422821045,0.046544283628463745,0.027807176113128662,0.03873196244239807,0.02857118844985962,0.06408193707466125,-0.015311181545257568,0.07066193222999573,-0.014621317386627197,0.04523476958274841,-0.0068274736404418945,0.03583386540412903,-0.006834685802459717,0.05625578761100769,-0.05379873514175415,0.06416592001914978,-0.05455639958381653,0.04462966322898865,-0.046175748109817505,0.03377893567085266,-0.04413717985153198
Thumbs_Down,0.0,0.0,0.013997167348861694,0.05613142251968384,0.02047702670097351,0.10281825065612793,0.03598371148109436,0.1400986909866333,0.047147542238235474,0.16807854175567627,0.061331480741500854,0.0575481653213501,0.08224108815193176,0.06551796197891235,0.05361953377723694,0.06786394119262695,0.040448397397994995,0.06801098585128784,0.06560066342353821,0.02498084306716919,0.08442619442939758,0.030233263969421387,0.05005714297294617,0.03319346904754639,0.042046934366226196,0.03046804666519165,0.06440886855125427,-0.008032441139221191,0.08208820223808289,-0.0010433793067932129,0.049612730741500854,0.0019096732139587402,0.041218727827072144,-0.0018944144248962402,0.059796303510665894,-0.04433801770210266,0.0752498209476471,-0.040509164333343506,0.05311378836631775,-0.032399117946624756,0.04371991753578186,-0.03259164094924927
Thumbs_Down,0.0,0.0,0.0112038254737854,0.05477637052536011,0.022005528211593628,0.10666477680206299,0.04016059637069702,0.14538276195526123,0.051608920097351074,0.1735190749168396,0.07081931829452515,0.07050478458404541,0.0926285982131958,0.0771111249923706,0.05709952116012573,0.07360619306564331,0.048708319664001465,0.07326698303222656,0.07373625040054321,0.03538477420806885,0.09010142087936401,0.03980278968811035,0.050612449645996094,0.03995943069458008,0.05015844106674194,0.03889954090118408,0.07196742296218872,0.0016509294509887695,0.08851909637451172,0.007490217685699463,0.05349445343017578,0.008386552333831787,0.050111234188079834,0.006149232387542725,0.06884151697158813,-0.034658581018447876,0.07986307144165039,-0.031854480504989624,0.05654430389404297,-0.024980932474136353,0.05031609535217285,-0.02552381157875061
Thumbs_Down,0.0,0.0,0.009014308452606201,0.05455678701400757,0.02587774395942688,0.10537451505661011,0.04803910851478577,0.14292508363723755,0.06106001138687134,0.1738748550415039,0.07829469442367554,0.06648129224777222,0.10395795106887817,0.07833141088485718,0.0690610408782959,0.07535338401794434,0.06075197458267212,0.0729483962059021,0.07964527606964111,0.03188467025756836,0.09772592782974243,0.0426708459854126,0.05631479620933533,0.04231536388397217,0.05926433205604553,0.03997880220413208,0.07770442962646484,-0.0013427138328552246,0.09382361173629761,0.008312642574310303,0.058417290449142456,0.008851885795593262,0.05942150950431824,0.005114436149597168,0.07557111978530884,-0.03748500347137451,0.08706796169281006,-0.03167816996574402,0.06332677602767944,-0.024725019931793213,0.0580843985080719,-0.026427268981933594
Thumbs_Down,0.0,0.0,0.010363459587097168,0.05305248498916626,0.03159385919570923,0.10393130779266357,0.05623829364776611,0.14317768812179565,0.07129272818565369,0.17468756437301636,0.08707544207572937,0.06569850444793701,0.11374965310096741,0.07859164476394653,0.07827267050743103,0.07628399133682251,0.0684889554977417,0.07249099016189575,0.08788511157035828,0.03002268075942993,0.1043877899646759,0.0422024130821228,0.06077855825424194,0.043164074420928955,0.06529873609542847,0.040939271450042725,0.0852690041065216,-0.0038057565689086914,0.09989288449287415,0.006452202796936035,0.0635468065738678,0.008594095706939697,0.06563892960548401,0.004845142364501953,0.08202478289604187,-0.04016381502151489,0.0909329354763031,-0.03356194496154785,0.06655693054199219,-0.02579393982887268,0.06250154972076416,-0.027750462293624878
Thumbs_Down,0.0,0.0,0.011657863855361938,0.05296468734741211,0.03659588098526001,0.10573709011077881,0.062130361795425415,0.1463872194290161,0.07709723711013794,0.18025290966033936,0.09251651167869568,0.05739426612854004,0.10372504591941833,0.06779539585113525,0.07332950830459595,0.06377577781677246,0.07267868518829346,0.058376431465148926,0.0942557156085968,0.021610796451568604,0.09914210438728333,0.033152103424072266,0.0589430034160614,0.03476148843765259,0.0692090392112732,0.031149089336395264,0.0909058153629303,-0.010452330112457275,0.09614518284797668,-0.0024505257606506348,0.06293463706970215,0.00178605318069458,0.06988683342933655,-0.0017145276069641113,0.08696171641349792,-0.04266464710235596,0.08895769715309143,-0.038251250982284546,0.06632879376411438,-0.029517710208892822,0.06549662351608276,-0.031794220209121704
Thumbs_Down,0.0,0.0,0.01539081335067749,0.05184262990951538,0.042539358139038086,0.10553354024887085,0.06689134240150452,0.1453685760498047,0.08167481422424316,0.18036121129989624,0.09751224517822266,0.050059616565704346,0.10100537538528442,0.06289726495742798,0.06948882341384888,0.061554133892059326,0.07164666056632996,0.05703490972518921,0.09961259365081787,0.015245199203491211,0.09701043367385864,0.029389023780822754,0.060608625411987305,0.034116148948669434,0.0688675045967102,0.030084311962127686,0.09429168701171875,-0.01632136106491089,0.09504354000091553,-0.005268752574920654,0.06332263350486755,0.001538097858428955,0.06910797953605652,-0.00021064281463623047,0.0880301296710968,-0.046339452266693115,0.08639830350875854,-0.04017004370689392,0.06516534090042114,-0.029845118522644043,0.06518182158470154,-0.02990281581878662
Thumbs_Down,0.0,0.0,0.016131669282913208,0.05348891019821167,0.04497334361076355,0.105579674243927,0.069663405418396,0.14395970106124878,0.08529466390609741,0.17870551347732544,0.10684734582901001,0.04871785640716553,0.09847903251647949,0.05946838855743408,0.06746241450309753,0.05863964557647705,0.06909304857254028,0.052381157875061035,0.11009979248046875,0.009639739990234375,0.09279608726501465,0.023729562759399414,0.057996511459350586,0.031052708625793457,0.0661000907421112,0.025445401668548584,0.10163819789886475,-0.024693459272384644,0.0902538001537323,-0.011798083782196045,0.05932149291038513,-0.0026494860649108887,0.0643949806690216,-0.007375597953796387,0.09062248468399048,-0.05591657757759094,0.08457183837890625,-0.04840892553329468,0.0634186863899231,-0.0360492467880249,0.06282371282577515,-0.036741435527801514
Thumbs_Down,0.0,0.0,0.014294832944869995,0.05618399381637573,0.04336276650428772,0.10807067155838013,0.06820374727249146,0.14631468057632446,0.0846560001373291,0.18159228563308716,0.10835331678390503,0.05116051435470581,0.09029451012611389,0.05668354034423828,0.06059291958808899,0.05724442005157471,0.058890730142593384,0.054132819175720215,0.11223375797271729,0.010271787643432617,0.0843321681022644,0.019516706466674805,0.05250829458236694,0.02753627300262451,0.05522507429122925,0.024995923042297363,0.10389751195907593,-0.026171088218688965,0.08047914505004883,-0.01588866114616394,0.05182656645774841,-0.005670011043548584,0.052838027477264404,-0.00732189416885376,0.09146487712860107,-0.05922970175743103,0.08296355605125427,-0.05461198091506958,0.06124940514564514,-0.04176679253578186,0.05581212043762207,-0.03879740834236145
Thumbs_Down,0.0,0.0,0.015523284673690796,0.057434797286987305,0.04618021845817566,0.10783720016479492,0.07004120945930481,0.14494264125823975,0.08537134528160095,0.18052726984024048,0.11211705207824707,0.04810500144958496,0.08590999245643616,0.05294907093048096,0.05804911255836487,0.05461835861206055,0.05467867851257324,0.05344891548156738,0.11282169818878174,0.0048749446868896484,0.07645407319068909,0.01581364870071411,0.050321221351623535,0.02449709177017212,0.05209791660308838,0.024143636226654053,0.1024661660194397,-0.03174605965614319,0.07257989048957825,-0.02063840627670288,0.04899361729621887,-0.010369598865509033,0.05090540647506714,-0.010231077671051025,0.08778658509254456,-0.0637463927268982,0.07924842834472656,-0.058924734592437744,0.05929911136627197,-0.047343164682388306,0.05354192852973938,-0.043394505977630615
Thumbs_Down,0.0,0.0,0.015379786491394043,0.058460772037506104,0.0450308620929718,0.10889613628387451,0.0673888623714447,0.14490491151809692,0.0822722315788269,0.18006634712219238,0.11014452576637268,0.044612348079681396,0.08110421895980835,0.05048263072967529,0.053846538066864014,0.053942739963531494,0.049860864877700806,0.05392658710479736,0.10979732871055603,-0.0011351704597473145,0.0714813768863678,0.012618005275726318,0.04593631625175476,0.023087680339813232,0.04631051421165466,0.023889482021331787,0.0979013442993164,-0.03832632303237915,0.06705710291862488,-0.02540600299835205,0.044897496700286865,-0.012881457805633545,0.04607194662094116,-0.011474668979644775,0.08117368817329407,-0.06928250193595886,0.06928804516792297,-0.061759501695632935,0.05021759867668152,-0.0464400053024292,0.04500111937522888,-0.03988727927207947
Thumbs_Down,0.0,0.0,0.014451980590820312,0.055786073207855225,0.04174366593360901,0.10510039329528809,0.06206029653549194,0.14320647716522217,0.07575350999832153,0.17976653575897217,0.1075749397277832,0.04622018337249756,0.08089154958724976,0.052184998989105225,0.053716033697128296,0.052249789237976074,0.044070422649383545,0.05106091499328613,0.10669395327568054,0.0004729032516479492,0.07310765981674194,0.011798083782196045,0.04622480273246765,0.02020394802093506,0.036958545446395874,0.023371517658233643,0.09558501839637756,-0.037055790424346924,0.06236535310745239,-0.025498569011688232,0.03930732607841492,-0.012204647064208984,0.03293806314468384,-0.005507528781890869,0.07926326990127563,-0.06793135404586792,0.057279497385025024,-0.06115201115608215,0.036344826221466064,-0.04530555009841919,0.027755320072174072,-0.03478291630744934
Thumbs_Down,0.0,0.0,0.013221770524978638,0.05576527118682861,0.038365453481674194,0.1046416163444519,0.056641072034835815,0.14530426263809204,0.07001292705535889,0.18255048990249634,0.1029234528541565,0.04399210214614868,0.06729793548583984,0.051480770111083984,0.04360875487327576,0.05211746692657471,0.04050910472869873,0.04972648620605469,0.10223597288131714,-0.0015324950218200684,0.05349728465080261,0.011950135231018066,0.03239506483078003,0.021727263927459717,0.0314483642578125,0.025012314319610596,0.0910618007183075,-0.03818702697753906,0.04273262619972229,-0.02338588237762451,0.024821162223815918,-0.010632455348968506,0.026453137397766113,-0.005635619163513184,0.07463067770004272,-0.06821995973587036,0.039887458086013794,-0.05703091621398926,0.023137539625167847,-0.042906999588012695,0.021150678396224976,-0.035065680742263794
Thumbs_Down,0.0,0.0,0.012943834066390991,0.05614352226257324,0.03766140341758728,0.1054583191871643,0.05504223704338074,0.14665454626083374,0.06633108854293823,0.18609344959259033,0.1029914915561676,0.04833793640136719,0.06790900230407715,0.05485612154006958,0.044962525367736816,0.054491639137268066,0.04188451170921326,0.051577985286712646,0.10221105813980103,0.003211677074432373,0.055423587560653687,0.01556175947189331,0.03555828332901001,0.023456454277038574,0.03446531295776367,0.025615930557250977,0.09123536944389343,-0.033612966537475586,0.04508844017982483,-0.02006542682647705,0.02783939242362976,-0.008396327495574951,0.029229670763015747,-0.004116058349609375,0.07511678338050842,-0.0643826425075531,0.04189026355743408,-0.05260276794433594,0.025604188442230225,-0.04038915038108826,0.02379310131072998,-0.03475654125213623
Thumbs_Down,0.0,0.0,0.011334776878356934,0.05848878622055054,0.03453177213668823,0.1106572151184082,0.049418479204177856,0.15457206964492798,0.05762273073196411,0.194413423538208,0.10198831558227539,0.05884063243865967,0.07028791308403015,0.06425726413726807,0.049252986907958984,0.06271743774414062,0.04724040627479553,0.060595571994781494,0.10324081778526306,0.013911724090576172,0.05905306339263916,0.024068236351013184,0.03987008333206177,0.028451740741729736,0.04042273759841919,0.027948975563049316,0.09334456920623779,-0.02432084083557129,0.04673522710800171,-0.01195758581161499,0.030716031789779663,-0.005221843719482422,0.03515240550041199,-0.004947185516357422,0.07795226573944092,-0.05698561668395996,0.04364979267120361,-0.04573237895965576,0.027482807636260986,-0.03706842660903931,0.02737736701965332,-0.03520652651786804
Thumbs_Down,0.0,0.0,0.0048136115074157715,0.05864226818084717,0.025700032711029053,0.11626046895980835,0.04134911298751831,0.1604967713356018,0.04770386219024658,0.20042848587036133,0.09937238693237305,0.0795060396194458,0.07209905982017517,0.082763671875,0.04627710580825806,0.07496815919876099,0.04280740022659302,0.07049190998077393,0.10656911134719849,0.03833317756652832,0.06844347715377808,0.043863773345947266,0.04332435131072998,0.043675899505615234,0.04500359296798706,0.042521119117736816,0.10264396667480469,0.00041037797927856445,0.06843644380569458,0.006558597087860107,0.045563578605651855,0.008654475212097168,0.04768526554107666,0.007549166679382324,0.09403997659683228,-0.034932464361190796,0.07305380702018738,-0.028336405754089355,0.05292034149169922,-0.02306985855102539,0.05009418725967407,-0.022086799144744873
Thumbs_Down,0.0,0.0,0.002810359001159668,0.058284759521484375,0.02311605215072632,0.11852365732192993,0.04064425826072693,0.16380172967910767,0.047656089067459106,0.2031359076499939,0.09783047437667847,0.08158499002456665,0.07622954249382019,0.08602482080459595,0.04778239130973816,0.0753713846206665,0.04539808630943298,0.06990081071853638,0.10716170072555542,0.0440601110458374,0.07369682192802429,0.04939180612564087,0.044901877641677856,0.0452880859375,0.04924091696739197,0.043505311012268066,0.10542136430740356,0.0076822638511657715,0.07260936498641968,0.01230233907699585,0.04635348916053772,0.011905789375305176,0.049816012382507324,0.01074594259262085,0.09912043809890747,-0.027069926261901855,0.07542994618415833,-0.023186028003692627,0.05311569571495056,-0.020976781845092773,0.05134055018424988,-0.021964728832244873
Thumbs_Down,0.0,0.0,0.0029311776161193848,0.05879086256027222,0.02352774143218994,0.11812174320220947,0.04056212306022644,0.16200488805770874,0.046651214361190796,0.2011670470237732,0.0981714129447937,0.08120512962341309,0.07829952239990234,0.0880935788154602,0.04912325739860535,0.07637381553649902,0.0450252890586853,0.07118207216262817,0.10772639513015747,0.042673707008361816,0.0771225094795227,0.05043989419937134,0.04759931564331055,0.04522442817687988,0.050471484661102295,0.0435183048248291,0.1056709885597229,0.00522536039352417,0.0758109986782074,0.012573778629302979,0.04975777864456177,0.010431885719299316,0.052973538637161255,0.008243858814239502,0.09885770082473755,-0.02996295690536499,0.07937455177307129,-0.023981690406799316,0.05809342861175537,-0.022171378135681152,0.056732237339019775,-0.02419447898864746
Thumbs_Down,0.0,0.0,0.002580702304840088,0.059198737144470215,0.021894633769989014,0.11995691061019897,0.03901582956314087,0.1638898253440857,0.04517349600791931,0.2037867307662964,0.09756433963775635,0.0828050971031189,0.08049553632736206,0.0918683409690857,0.05081948637962341,0.0794457197189331,0.04776644706726074,0.07273167371749878,0.1089281439781189,0.04558759927749634,0.08079135417938232,0.054780423641204834,0.04836297035217285,0.04849201440811157,0.05186393857002258,0.045725345611572266,0.10708600282669067,0.009368717670440674,0.08204126358032227,0.018720507621765137,0.05280354619026184,0.01619940996170044,0.054899781942367554,0.01310664415359497,0.10033321380615234,-0.02452695369720459,0.084694504737854,-0.017423570156097412,0.06250882148742676,-0.015559613704681396,0.060928404331207275,-0.017851054668426514
Thumbs_Down,0.0,0.0,0.0023424625396728516,0.05734831094741821,0.017508655786514282,0.11773031949996948,0.03161531686782837,0.16594016551971436,0.03767663240432739,0.20579898357391357,0.08904427289962769,0.08501136302947998,0.082785964012146,0.09576010704040527,0.0528276264667511,0.08244466781616211,0.052609384059906006,0.07764536142349243,0.10010242462158203,0.051002681255340576,0.08492201566696167,0.062155723571777344,0.048928022384643555,0.05329197645187378,0.05659127235412598,0.05158513784408569,0.09936141967773438,0.01644045114517212,0.08648568391799927,0.028824567794799805,0.05471810698509216,0.02370995283126831,0.06054741144180298,0.020553648471832275,0.09496408700942993,-0.016097187995910645,0.08562403917312622,-0.007350146770477295,0.06273806095123291,-0.005177021026611328,0.06342959403991699,-0.007855594158172607
Thumbs_Down,0.0,0.0,0.00018039345741271973,0.05792856216430664,0.013961195945739746,0.12050831317901611,0.028395771980285645,0.16857272386550903,0.03266918659210205,0.2080385684967041,0.08272486925125122,0.08911937475204468,0.08073514699935913,0.1000404953956604,0.0506664514541626,0.08553409576416016,0.04858684539794922,0.08118575811386108,0.09488087892532349,0.05687659978866577,0.08398562669754028,0.06801658868789673,0.04776674509048462,0.05667179822921753,0.05367910861968994,0.05584782361984253,0.09619629383087158,0.023792922496795654,0.08690845966339111,0.03516662120819092,0.05467581748962402,0.02858603000640869,0.058669865131378174,0.02733510732650757,0.09419947862625122,-0.008329808712005615,0.08613032102584839,-0.0012392401695251465,0.0630684494972229,0.0007793307304382324,0.06305623054504395,0.0007050037384033203
Thumbs_Down,0.0,0.0,0.0006559491157531738,0.0565149188041687,0.013255476951599121,0.11782997846603394,0.02849811315536499,0.16618531942367554,0.034111589193344116,0.20667296648025513,0.08084508776664734,0.08650422096252441,0.08447989821434021,0.1000177264213562,0.052766650915145874,0.08593535423278809,0.04983606934547424,0.08141905069351196,0.09202960133552551,0.054827749729156494,0.08624693751335144,0.06733644008636475,0.047514110803604126,0.055926382541656494,0.0535336434841156,0.054324328899383545,0.0937032401561737,0.021982967853546143,0.09011104702949524,0.03434956073760986,0.05598267912864685,0.02736145257949829,0.059124499559402466,0.024902045726776123,0.09306278824806213,-0.01078265905380249,0.09027346968650818,-0.00343400239944458,0.06618890166282654,-0.0010096430778503418,0.06437471508979797,-0.001818239688873291
Thumbs_Down,0.0,0.0,-0.00048866868019104,0.05615818500518799,0.011008620262145996,0.1187673807144165,0.026314347982406616,0.1675724983215332,0.03203004598617554,0.2075827717781067,0.0788038969039917,0.08838307857513428,0.08301788568496704,0.10000824928283691,0.05059921741485596,0.08525407314300537,0.04767763614654541,0.08185791969299316,0.08984881639480591,0.05647003650665283,0.08528393507003784,0.0663650631904602,0.04600346088409424,0.05457937717437744,0.05184900760650635,0.05443638563156128,0.09142869710922241,0.023315072059631348,0.08896559476852417,0.03269261121749878,0.054756343364715576,0.02595430612564087,0.057964324951171875,0.02530604600906372,0.0913776159286499,-0.00955730676651001,0.0873672366142273,-0.005894064903259277,0.06347072124481201,-0.0029504895210266113,0.062306106090545654,-0.0014485716819763184
Thumbs_Down,0.0,0.0,0.0009119510650634766,0.056619346141815186,0.013121604919433594,0.11941355466842651,0.02836400270462036,0.16815006732940674,0.034503281116485596,0.20860618352890015,0.08238953351974487,0.08891630172729492,0.08383584022521973,0.10187959671020508,0.052812933921813965,0.08664798736572266,0.05075180530548096,0.08299040794372559,0.09390091896057129,0.057080745697021484,0.08637601137161255,0.06977188587188721,0.048741042613983154,0.056760311126708984,0.055751681327819824,0.055539488792419434,0.09545814990997314,0.024127185344696045,0.09063613414764404,0.036204516887664795,0.05745506286621094,0.028547942638397217,0.06154662370681763,0.02655661106109619,0.09482711553573608,-0.008542954921722412,0.08991533517837524,-0.001431882381439209,0.06607818603515625,0.00040227174758911133,0.0653376579284668,0.00018095970153808594
Thumbs_Down,0.0,0.0,0.001574009656906128,0.057787179946899414,0.012731492519378662,0.11824589967727661,0.026663362979888916,0.16638803482055664,0.03290814161300659,0.20582056045532227,0.07858550548553467,0.08783280849456787,0.0815383791923523,0.10316413640975952,0.05092310905456543,0.08790630102157593,0.049083590507507324,0.08365809917449951,0.08998072147369385,0.05588042736053467,0.08486849069595337,0.07211953401565552,0.04790562391281128,0.05797702074050903,0.05487114191055298,0.05596458911895752,0.09257864952087402,0.023031890392303467,0.08833730220794678,0.039337754249572754,0.055938661098480225,0.03026801347732544,0.060319602489471436,0.02700585126876831,0.09284043312072754,-0.008961975574493408,0.08853042125701904,0.00239485502243042,0.06463021039962769,0.003041684627532959,0.06365889310836792,0.000525057315826416
Thumbs_Down,0.0,0.0,-0.0005290806293487549,0.05478948354721069,0.005805462598800659,0.10973197221755981,0.02034437656402588,0.15590083599090576,0.030657172203063965,0.19126814603805542,0.06590723991394043,0.07539355754852295,0.07876402139663696,0.08886134624481201,0.05152684450149536,0.07971233129501343,0.046730637550354004,0.0769844651222229,0.07376915216445923,0.04452526569366455,0.08403360843658447,0.060349106788635254,0.04642373323440552,0.05023866891860962,0.050803959369659424,0.048966050148010254,0.07789915800094604,0.014315962791442871,0.08510535955429077,0.027984321117401123,0.05342435836791992,0.021612226963043213,0.0562359094619751,0.018262863159179688,0.08085834980010986,-0.017293155193328857,0.0837971568107605,-0.007017910480499268,0.06172192096710205,-0.005097806453704834,0.05923706293106079,-0.009332358837127686
Thumbs_Down,0.0,0.0,-0.0010814070701599121,0.05426168441772461,0.0051552653312683105,0.11060887575149536,0.01993262767791748,0.15690362453460693,0.030819177627563477,0.19215458631515503,0.06597232818603516,0.08083206415176392,0.08063215017318726,0.09557855129241943,0.052243173122406006,0.08457696437835693,0.048520684242248535,0.0815114974975586,0.07368195056915283,0.05002385377883911,0.08526009321212769,0.06596028804779053,0.047998666763305664,0.055135130882263184,0.05343425273895264,0.054709672927856445,0.07774865627288818,0.019880056381225586,0.08651286363601685,0.03389698266983032,0.054815471172332764,0.026462137699127197,0.058122456073760986,0.02443861961364746,0.08129256963729858,-0.011625587940216064,0.08581864833831787,-0.0018637776374816895,0.0636669397354126,-0.001020967960357666,0.061002373695373535,-0.004574775695800781
Thumbs_Down,0.0,0.0,0.0005401372909545898,0.05153542757034302,0.008318066596984863,0.10790818929672241,0.022805333137512207,0.15705299377441406,0.032945990562438965,0.19205868244171143,0.06585961580276489,0.08101779222488403,0.08104163408279419,0.09528189897537231,0.05350959300994873,0.08451509475708008,0.05071902275085449,0.08279955387115479,0.07339584827423096,0.05104804039001465,0.08557480573654175,0.06600940227508545,0.0494573712348938,0.05525285005569458,0.055151283740997314,0.0558508038520813,0.07794606685638428,0.021373450756072998,0.08877164125442505,0.03337007761001587,0.05719804763793945,0.025848984718322754,0.06031423807144165,0.025540411472320557,0.08234870433807373,-0.009939193725585938,0.08810615539550781,-0.00216519832611084,0.06563669443130493,-0.001741945743560791,0.06250953674316406,-0.004347681999206543
Thumbs_Down,0.0,0.0,-0.00021845102310180664,0.0522313117980957,0.007636219263076782,0.10776174068450928,0.02183249592781067,0.15474247932434082,0.03239843249320984,0.18920499086380005,0.06158021092414856,0.0770266056060791,0.07972964644432068,0.09059733152389526,0.051567643880844116,0.08021730184555054,0.04665687680244446,0.07887589931488037,0.06889787316322327,0.04709601402282715,0.08354321122169495,0.05982649326324463,0.04755339026451111,0.04970049858093262,0.05144968628883362,0.0500485897064209,0.07314220070838928,0.01797664165496826,0.08623579144477844,0.028286218643188477,0.05527874827384949,0.021031498908996582,0.05696585774421692,0.02055305242538452,0.07746836543083191,-0.012824773788452148,0.0854465663433075,-0.006702423095703125,0.06424060463905334,-0.00606459379196167,0.06066367030143738,-0.008236169815063477
Thumbs_Down,0.0,0.0,0.002527594566345215,0.05339252948760986,0.013922333717346191,0.10816198587417603,0.029517382383346558,0.15430372953414917,0.04008802771568298,0.18907761573791504,0.07114961743354797,0.07227164506912231,0.08495292067527771,0.08630287647247314,0.05618223547935486,0.07722371816635132,0.05261322855949402,0.0750265121459961,0.07816961407661438,0.040939271450042725,0.0871874988079071,0.05489689111709595,0.0496235191822052,0.0467953085899353,0.05501994490623474,0.045569419860839844,0.08080980181694031,0.010694622993469238,0.08875826001167297,0.022078394889831543,0.05671378970146179,0.017159759998321533,0.05959406495094299,0.015025615692138672,0.08249148726463318,-0.020291388034820557,0.08691629767417908,-0.012128233909606934,0.06485065817832947,-0.008998453617095947,0.06157985329627991,-0.011559009552001953
Thumbs_Down,0.0,0.0,0.007451355457305908,0.05471223592758179,0.02411520481109619,0.10900509357452393,0.045055538415908813,0.15236800909042358,0.05631899833679199,0.18767476081848145,0.08075189590454102,0.0797533392906189,0.09970146417617798,0.09364348649978638,0.06594377756118774,0.08813971281051636,0.0591198205947876,0.08484619855880737,0.08473455905914307,0.043666958808898926,0.09456616640090942,0.054218411445617676,0.05247572064399719,0.05096995830535889,0.05830049514770508,0.05030888319015503,0.08374351263046265,0.009113550186157227,0.09051603078842163,0.018149495124816895,0.055746495723724365,0.017929017543792725,0.06022113561630249,0.016206562519073486,0.0814734697341919,-0.02715134620666504,0.08415192365646362,-0.02235203981399536,0.05981862545013428,-0.016168415546417236,0.05698525905609131,-0.017051368951797485
Thumbs_Down,0.0,0.0,0.012555688619613647,0.05270266532897949,0.034528642892837524,0.10401999950408936,0.05929642915725708,0.14400959014892578,0.07277962565422058,0.17916619777679443,0.08771297335624695,0.0590977668762207,0.10271576046943665,0.06405413150787354,0.06965500116348267,0.06167256832122803,0.0701998770236969,0.06044501066207886,0.08906427025794983,0.023374974727630615,0.09931609034538269,0.030454814434051514,0.05953747034072876,0.033648550510406494,0.0671895444393158,0.03223395347595215,0.08591100573539734,-0.00838574767112732,0.09660384058952332,-0.0005582869052886963,0.06268522143363953,0.0032933950424194336,0.06727126240730286,0.002012908458709717,0.08236634731292725,-0.03964713215827942,0.08896681666374207,-0.03457218408584595,0.06561493873596191,-0.026336461305618286,0.06274214386940002,-0.02652686834335327
Thumbs_Down,0.0,0.0,0.01188555359840393,0.05098468065261841,0.03553315997123718,0.1059449315071106,0.05964520573616028,0.14768749475479126,0.07297369837760925,0.18343782424926758,0.08981460332870483,0.05964535474777222,0.09769213199615479,0.06328469514846802,0.06490296125411987,0.06123673915863037,0.06499901413917542,0.06216996908187866,0.0924786627292633,0.02500438690185547,0.09754353761672974,0.03006380796432495,0.05851784348487854,0.03274273872375488,0.06396985054016113,0.03251469135284424,0.08905300498008728,-0.007531285285949707,0.09497514367103577,-0.0032916665077209473,0.061274051666259766,0.0010696649551391602,0.06456199288368225,0.0024402737617492676,0.08487409353256226,-0.03925365209579468,0.08706578612327576,-0.038450807332992554,0.06480363011360168,-0.030018866062164307,0.06318074464797974,-0.02783757448196411
Thumbs_Down,0.0,0.0,0.014583677053451538,0.052793025970458984,0.03836345672607422,0.10675257444381714,0.06145530939102173,0.14792495965957642,0.07500597834587097,0.18356317281723022,0.09666159749031067,0.06213420629501343,0.09633103013038635,0.06712651252746582,0.06541493535041809,0.06317520141601562,0.06773075461387634,0.06127440929412842,0.10087808966636658,0.024967610836029053,0.0960802435874939,0.03290528059005737,0.05955415964126587,0.03528326749801636,0.06719169020652771,0.03389245271682739,0.09656545519828796,-0.009196996688842773,0.09513187408447266,-0.0015491843223571777,0.06307557225227356,0.0028730034828186035,0.06852579116821289,0.002754032611846924,0.09027591347694397,-0.04058179259300232,0.08709591627120972,-0.03697887063026428,0.06547924876213074,-0.02821001410484314,0.06576341390609741,-0.027297377586364746
Thumbs_Down,0.0,0.0,0.013056933879852295,0.05212604999542236,0.033620744943618774,0.10533827543258667,0.0574263334274292,0.14826303720474243,0.06984710693359375,0.18280136585235596,0.08034700155258179,0.06216418743133545,0.09708085656166077,0.06938904523849487,0.06559053063392639,0.06436216831207275,0.06615173816680908,0.06262475252151489,0.08377191424369812,0.02825450897216797,0.09692338109016418,0.036810457706451416,0.05914473533630371,0.03655421733856201,0.06473025679588318,0.03484898805618286,0.08237701654434204,-0.002974987030029297,0.09758928418159485,0.004793703556060791,0.06363758444786072,0.0065978169441223145,0.06530502438545227,0.006482958793640137,0.08032473921775818,-0.033931851387023926,0.08845821022987366,-0.029533028602600098,0.06493541598320007,-0.02362692356109619,0.0616174042224884,-0.023162364959716797
Thumbs_Down,0.0,0.0,0.010236978530883789,0.05291628837585449,0.0293046236038208,0.10572874546051025,0.0496765673160553,0.14865446090698242,0.06249266862869263,0.18168246746063232,0.07970321178436279,0.06681150197982788,0.09838128089904785,0.07930558919906616,0.06425595283508301,0.07383763790130615,0.060326576232910156,0.07004642486572266,0.08230042457580566,0.03425455093383789,0.09586751461029053,0.046234846115112305,0.0565372109413147,0.04425269365310669,0.06041765213012695,0.04111593961715698,0.0800100564956665,0.0022988319396972656,0.09179383516311646,0.014235317707061768,0.05861711502075195,0.01447993516921997,0.0602034330368042,0.010983109474182129,0.07711726427078247,-0.030352294445037842,0.0835188627243042,-0.023968279361724854,0.06194019317626953,-0.016921579837799072,0.0587504506111145,-0.018849670886993408
Thumbs_Down,0.0,0.0,0.005851924419403076,0.05455374717712402,0.020880937576293945,0.1088913083076477,0.03965651988983154,0.15175414085388184,0.052044451236724854,0.18643885850906372,0.07674360275268555,0.06801646947860718,0.09012657403945923,0.08731263875961304,0.05938112735748291,0.0776945948600769,0.057039856910705566,0.07264333963394165,0.08130651712417603,0.03695392608642578,0.09272414445877075,0.056464552879333496,0.0545729398727417,0.048919737339019775,0.05959099531173706,0.04477900266647339,0.08254355192184448,0.006448566913604736,0.0937773585319519,0.024905622005462646,0.060028135776519775,0.020199477672576904,0.06293714046478271,0.013970434665679932,0.08314913511276245,-0.026071548461914062,0.08995085954666138,-0.01185518503189087,0.06651568412780762,-0.009652197360992432,0.06340616941452026,-0.01536870002746582
Thumbs_Down,0.0,0.0,0.0036121606826782227,0.05503237247467041,0.015614449977874756,0.11189782619476318,0.03328317403793335,0.15611469745635986,0.043617308139801025,0.19158875942230225,0.07181674242019653,0.07377195358276367,0.08709901571273804,0.09246963262557983,0.055849432945251465,0.08143556118011475,0.05448693037033081,0.07628190517425537,0.07657921314239502,0.04199028015136719,0.08904647827148438,0.06070423126220703,0.05126088857650757,0.05230158567428589,0.05747324228286743,0.048742055892944336,0.07873696088790894,0.011034846305847168,0.09119856357574463,0.028269410133361816,0.057643771171569824,0.02276986837387085,0.061433255672454834,0.01774609088897705,0.08092731237411499,-0.021326184272766113,0.08805269002914429,-0.008702754974365234,0.0647897720336914,-0.0066904425621032715,0.06213665008544922,-0.012043952941894531
Thumbs_Down,0.0,0.0,0.006280779838562012,0.05439883470535278,0.023454606533050537,0.10977697372436523,0.043404579162597656,0.15226620435714722,0.05437159538269043,0.18900740146636963,0.08287554979324341,0.06905728578567505,0.09503388404846191,0.08721476793289185,0.06002843379974365,0.07708311080932617,0.05729943513870239,0.0704418420791626,0.08703124523162842,0.03658890724182129,0.09484362602233887,0.05314934253692627,0.05515509843826294,0.04895222187042236,0.059673964977264404,0.04388117790222168,0.08665263652801514,0.004409193992614746,0.09554743766784668,0.018367528915405273,0.06048959493637085,0.016915500164031982,0.06284481287002563,0.011374413967132568,0.08585953712463379,-0.02910590171813965,0.09168678522109985,-0.01819676160812378,0.0670696496963501,-0.012933969497680664,0.0631219744682312,-0.01671963930130005
Thumbs_Down,0.0,0.0,0.013832837343215942,0.057792603969573975,0.039372384548187256,0.11541837453842163,0.06198686361312866,0.157492995262146,0.07574158906936646,0.19339454174041748,0.1040186882019043,0.06581556797027588,0.10361111164093018,0.0861743688583374,0.07090544700622559,0.0787423849105835,0.06652083992958069,0.07182729244232178,0.11020436882972717,0.031385958194732666,0.09886687994003296,0.05287432670593262,0.06317982077598572,0.0504453182220459,0.06722167134284973,0.044901371002197266,0.10579830408096313,-0.002682328224182129,0.09866976737976074,0.01631683111190796,0.06612616777420044,0.016742050647735596,0.06814780831336975,0.010562002658843994,0.09814146161079407,-0.03554177284240723,0.09786573052406311,-0.020623445510864258,0.07370606064796448,-0.014313042163848877,0.06927281618118286,-0.018336951732635498
Thumbs_Down,0.0,0.0,0.01586759090423584,0.058844149112701416,0.045037925243377686,0.11595797538757324,0.06766358017921448,0.15675467252731323,0.08127430081367493,0.19347649812698364,0.11542758345603943,0.05748748779296875,0.10822254419326782,0.09025692939758301,0.07412216067314148,0.08193200826644897,0.07058575749397278,0.06948274374008179,0.1210000216960907,0.022773802280426025,0.10195046663284302,0.056054115295410156,0.06665393710136414,0.05299800634384155,0.07064822316169739,0.04149895906448364,0.11510959267616272,-0.010112166404724121,0.09945499897003174,0.020098209381103516,0.06732991337776184,0.021254003047943115,0.06940916180610657,0.009552955627441406,0.10505032539367676,-0.04020446538925171,0.09783002734184265,-0.01773083209991455,0.07394930720329285,-0.010965406894683838,0.0704440176486969,-0.018279969692230225
Thumbs_Down,0.0,0.0,0.015944331884384155,0.05604207515716553,0.046113401651382446,0.1103103756904602,0.06977394223213196,0.15053904056549072,0.08518928289413452,0.18554788827896118,0.11736741662025452,0.04947340488433838,0.10507643222808838,0.07904672622680664,0.07220298051834106,0.07302260398864746,0.06732845306396484,0.061367034912109375,0.1211407482624054,0.013468801975250244,0.0966566801071167,0.04506349563598633,0.06354793906211853,0.04287463426589966,0.06669467687606812,0.03126680850982666,0.11366492509841919,-0.019551336765289307,0.09380611777305603,0.009973347187042236,0.06336015462875366,0.01105499267578125,0.06422427296638489,-0.0004749298095703125,0.10214143991470337,-0.0500941276550293,0.0936436653137207,-0.026391923427581787,0.06935763359069824,-0.019712865352630615,0.06414628028869629,-0.026218891143798828
Thumbs_Down,0.0,0.0,0.015828639268875122,0.057698071002960205,0.04782682657241821,0.11244529485702515,0.07251730561256409,0.15195101499557495,0.08820191025733948,0.18705177307128906,0.11653292179107666,0.050987958908081055,0.10030269622802734,0.07592117786407471,0.06964448094367981,0.07015150785446167,0.06625783443450928,0.05879795551300049,0.11972597241401672,0.012988567352294922,0.09194794297218323,0.041749656200408936,0.061427682638168335,0.039917171001434326,0.06540918350219727,0.02902120351791382,0.11176887154579163,-0.02168095111846924,0.08855903148651123,0.0052446722984313965,0.06080058217048645,0.0067708492279052734,0.06323099136352539,-0.0036476850509643555,0.09980931878089905,-0.053672730922698975,0.0877915620803833,-0.03036743402481079,0.06584841012954712,-0.023562252521514893,0.06279754638671875,-0.029615461826324463
Thumbs_Down,0.0,0.0,0.015673041343688965,0.056823670864105225,0.04744866490364075,0.10872542858123779,0.07153785228729248,0.14763706922531128,0.08688393235206604,0.1829267144203186,0.11595964431762695,0.04895561933517456,0.09467333555221558,0.07024794816970825,0.0654209554195404,0.06555771827697754,0.0646013617515564,0.05569040775299072,0.11859270930290222,0.009864211082458496,0.08552712202072144,0.03421705961227417,0.056536346673965454,0.03413498401641846,0.06233114004135132,0.025390267372131348,0.10980743169784546,-0.025319576263427734,0.08085334300994873,-0.0037598609924316406,0.05501919984817505,-0.0009891390800476074,0.06023755669593811,-0.008752644062042236,0.09685125946998596,-0.05719679594039917,0.07958722114562988,-0.041343092918395996,0.05890253186225891,-0.034082651138305664,0.05776327848434448,-0.037515461444854736
Thumbs_Down,0.0,0.0,0.01041257381439209,0.05239856243133545,0.034414470195770264,0.10284429788589478,0.05235150456428528,0.14645522832870483,0.0642181932926178,0.18521052598953247,0.10472327470779419,0.04954642057418823,0.06626397371292114,0.0645982027053833,0.041722655296325684,0.06096839904785156,0.04240277409553528,0.055239081382751465,0.10634583234786987,0.0050095319747924805,0.05672529339790344,0.02448713779449463,0.03581815958023071,0.027495205402374268,0.03977811336517334,0.025522232055664062,0.0961538553237915,-0.03207594156265259,0.04992574453353882,-0.012804090976715088,0.02991163730621338,-0.006829619407653809,0.03346139192581177,-0.006992697715759277,0.0803506076335907,-0.06434792280197144,0.05206972360610962,-0.05136680603027344,0.03342562913894653,-0.03903895616531372,0.030606359243392944,-0.03264284133911133
Thumbs_Down,0.0,0.0,0.0029586702585220337,0.05000370740890503,0.020936504006385803,0.10069698095321655,0.03524447977542877,0.14507651329040527,0.047594621777534485,0.18457072973251343,0.08669044077396393,0.04598802328109741,0.03575222194194794,0.0552484393119812,0.024312511086463928,0.055023908615112305,0.0368722528219223,0.05273604393005371,0.08610345423221588,-0.0013787150382995605,0.022026166319847107,0.018000423908233643,0.014295771718025208,0.023895978927612305,0.030271217226982117,0.021992266178131104,0.07460473477840424,-0.03920942544937134,0.015302255749702454,-0.017625749111175537,0.008645549416542053,-0.011346101760864258,0.02505268156528473,-0.015498876571655273,0.05819253623485565,-0.07132351398468018,0.011910244822502136,-0.051653504371643066,0.003920719027519226,-0.04303467273712158,0.014293357729911804,-0.0459744930267334
Thumbs_Down,0.0,0.0,0.002443090081214905,0.05136263370513916,0.01637311279773712,0.10170120000839233,0.028799906373023987,0.14891833066940308,0.041802868247032166,0.19116204977035522,0.07951058447360992,0.05296790599822998,0.0229465514421463,0.06833630800247192,0.015206858515739441,0.06329816579818726,0.028048232197761536,0.056857526302337646,0.07704313099384308,0.005051851272583008,0.0094422847032547,0.033484816551208496,0.007757529616355896,0.03235125541687012,0.02429698407649994,0.025774896144866943,0.06423862278461456,-0.03306770324707031,0.0022124797105789185,-0.0021636486053466797,0.0026062875986099243,-0.002589404582977295,0.02151830494403839,-0.011212468147277832,0.046537503600120544,-0.06549596786499023,-0.00046987831592559814,-0.038182735443115234,-0.001445576548576355,-0.03397941589355469,0.013384237885475159,-0.04135453701019287
Thumbs_Down,0.0,0.0,0.0028491169214248657,0.051585257053375244,0.017470285296440125,0.1023867130279541,0.030802980065345764,0.15021616220474243,0.04483957588672638,0.1916036605834961,0.07926134765148163,0.053786516189575195,0.02390126883983612,0.06611865758895874,0.017310187220573425,0.06227445602416992,0.029879465699195862,0.05668532848358154,0.07705552875995636,0.005620419979095459,0.010406240820884705,0.03017812967300415,0.009041205048561096,0.030381739139556885,0.025494739413261414,0.024798452854156494,0.06428565084934235,-0.032758116722106934,0.0037036091089248657,-0.005345463752746582,0.004881814122200012,-0.005325913429260254,0.024337604641914368,-0.013459324836730957,0.046399012207984924,-0.0657913088798523,0.0018019229173660278,-0.04087090492248535,0.0013747960329055786,-0.03638345003128052,0.01622571051120758,-0.043376803398132324
Thumbs_Down,0.0,0.0,0.0034860074520111084,0.05122780799865723,0.020616084337234497,0.10024392604827881,0.03560802340507507,0.14560091495513916,0.050349920988082886,0.18625807762145996,0.08272045850753784,0.04934513568878174,0.02846086025238037,0.061730921268463135,0.018985211849212646,0.059997498989105225,0.03142577409744263,0.05532419681549072,0.0805562436580658,0.0019373297691345215,0.015362530946731567,0.025433242321014404,0.011284708976745605,0.029234647750854492,0.027282685041427612,0.02552396059036255,0.0680001974105835,-0.03620314598083496,0.008541762828826904,-0.010258138179779053,0.006202101707458496,-0.0060634613037109375,0.024158835411071777,-0.01206815242767334,0.05060553550720215,-0.06852090358734131,0.005629688501358032,-0.04552900791168213,0.0021339356899261475,-0.03835850954055786,0.01505976915359497,-0.04335278272628784
Thumbs_Down,0.0,0.0,0.009180694818496704,0.051687657833099365,0.034443289041519165,0.10012960433959961,0.05336177349090576,0.14087092876434326,0.06750607490539551,0.1771693229675293,0.09987959265708923,0.04356861114501953,0.05248504877090454,0.057518184185028076,0.03543728590011597,0.05403339862823486,0.04504680633544922,0.04920995235443115,0.09836679697036743,-0.0022926926612854004,0.04024529457092285,0.020616650581359863,0.026169687509536743,0.02566903829574585,0.03880932927131653,0.023816943168640137,0.08521315455436707,-0.039578795433044434,0.032356709241867065,-0.01583540439605713,0.019732177257537842,-0.007447421550750732,0.032602787017822266,-0.009539544582366943,0.06734773516654968,-0.07093989849090576,0.028215497732162476,-0.04922831058502197,0.016112446784973145,-0.03914099931716919,0.02321988344192505,-0.04076266288757324
Thumbs_Down,0.0,0.0,0.012655675411224365,0.05228078365325928,0.04032480716705322,0.09981012344360352,0.060696184635162354,0.1390703320503235,0.07612678408622742,0.17662441730499268,0.11081188917160034,0.04002237319946289,0.06909781694412231,0.05714207887649536,0.04769855737686157,0.05395543575286865,0.05450466275215149,0.047102928161621094,0.10971823334693909,-0.0051538944244384766,0.057698071002960205,0.01872497797012329,0.03895065188407898,0.023101329803466797,0.04794633388519287,0.019306719303131104,0.09697994589805603,-0.04226332902908325,0.04857608675956726,-0.019006073474884033,0.031215935945510864,-0.011614859104156494,0.04074364900588989,-0.01443547010421753,0.07918065786361694,-0.0735853910446167,0.04751408100128174,-0.05582553148269653,0.03155332803726196,-0.04497349262237549,0.034122467041015625,-0.04353642463684082
Thumbs_Down,0.0,0.0,0.012686878442764282,0.05428755283355713,0.04119589924812317,0.1032412052154541,0.06278002262115479,0.14381861686706543,0.07938903570175171,0.1826714277267456,0.11205482482910156,0.04450434446334839,0.07338055968284607,0.0648655891418457,0.0500810444355011,0.06159412860870361,0.054684460163116455,0.05353134870529175,0.11099624633789062,-0.0004120469093322754,0.061315059661865234,0.026013553142547607,0.040242522954940796,0.02904742956161499,0.047672808170318604,0.024075686931610107,0.09798860549926758,-0.03772991895675659,0.052651822566986084,-0.011616528034210205,0.033558428287506104,-0.00668567419052124,0.04195180535316467,-0.01124042272567749,0.08000150322914124,-0.06960421800613403,0.052242159843444824,-0.049960315227508545,0.035083621740341187,-0.03965139389038086,0.03588792681694031,-0.038296520709991455
Thumbs_Down,0.0,0.0,0.01278194785118103,0.05499178171157837,0.044648170471191406,0.10426008701324463,0.06834128499031067,0.14313602447509766,0.08494067192077637,0.18097609281539917,0.11401298642158508,0.044445693492889404,0.07728725671768188,0.063362717628479,0.05268314480781555,0.059537529945373535,0.05763953924179077,0.05003482103347778,0.11375284194946289,-0.0014341473579406738,0.06693464517593384,0.023167133331298828,0.04458543658256531,0.027500689029693604,0.052550286054611206,0.022658944129943848,0.10139250755310059,-0.03948789834976196,0.060050010681152344,-0.016022920608520508,0.0397588312625885,-0.009276211261749268,0.04774117469787598,-0.01335996389389038,0.08429133892059326,-0.07196170091629028,0.059100449085235596,-0.05484408140182495,0.04096066951751709,-0.04525500535964966,0.041739195585250854,-0.04494881629943848
Thumbs_Down,0.0,0.0,0.015254586935043335,0.05671977996826172,0.04725739359855652,0.10721039772033691,0.07083123922348022,0.1466614007949829,0.08829277753829956,0.1847679615020752,0.11472398042678833,0.04559743404388428,0.0803670585155487,0.0680232048034668,0.05404207110404968,0.06483954191207886,0.05702218413352966,0.05466771125793457,0.1144251823425293,0.0008062124252319336,0.0694502592086792,0.02857738733291626,0.04541093111038208,0.031135201454162598,0.05252435803413391,0.023088455200195312,0.10174286365509033,-0.03661954402923584,0.06485220789909363,-0.010135352611541748,0.042542338371276855,-0.005725502967834473,0.04941290616989136,-0.013102173805236816,0.08386737108230591,-0.06915801763534546,0.06713783740997314,-0.050789475440979004,0.04781383275985718,-0.040710270404815674,0.04581993818283081,-0.040435612201690674
Thumbs_Down,0.0,0.0,0.01604461669921875,0.05581772327423096,0.04866468906402588,0.10647761821746826,0.07241123914718628,0.1466565728187561,0.08892497420310974,0.18393158912658691,0.11688423156738281,0.04658430814743042,0.08278289437294006,0.06811439990997314,0.056339383125305176,0.06398916244506836,0.05872812867164612,0.054361820220947266,0.11668851971626282,0.002063572406768799,0.0720406174659729,0.02891319990158081,0.04755741357803345,0.030463814735412598,0.054087936878204346,0.023501038551330566,0.10475704073905945,-0.035659730434417725,0.06600737571716309,-0.010159075260162354,0.04399251937866211,-0.006134390830993652,0.05102601647377014,-0.012376964092254639,0.08792415261268616,-0.06880658864974976,0.06659138202667236,-0.04941201210021973,0.04721829295158386,-0.04009604454040527,0.04654255509376526,-0.04031383991241455
Thumbs_Down,0.0,0.0,0.016622990369796753,0.05620771646499634,0.048096030950546265,0.10512715578079224,0.07160130143165588,0.14369040727615356,0.08897843956947327,0.1801477074623108,0.11630269885063171,0.041925787925720215,0.08370906114578247,0.06125253438949585,0.058094024658203125,0.06023681163787842,0.05896291136741638,0.052125394344329834,0.11477541923522949,-0.0016900300979614258,0.07319262623786926,0.022933781147003174,0.04968664050102234,0.026868462562561035,0.054166436195373535,0.02052253484725952,0.1026676595211029,-0.038551151752471924,0.06606659293174744,-0.01421964168548584,0.04445633292198181,-0.008729040622711182,0.049326092004776,-0.014566481113433838,0.08602052927017212,-0.07084494829177856,0.0654357373714447,-0.05168336629867554,0.04662904143333435,-0.04169929027557373,0.04536059498786926,-0.042205750942230225
Thumbs_Down,0.0,0.0,0.018163353204727173,0.0584147572517395,0.0493999719619751,0.10942715406417847,0.07337701320648193,0.1474573016166687,0.09171837568283081,0.18073171377182007,0.11863940954208374,0.04461193084716797,0.08927887678146362,0.06714582443237305,0.06178972125053406,0.06665909290313721,0.05919688940048218,0.058450400829315186,0.11758464574813843,0.0018053650856018066,0.07815635204315186,0.02990633249282837,0.052738189697265625,0.03307682275772095,0.05562174320220947,0.02527594566345215,0.1054767370223999,-0.034989118576049805,0.07145318388938904,-0.007397472858428955,0.04835990071296692,-0.0015412569046020508,0.05173268914222717,-0.008019447326660156,0.08835801482200623,-0.06756782531738281,0.070506751537323,-0.045416176319122314,0.050690412521362305,-0.03454864025115967,0.04774478077888489,-0.035472333431243896
Thumbs_Down,0.0,0.0,0.01884835958480835,0.05894893407821655,0.052318274974823,0.11068850755691528,0.07775124907493591,0.1500142216682434,0.09570840001106262,0.18524020910263062,0.12178334593772888,0.04591560363769531,0.09247112274169922,0.07102847099304199,0.06372877955436707,0.06885188817977905,0.06100907921791077,0.05816221237182617,0.12126490473747253,0.003631412982940674,0.08191114664077759,0.03398263454437256,0.054790347814559937,0.03565037250518799,0.05845871567726135,0.025946974754333496,0.10938432812690735,-0.03284347057342529,0.07468220591545105,-0.004588901996612549,0.050657570362091064,0.0005591511726379395,0.05518311262130737,-0.00713658332824707,0.09286561608314514,-0.06523549556732178,0.07300135493278503,-0.04188913106918335,0.052632421255111694,-0.03210484981536865,0.05092915892601013,-0.035104453563690186
Thumbs_Down,0.0,0.0,0.017702192068099976,0.05899083614349365,0.05001908540725708,0.11002248525619507,0.07476755976676941,0.14929968118667603,0.09353092312812805,0.1822439432144165,0.1194436252117157,0.04567837715148926,0.09034988284111023,0.07012403011322021,0.060683608055114746,0.06900125741958618,0.05632495880126953,0.05953776836395264,0.11823916435241699,0.002449929714202881,0.07950648665428162,0.03282815217971802,0.0519375205039978,0.03605765104293823,0.05412980914115906,0.02797555923461914,0.10619547963142395,-0.03437751531600952,0.0708453357219696,-0.005682468414306641,0.04697883129119873,0.00016194581985473633,0.05007949471473694,-0.006889700889587402,0.08964982628822327,-0.0667574405670166,0.06805726885795593,-0.043159425258636475,0.04756852984428406,-0.03269696235656738,0.04533630609512329,-0.03473705053329468
Thumbs_Down,0.0,0.0,0.018355965614318848,0.059541523456573486,0.05047905445098877,0.11220860481262207,0.07486233115196228,0.151685893535614,0.0914936363697052,0.1849423050880432,0.11918002367019653,0.047712743282318115,0.09522318840026855,0.07509958744049072,0.06402435898780823,0.07087445259094238,0.05960389971733093,0.05884331464767456,0.11899048089981079,0.005539298057556152,0.08323290944099426,0.03761166334152222,0.05357402563095093,0.037964463233947754,0.05553543567657471,0.027603447437286377,0.10788017511367798,-0.03139609098434448,0.07580339908599854,-0.0019369721412658691,0.04998508095741272,0.0017325282096862793,0.05222073197364807,-0.007079005241394043,0.0925116240978241,-0.06451547145843506,0.07421547174453735,-0.04128217697143555,0.05366799235343933,-0.03149294853210449,0.050877392292022705,-0.033604323863983154
Thumbs_Down,0.0,0.0,0.01934853196144104,0.05879253149032593,0.05094176530838013,0.11196541786193848,0.0753389298915863,0.15152478218078613,0.09217628836631775,0.18496888875961304,0.118610680103302,0.04708445072174072,0.09643101692199707,0.07337820529937744,0.06416469812393188,0.07084959745407104,0.058145344257354736,0.0604628324508667,0.11921989917755127,0.005371153354644775,0.08529090881347656,0.03638410568237305,0.05507418513298035,0.03774833679199219,0.05564868450164795,0.02786463499069214,0.10895165801048279,-0.03146159648895264,0.07881569862365723,-0.0029317736625671387,0.052328526973724365,0.0013950467109680176,0.05297932028770447,-0.007157623767852783,0.09435686469078064,-0.0648619532585144,0.07868143916130066,-0.04185926914215088,0.05735573172569275,-0.03168541193008423,0.05267614126205444,-0.03422659635543823
Thumbs_Down,0.0,0.0,0.01955285668373108,0.05898529291152954,0.05204373598098755,0.11187344789505005,0.07703179121017456,0.1511097550392151,0.0939999520778656,0.18488341569900513,0.11979007720947266,0.04899066686630249,0.09777632355690002,0.07243001461029053,0.06588533520698547,0.06968820095062256,0.059455543756484985,0.05924743413925171,0.12050935626029968,0.0073274970054626465,0.08585074543952942,0.0357397198677063,0.05597236752510071,0.03699970245361328,0.05628111958503723,0.02696758508682251,0.10994544625282288,-0.029430627822875977,0.07911086082458496,-0.0025934576988220215,0.052949726581573486,0.001568615436553955,0.05388727784156799,-0.007304191589355469,0.09470191597938538,-0.06271404027938843,0.07947897911071777,-0.040666401386260986,0.058443278074264526,-0.03126811981201172,0.05408233404159546,-0.034486472606658936
Thumbs_Down,0.0,0.0,0.01879441738128662,0.059999048709869385,0.0513823926448822,0.11352717876434326,0.07653403282165527,0.15258574485778809,0.09323224425315857,0.18596750497817993,0.11948344111442566,0.04799151420593262,0.09684783220291138,0.07435405254364014,0.06455105543136597,0.06986171007156372,0.05938991904258728,0.058083951473236084,0.11990201473236084,0.006818175315856934,0.08603760600090027,0.03857779502868652,0.055777013301849365,0.038790225982666016,0.05736255645751953,0.027931392192840576,0.10911312699317932,-0.029209911823272705,0.07920712232589722,-0.0003414154052734375,0.05302676558494568,0.003415524959564209,0.05490589141845703,-0.006128132343292236,0.09399321675300598,-0.06166476011276245,0.07811477780342102,-0.03906869888305664,0.057645589113235474,-0.02988225221633911,0.054336220026016235,-0.033612728118896484
Thumbs_Down,0.0,0.0,0.01865813136100769,0.059470415115356445,0.05113115906715393,0.11311978101730347,0.07637900114059448,0.15315580368041992,0.09395894408226013,0.18718820810317993,0.1185307502746582,0.04788362979888916,0.09851336479187012,0.07283151149749756,0.06594124436378479,0.07141983509063721,0.05870044231414795,0.062216997146606445,0.11941972374916077,0.007138252258300781,0.08714672923088074,0.038402259349823,0.05663624405860901,0.04023712873458862,0.05625900626182556,0.03044736385345459,0.10912767052650452,-0.028608500957489014,0.08067914843559265,0.001032114028930664,0.054180413484573364,0.0049024224281311035,0.05461341142654419,-0.004414975643157959,0.09423047304153442,-0.06068485975265503,0.07980921864509583,-0.03587418794631958,0.05870521068572998,-0.026804804801940918,0.05424061417579651,-0.030778944492340088
Thumbs_Down,0.0,0.0,0.018543779850006104,0.06104308366775513,0.05138137936592102,0.11446422338485718,0.07715213298797607,0.15422987937927246,0.09422445297241211,0.18881583213806152,0.11861473321914673,0.047606468200683594,0.09963256120681763,0.07763814926147461,0.06635195016860962,0.07314127683639526,0.06098756194114685,0.0611804723739624,0.1208052933216095,0.007448971271514893,0.09041357040405273,0.04226183891296387,0.057676494121551514,0.04190218448638916,0.058553487062454224,0.030764341354370117,0.11135652661323547,-0.027724385261535645,0.0839296281337738,0.00506669282913208,0.055513083934783936,0.008062362670898438,0.056596606969833374,-0.0021499991416931152,0.0973132848739624,-0.05902302265167236,0.08254197239875793,-0.03408539295196533,0.060675978660583496,-0.025123775005340576,0.05681994557380676,-0.029016613960266113
Thumbs_Down,0.0,0.0,0.017763108015060425,0.059038519859313965,0.05119752883911133,0.11275190114974976,0.0778619647026062,0.15256774425506592,0.09559613466262817,0.18759691715240479,0.11804914474487305,0.04776102304458618,0.09993535280227661,0.07398486137390137,0.06659749150276184,0.07114624977111816,0.06157711148262024,0.06116688251495361,0.12097227573394775,0.008045852184295654,0.09018567204475403,0.0394633412361145,0.05741012096405029,0.039906978607177734,0.05966421961784363,0.029632568359375,0.11234021186828613,-0.02723109722137451,0.08450818061828613,0.0022753477096557617,0.055802494287490845,0.005726277828216553,0.05791464447975159,-0.0033836960792541504,0.09917736053466797,-0.05885964632034302,0.0836820900440216,-0.034520089626312256,0.06119844317436218,-0.025534868240356445,0.057372838258743286,-0.029683470726013184
Thumbs_Down,0.0,0.0,0.018109232187271118,0.05972921848297119,0.05150291323661804,0.11390906572341919,0.07816466689109802,0.15352308750152588,0.09589269757270813,0.18791228532791138,0.11825054883956909,0.04792743921279907,0.1006665825843811,0.07567018270492554,0.0675916075706482,0.0719367265701294,0.06367257237434387,0.06090289354324341,0.12091970443725586,0.00843590497970581,0.09117630124092102,0.040815651416778564,0.058244675397872925,0.04091835021972656,0.06118538975715637,0.02994251251220703,0.11216092109680176,-0.026768743991851807,0.08493202924728394,0.003469705581665039,0.05597001314163208,0.00672149658203125,0.058416396379470825,-0.003239929676055908,0.09904000163078308,-0.058640480041503906,0.0839381217956543,-0.033850789070129395,0.06103402376174927,-0.02514517307281494,0.05713781714439392,-0.030012071132659912
Thumbs_Down,0.0,0.0,0.018553197383880615,0.05874866247177124,0.0527956485748291,0.1125103235244751,0.07954838871955872,0.15249717235565186,0.09673246741294861,0.18765509128570557,0.11898061633110046,0.047505974769592285,0.10249745845794678,0.07536125183105469,0.06962785124778748,0.07244980335235596,0.06509006023406982,0.061987221240997314,0.12149918079376221,0.008359909057617188,0.09211426973342896,0.04071247577667236,0.05926069617271423,0.04059159755706787,0.06237828731536865,0.029673874378204346,0.11261087656021118,-0.02665102481842041,0.08551418781280518,0.003586709499359131,0.05668535828590393,0.006435036659240723,0.05945652723312378,-0.0034236907958984375,0.09941744804382324,-0.058324337005615234,0.0850423276424408,-0.033759355545043945,0.06246337294578552,-0.025170981884002686,0.05862310528755188,-0.029906809329986572
Thumbs_Down,0.0,0.0,0.018644779920578003,0.059123992919921875,0.05228692293167114,0.11192971467971802,0.07885029911994934,0.15084218978881836,0.09630656242370605,0.1843653917312622,0.11779505014419556,0.043994128704071045,0.10146424174308777,0.07263576984405518,0.06862577795982361,0.0700387954711914,0.06397810578346252,0.05957639217376709,0.11938399076461792,0.005064904689788818,0.09017327427864075,0.039275407791137695,0.05786651372909546,0.03911691904067993,0.06031256914138794,0.02742600440979004,0.10989251732826233,-0.02933722734451294,0.08321911096572876,0.0025635957717895508,0.05516138672828674,0.004975676536560059,0.05737718939781189,-0.006058812141418457,0.09613463282585144,-0.060540199279785156,0.08125293254852295,-0.03483617305755615,0.05965253710746765,-0.026421308517456055,0.056328028440475464,-0.03189957141876221
Thumbs_Down,0.0,0.0,0.020100533962249756,0.05831533670425415,0.05315634608268738,0.11044031381607056,0.0794820487499237,0.14839518070220947,0.09742879867553711,0.18031418323516846,0.11731943488121033,0.042263150215148926,0.10309937596321106,0.07287240028381348,0.07036113739013672,0.07116466760635376,0.06446635723114014,0.06028127670288086,0.11953297257423401,0.004995107650756836,0.09384149312973022,0.03956282138824463,0.060273826122283936,0.040773987770080566,0.06102082133293152,0.029176652431488037,0.11082249879837036,-0.02847236394882202,0.08818924427032471,0.004162788391113281,0.05762144923210144,0.007894337177276611,0.05762287974357605,-0.0028541088104248047,0.09774506092071533,-0.059197425842285156,0.08627587556838989,-0.03270852565765381,0.06276336312294006,-0.02370893955230713,0.057606667280197144,-0.02899765968322754
Thumbs_Down,0.0,0.0,0.019067317247390747,0.05723714828491211,0.05253279209136963,0.10920882225036621,0.07876276969909668,0.1479009985923767,0.09617316722869873,0.18097907304763794,0.11506432294845581,0.043037593364715576,0.10297811031341553,0.07304412126541138,0.06946757435798645,0.06977313756942749,0.06354963779449463,0.05848991870880127,0.11724960803985596,0.005829453468322754,0.0937260091304779,0.03986942768096924,0.05994170904159546,0.04067951440811157,0.06121659278869629,0.029182612895965576,0.10833373665809631,-0.02777397632598877,0.08747529983520508,0.004528701305389404,0.057411760091781616,0.008548200130462646,0.058265477418899536,-0.002337157726287842,0.09536343812942505,-0.05844205617904663,0.0844460129737854,-0.033348679542541504,0.06160628795623779,-0.023767828941345215,0.05735108256340027,-0.0289495587348938
Thumbs_Down,0.0,0.0,0.020732581615447998,0.05677717924118042,0.05153316259384155,0.10970216989517212,0.07445734739303589,0.14826583862304688,0.09001737833023071,0.181388258934021,0.10810330510139465,0.045739948749542236,0.10650807619094849,0.07587146759033203,0.07275921106338501,0.0699889063835144,0.07219314575195312,0.057618141174316406,0.1110803484916687,0.009878277778625488,0.10071328282356262,0.04377549886703491,0.06452280282974243,0.04247784614562988,0.07164734601974487,0.030559420585632324,0.10289061069488525,-0.022096633911132812,0.09506908059120178,0.008389770984649658,0.06367841362953186,0.011715710163116455,0.06901243329048157,-0.00047278404235839844,0.09241348505020142,-0.04980260133743286,0.08760786056518555,-0.02681255340576172,0.06565120816230774,-0.018314778804779053,0.06528055667877197,-0.027774930000305176
Thumbs_Down,0.0,0.0,0.016027361154556274,0.05283302068710327,0.044666409492492676,0.10406816005706787,0.0700644850730896,0.14162087440490723,0.08529609441757202,0.17473489046096802,0.093650221824646,0.048870623111724854,0.10428649187088013,0.06436985731124878,0.07226067781448364,0.06179523468017578,0.07246488332748413,0.055670201778411865,0.09436804056167603,0.013913989067077637,0.09976214170455933,0.031399667263031006,0.062022626399993896,0.03408235311508179,0.07072260975837708,0.02785491943359375,0.08948081731796265,-0.017704129219055176,0.09444987773895264,-0.003149747848510742,0.0624862015247345,0.001994907855987549,0.06918492913246155,-0.0034073591232299805,0.08390295505523682,-0.04708850383758545,0.08508843183517456,-0.0372965931892395,0.06356683373451233,-0.027555465698242188,0.06342810392379761,-0.03140056133270264
Thumbs_Down,0.0,0.0,0.013637006282806396,0.05064207315444946,0.040284931659698486,0.10227978229522705,0.0647834837436676,0.14031434059143066,0.07976746559143066,0.17248576879501343,0.08740234375,0.050096333026885986,0.09958052635192871,0.062686026096344,0.06769129633903503,0.05954462289810181,0.06771266460418701,0.05591022968292236,0.08879542350769043,0.016721785068511963,0.09735816717147827,0.03006953001022339,0.05954417586326599,0.031410276889801025,0.06724873185157776,0.027689695358276367,0.08552533388137817,-0.014364778995513916,0.0926254391670227,-0.003925919532775879,0.06116095185279846,-0.0001717209815979004,0.06727120280265808,-0.0030652880668640137,0.08231860399246216,-0.04484224319458008,0.08251690864562988,-0.038478195667266846,0.06159183382987976,-0.029918789863586426,0.062155306339263916,-0.031199872493743896
Thumbs_Down,0.0,0.0,0.013944506645202637,0.04945945739746094,0.03884044289588928,0.10004311800003052,0.06463167071342468,0.1384265422821045,0.08074399828910828,0.16942769289016724,0.08851984143257141,0.05002617835998535,0.10429397225379944,0.058571457862854004,0.07164213061332703,0.05916959047317505,0.07032397389411926,0.0567280650138855,0.08832910656929016,0.018020927906036377,0.09947887063026428,0.02734428644180298,0.06033918261528015,0.032324254512786865,0.06753894686698914,0.029965102672576904,0.08405265212059021,-0.012606501579284668,0.09444758296012878,-0.0048874616622924805,0.061738044023513794,0.001632988452911377,0.0654670000076294,0.00023490190505981445,0.07980760931968689,-0.04453843832015991,0.08389142155647278,-0.04032498598098755,0.06248152256011963,-0.02938753366470337,0.06103229522705078,-0.028434455394744873
Thumbs_Down,0.0,0.0,0.014181405305862427,0.04945862293243408,0.038798749446868896,0.09855175018310547,0.06541585922241211,0.1356472373008728,0.08200034499168396,0.16685473918914795,0.08896639943122864,0.049830079078674316,0.10512003302574158,0.057938337326049805,0.07247957587242126,0.058407366275787354,0.07127472758293152,0.05501246452331543,0.08865001797676086,0.01789689064025879,0.10004755854606628,0.0264132022857666,0.060377806425094604,0.03172492980957031,0.06836184859275818,0.029307901859283447,0.08430662751197815,-0.012571334838867188,0.09467282891273499,-0.005576789379119873,0.062149107456207275,0.0010339021682739258,0.06676831841468811,-0.0005671977996826172,0.07984563708305359,-0.044048845767974854,0.08381864428520203,-0.04084479808807373,0.06267201900482178,-0.029671311378479004,0.0617729127407074,-0.028716087341308594
Thumbs_Down,0.0,0.0,0.014548391103744507,0.04876977205276489,0.040179669857025146,0.09927290678024292,0.0666167140007019,0.1365949511528015,0.08284029364585876,0.16788935661315918,0.0880785882472992,0.04887092113494873,0.10343334078788757,0.05851393938064575,0.07103124260902405,0.05799376964569092,0.07159456610679626,0.05486959218978882,0.08779701590538025,0.01688307523727417,0.09936162829399109,0.02741187810897827,0.060797542333602905,0.03130239248275757,0.06877034902572632,0.02814197540283203,0.0835898220539093,-0.013616204261779785,0.09436920285224915,-0.00470423698425293,0.062150657176971436,0.0010017156600952148,0.06694912910461426,-0.000666201114654541,0.07974883913993835,-0.04483044147491455,0.08399048447608948,-0.039943814277648926,0.06302997469902039,-0.02904343605041504,0.062179386615753174,-0.02806931734085083
Thumbs_Down,0.0,0.0,0.013981223106384277,0.04893070459365845,0.0408613383769989,0.0998152494430542,0.0674750804901123,0.13622599840164185,0.0837034285068512,0.1671539545059204,0.0883958637714386,0.048436760902404785,0.10380104184150696,0.058516621589660645,0.07093551754951477,0.057793378829956055,0.0701930820941925,0.05507761240005493,0.08851614594459534,0.01608407497406006,0.09950128197669983,0.02722543478012085,0.060512691736221313,0.03083902597427368,0.06794074177742004,0.02795565128326416,0.08459600806236267,-0.014388203620910645,0.09437254071235657,-0.005738198757171631,0.06171524524688721,-8.90493392944336e-05,0.06648129224777222,-0.0016388297080993652,0.08049693703651428,-0.04527848958969116,0.08348056674003601,-0.04077368974685669,0.06229349970817566,-0.029998600482940674,0.061687201261520386,-0.02929478883743286
Thumbs_Down,0.0,0.0,-0.009768426418304443,0.04550892114639282,-0.03152000904083252,0.08803737163543701,-0.05057781934738159,0.1238257884979248,-0.06117212772369385,0.15613341331481934,-0.07803261280059814,0.05579268932342529,-0.08025431632995605,0.06212848424911499,-0.058330416679382324,0.05376654863357544,-0.06431800127029419,0.05165308713912964,-0.0808546245098114,0.024895131587982178,-0.08256953954696655,0.03227275609970093,-0.05618941783905029,0.028052687644958496,-0.06457865238189697,0.027632594108581543,-0.07779228687286377,-0.005658566951751709,-0.08367276191711426,0.0011593103408813477,-0.059125423431396484,0.0001704692840576172,-0.06532248854637146,-0.0019024014472961426,-0.07262134552001953,-0.03469538688659668,-0.0813998281955719,-0.031042635440826416,-0.062473952770233154,-0.027439534664154053,-0.06248116493225098,-0.030145883560180664
Thumbs_Down,0.0,0.0,-0.009866535663604736,0.04424619674682617,-0.030576199293136597,0.08663904666900635,-0.050326526165008545,0.12365549802780151,-0.06149280071258545,0.1555013656616211,-0.0779394805431366,0.05363333225250244,-0.08203139901161194,0.060138046741485596,-0.058800071477890015,0.05174708366394043,-0.06406301259994507,0.05014461278915405,-0.08084118366241455,0.022883117198944092,-0.08487376570701599,0.031704843044281006,-0.05644434690475464,0.027194321155548096,-0.06493088603019714,0.02706015110015869,-0.0782511830329895,-0.007110416889190674,-0.08540531992912292,0.0006589293479919434,-0.06030631065368652,-0.0007567405700683594,-0.06663617491722107,-0.003160417079925537,-0.07369214296340942,-0.034983813762664795,-0.08226317167282104,-0.0303686261177063,-0.06371653079986572,-0.027193009853363037,-0.06445211172103882,-0.030751407146453857
Thumbs_Down,0.0,0.0,-0.010028183460235596,0.04485034942626953,-0.03127142786979675,0.08727467060089111,-0.05084413290023804,0.12300240993499756,-0.06159937381744385,0.15451031923294067,-0.07704669237136841,0.05311012268066406,-0.08351624011993408,0.05992698669433594,-0.05952736735343933,0.05197054147720337,-0.0640375018119812,0.05100744962692261,-0.07931187748908997,0.02264702320098877,-0.08487829566001892,0.031248629093170166,-0.0569915771484375,0.02724701166152954,-0.06492820382118225,0.027712106704711914,-0.07642433047294617,-0.0068978071212768555,-0.08521705865859985,0.00032275915145874023,-0.06004449725151062,-0.000789642333984375,-0.06600537896156311,-0.0027001500129699707,-0.07184556126594543,-0.0346677303314209,-0.08144327998161316,-0.030648469924926758,-0.0626085102558136,-0.027232348918914795,-0.06312492489814758,-0.030453085899353027
Thumbs_Down,0.0,0.0,-0.009451597929000854,0.045062363147735596,-0.030508309602737427,0.0872771143913269,-0.050461024045944214,0.12280011177062988,-0.061567723751068115,0.15463995933532715,-0.0760667622089386,0.05389374494552612,-0.08269569277763367,0.059555113315582275,-0.0592101514339447,0.05214732885360718,-0.06389540433883667,0.05196070671081543,-0.07836988568305969,0.023306846618652344,-0.08483380079269409,0.03131765127182007,-0.056803733110427856,0.027182340621948242,-0.06444808840751648,0.02806001901626587,-0.07576367259025574,-0.006400167942047119,-0.08503660559654236,0.0003954768180847168,-0.05976012349128723,-0.0010001063346862793,-0.06557753682136536,-0.0023654699325561523,-0.07146266102790833,-0.03445702791213989,-0.08105993270874023,-0.03053104877471924,-0.06210413575172424,-0.027467012405395508,-0.06263074278831482,-0.030357778072357178
Thumbs_Down,0.0,0.0,-0.009717971086502075,0.04446285963058472,-0.029709428548812866,0.08701807260513306,-0.049700021743774414,0.1243944764137268,-0.06133720278739929,0.1563470959663391,-0.07779014110565186,0.05312162637710571,-0.08139961957931519,0.06159782409667969,-0.05848133563995361,0.052398085594177246,-0.06415227055549622,0.05001986026763916,-0.08034458756446838,0.022624552249908447,-0.08417418599128723,0.03363066911697388,-0.05610603094100952,0.028210163116455078,-0.0650416910648346,0.027061283588409424,-0.07768052816390991,-0.00668787956237793,-0.08390933275222778,0.0027994513511657715,-0.059381723403930664,0.0007338523864746094,-0.06685483455657959,-0.0025935769081115723,-0.07335165143013,-0.03391909599304199,-0.08022785186767578,-0.028184473514556885,-0.06208837032318115,-0.02560943365097046,-0.06406524777412415,-0.030193567276000977
Thumbs_Down,0.0,0.0,-0.008531957864761353,0.043916165828704834,-0.027861714363098145,0.08677440881729126,-0.04733589291572571,0.12408226728439331,-0.058004289865493774,0.1562330722808838,-0.07399711012840271,0.05420506000518799,-0.08182984590530396,0.06086653470993042,-0.05757972598075867,0.051285624504089355,-0.06030702590942383,0.04987901449203491,-0.07707199454307556,0.024034857749938965,-0.08426398038864136,0.033332884311676025,-0.054939329624176025,0.026935577392578125,-0.06198805570602417,0.027187705039978027,-0.07537338137626648,-0.005435466766357422,-0.08457338809967041,0.002623617649078369,-0.059445738792419434,-0.0007555484771728516,-0.0650811493396759,-0.0026363730430603027,-0.07177335023880005,-0.033110082149505615,-0.08026465773582458,-0.028281092643737793,-0.06221652030944824,-0.027000784873962402,-0.06318289041519165,-0.03047388792037964
Thumbs_Down,0.0,0.0,-0.008620977401733398,0.044535279273986816,-0.027674615383148193,0.08703732490539551,-0.04734337329864502,0.12440741062164307,-0.05850398540496826,0.15699362754821777,-0.07660657167434692,0.05540335178375244,-0.08134636282920837,0.061829328536987305,-0.05770444869995117,0.05225604772567749,-0.0621054470539093,0.05158495903015137,-0.07969793677330017,0.02485710382461548,-0.0837925374507904,0.03381150960922241,-0.054867953062057495,0.027820825576782227,-0.06344214081764221,0.028887450695037842,-0.07761454582214355,-0.004763484001159668,-0.08423051238059998,0.003295302391052246,-0.059193819761276245,0.00037783384323120117,-0.06608906388282776,-0.001196742057800293,-0.07388660311698914,-0.03214293718338013,-0.08099943399429321,-0.02758646011352539,-0.0626184344291687,-0.026089370250701904,-0.06424489617347717,-0.02979201078414917
Thumbs_Down,0.0,0.0,-0.008597195148468018,0.04466211795806885,-0.027254492044448853,0.08654826879501343,-0.04632851481437683,0.12299090623855591,-0.05676257610321045,0.15589791536331177,-0.07427144050598145,0.05470234155654907,-0.07876810431480408,0.06110191345214844,-0.05622488260269165,0.05183148384094238,-0.06139177083969116,0.05148112773895264,-0.07742771506309509,0.02456533908843994,-0.0821007490158081,0.033924877643585205,-0.05475082993507385,0.02780449390411377,-0.06302586197853088,0.02877098321914673,-0.07559439539909363,-0.004891455173492432,-0.083067387342453,0.0036200284957885742,-0.058845728635787964,0.0002790093421936035,-0.06528457999229431,-0.0014601945877075195,-0.07193779945373535,-0.032444000244140625,-0.079226553440094,-0.02747046947479248,-0.061460644006729126,-0.026097595691680908,-0.06301558017730713,-0.029830753803253174
Thumbs_Down,0.0,0.0,-0.008378058671951294,0.044084787368774414,-0.02695608139038086,0.08627468347549438,-0.045791953802108765,0.1233975887298584,-0.056672871112823486,0.15600371360778809,-0.07645270228385925,0.055673420429229736,-0.07829862833023071,0.06071406602859497,-0.05680474638938904,0.05185967683792114,-0.06214874982833862,0.05226325988769531,-0.07965755462646484,0.02527099847793579,-0.08080872893333435,0.03358370065689087,-0.05444565415382385,0.027495861053466797,-0.06363984942436218,0.02873373031616211,-0.07739579677581787,-0.004673480987548828,-0.08259344100952148,0.0040441155433654785,-0.05930772423744202,0.0005090236663818359,-0.0663662850856781,-0.001154780387878418,-0.07322031259536743,-0.03263610601425171,-0.07966023683547974,-0.02733856439590454,-0.06235581636428833,-0.026096463203430176,-0.06419563293457031,-0.029939234256744385
Thumbs_Down,0.0,0.0,-0.008075624704360962,0.044373929500579834,-0.02682030200958252,0.08755940198898315,-0.046168625354766846,0.12478142976760864,-0.056565433740615845,0.15753555297851562,-0.0728345513343811,0.05531078577041626,-0.08069169521331787,0.06099456548690796,-0.05780905485153198,0.05200231075286865,-0.06093907356262207,0.05220717191696167,-0.0755288302898407,0.02552849054336548,-0.08343246579170227,0.033763110637664795,-0.054948627948760986,0.02730703353881836,-0.062123239040374756,0.02894812822341919,-0.07432818412780762,-0.0036485791206359863,-0.08450648188591003,0.0038782358169555664,-0.05962452292442322,-0.00010371208190917969,-0.06506216526031494,-0.0009970664978027344,-0.07143113017082214,-0.03160744905471802,-0.08099919557571411,-0.027090489864349365,-0.06280598044395447,-0.02641516923904419,-0.06356421113014221,-0.02949577569961548
Thumbs_Down,0.0,0.0,-0.00809633731842041,0.04460698366165161,-0.026944488286972046,0.08940714597702026,-0.045599162578582764,0.12842023372650146,-0.056026071310043335,0.16170591115951538,-0.07660326361656189,0.05895644426345825,-0.08179941773414612,0.06296616792678833,-0.05914983153343201,0.05377465486526489,-0.062341898679733276,0.0546414852142334,-0.07985672354698181,0.029049813747406006,-0.08391210436820984,0.03551238775253296,-0.05451443791389465,0.02874886989593506,-0.06248721480369568,0.031229257583618164,-0.07848113775253296,-0.0007180571556091309,-0.08459386229515076,0.005776464939117432,-0.0590721070766449,0.0013880133628845215,-0.0653654932975769,0.0011085867881774902,-0.07509204745292664,-0.029397308826446533,-0.08067014813423157,-0.02485060691833496,-0.06194418668746948,-0.024802029132843018,-0.06370261311531067,-0.0279809832572937
Thumbs_Down,0.0,0.0,-0.00909993052482605,0.04476255178451538,-0.0287531316280365,0.08886080980300903,-0.0481397807598114,0.12838256359100342,-0.05918848514556885,0.1614324450492859,-0.08057346940040588,0.05889308452606201,-0.08394959568977356,0.06482458114624023,-0.06059941649436951,0.05515938997268677,-0.06485581398010254,0.05543714761734009,-0.0837993323802948,0.029083669185638428,-0.08620747923851013,0.037216365337371826,-0.05576947331428528,0.029877185821533203,-0.06532701849937439,0.0316387414932251,-0.08183342218399048,-0.0008786320686340332,-0.08629059791564941,0.007033944129943848,-0.06054198741912842,0.002573847770690918,-0.06822112202644348,0.0013131499290466309,-0.07822450995445251,-0.029163002967834473,-0.08233466744422913,-0.02348226308822632,-0.06409162282943726,-0.023340344429016113,-0.06720584630966187,-0.027715206146240234
Thumbs_Down,0.0,0.0,-0.010427743196487427,0.04507863521575928,-0.028988569974899292,0.08953791856765747,-0.04718214273452759,0.13026142120361328,-0.05786982178688049,0.16277581453323364,-0.08047562837600708,0.05701017379760742,-0.08253747224807739,0.06819897890090942,-0.05955386161804199,0.055355846881866455,-0.06339380145072937,0.05241280794143677,-0.08436253666877747,0.027964532375335693,-0.08372479677200317,0.040274083614349365,-0.05580258369445801,0.03079169988632202,-0.06481927633285522,0.030189812183380127,-0.08189409971237183,-0.001816093921661377,-0.08531296253204346,0.008911311626434326,-0.06088954210281372,0.0038788318634033203,-0.06769579648971558,0.000906527042388916,-0.07694888114929199,-0.029833316802978516,-0.08275336027145386,-0.022788584232330322,-0.06484368443489075,-0.021398544311523438,-0.06622231006622314,-0.025874316692352295
Thumbs_Down,0.0,0.0,-0.010238975286483765,0.04616183042526245,-0.03053867816925049,0.09038621187210083,-0.04848036170005798,0.1293942928314209,-0.05917057394981384,0.16247105598449707,-0.08427619934082031,0.05917203426361084,-0.08080887794494629,0.06647127866744995,-0.05912667512893677,0.056200504302978516,-0.06534683704376221,0.054805874824523926,-0.08804884552955627,0.029471933841705322,-0.08269864320755005,0.03781825304031372,-0.055791616439819336,0.030897796154022217,-0.06532368063926697,0.03147941827774048,-0.08497631549835205,-0.001255333423614502,-0.08329200744628906,0.007335186004638672,-0.059156209230422974,0.0038463473320007324,-0.06722766160964966,0.0021309256553649902,-0.0798175036907196,-0.030524373054504395,-0.08054906129837036,-0.022944152355194092,-0.06234303116798401,-0.021817445755004883,-0.06588190793991089,-0.02673923969268799
Thumbs_Down,0.0,0.0,-0.011544376611709595,0.04685896635055542,-0.031458526849746704,0.09088331460952759,-0.048448264598846436,0.1319902539253235,-0.05904069542884827,0.16509902477264404,-0.08643972873687744,0.056883156299591064,-0.07959040999412537,0.06951099634170532,-0.05970790982246399,0.057216107845306396,-0.06766101717948914,0.05237865447998047,-0.09052300453186035,0.0272027850151062,-0.08295103907585144,0.041451871395111084,-0.05778077244758606,0.03316795825958252,-0.06841957569122314,0.030189096927642822,-0.08704337477684021,-0.0034035444259643555,-0.08374643325805664,0.009223401546478271,-0.06099599599838257,0.006318032741546631,-0.0696280300617218,0.002086460590362549,-0.08086362481117249,-0.03206372261047363,-0.08121564984321594,-0.02338188886642456,-0.0643315315246582,-0.02013617753982544,-0.0679144561290741,-0.026084601879119873
Thumbs_Down,0.0,0.0,-0.011632382869720459,0.04670155048370361,-0.03096950054168701,0.0911867618560791,-0.04814097285270691,0.12898719310760498,-0.05728420615196228,0.16198915243148804,-0.07888808846473694,0.0560605525970459,-0.07600459456443787,0.06965047121047974,-0.0576288104057312,0.05792468786239624,-0.06184235215187073,0.05412447452545166,-0.08521002531051636,0.02790522575378418,-0.07681182026863098,0.03979569673538208,-0.05358695983886719,0.03053361177444458,-0.06296989321708679,0.02879852056503296,-0.08320644497871399,-0.002531886100769043,-0.07836940884590149,0.008000671863555908,-0.0572282075881958,0.0028078556060791016,-0.06513458490371704,-0.0007027983665466309,-0.07730543613433838,-0.03176009654998779,-0.07678419351577759,-0.024776756763458252,-0.06089088320732117,-0.023029446601867676,-0.06391623616218567,-0.02753382921218872
Thumbs_Down,0.0,0.0,-0.010188519954681396,0.046709418296813965,-0.03208005428314209,0.09363794326782227,-0.048659175634384155,0.13005828857421875,-0.060844242572784424,0.16394180059432983,-0.08969083428382874,0.05357491970062256,-0.06236758828163147,0.06233716011047363,-0.04553884267807007,0.0535508394241333,-0.05393970012664795,0.04907059669494629,-0.09546124935150146,0.02073127031326294,-0.06131604313850403,0.032033562660217285,-0.043410807847976685,0.027900993824005127,-0.051684409379959106,0.024597227573394775,-0.0909794270992279,-0.011208713054656982,-0.06104061007499695,3.701448440551758e-05,-0.043548375368118286,0.00012058019638061523,-0.05177772045135498,-0.001965343952178955,-0.08196014165878296,-0.040754735469818115,-0.061472147703170776,-0.03346186876296997,-0.04639056324958801,-0.028688251972198486,-0.050465136766433716,-0.02993643283843994
Thumbs_Down,0.0,0.0,-0.006770730018615723,0.04509234428405762,-0.026249945163726807,0.09359860420227051,-0.03942215442657471,0.13151836395263672,-0.04937911033630371,0.1646100878715515,-0.08317559957504272,0.04903453588485718,-0.04968744516372681,0.05832374095916748,-0.032803893089294434,0.054480016231536865,-0.03531569242477417,0.04935520887374878,-0.08794188499450684,0.014357805252075195,-0.044513702392578125,0.026687204837799072,-0.028585195541381836,0.02679920196533203,-0.032036006450653076,0.0228956937789917,-0.08220100402832031,-0.017661094665527344,-0.04162865877151489,-0.00478285551071167,-0.026347339153289795,-0.0015375614166259766,-0.03021681308746338,-0.004408001899719238,-0.07130730152130127,-0.045968830585479736,-0.0421142578125,-0.036806583404541016,-0.026860058307647705,-0.03065621852874756,-0.027301430702209473,-0.031122267246246338
Thumbs_Down,0.0,0.0,-0.00688326358795166,0.04360717535018921,-0.022580206394195557,0.09261065721511841,-0.0328860878944397,0.13198941946029663,-0.040878891944885254,0.16728323698043823,-0.07485517859458923,0.04718261957168579,-0.03346085548400879,0.05533212423324585,-0.020949840545654297,0.049627482891082764,-0.026324093341827393,0.04417145252227783,-0.07911485433578491,0.010375142097473145,-0.028991520404815674,0.022512435913085938,-0.017118453979492188,0.022018492221832275,-0.022133052349090576,0.018007218837738037,-0.07337567210197449,-0.02268826961517334,-0.028103947639465332,-0.007604360580444336,-0.01640462875366211,-0.004802227020263672,-0.021280288696289062,-0.007155001163482666,-0.06279978156089783,-0.05116117000579834,-0.030292749404907227,-0.039766013622283936,-0.018202245235443115,-0.03283333778381348,-0.019729018211364746,-0.03124833106994629
Thumbs_Down,0.0,0.0,-0.005013585090637207,0.04243767261505127,-0.01568657159805298,0.0916169285774231,-0.02187877893447876,0.13308638334274292,-0.028864502906799316,0.16903704404830933,-0.06523624062538147,0.0442202091217041,-0.01814723014831543,0.0499306321144104,-0.010023891925811768,0.04748368263244629,-0.017712533473968506,0.046666860580444336,-0.06852591037750244,0.005556643009185791,-0.012596189975738525,0.017183959484100342,-0.008206725120544434,0.020566821098327637,-0.01699519157409668,0.021680831909179688,-0.06281599402427673,-0.028706252574920654,-0.013440608978271484,-0.013112366199493408,-0.007943570613861084,-0.00736767053604126,-0.016424357891082764,-0.006355762481689453,-0.05258655548095703,-0.05694913864135742,-0.018838167190551758,-0.045468270778656006,-0.011812329292297363,-0.038510799407958984,-0.016987621784210205,-0.036125004291534424
Thumbs_Down,0.0,0.0,-0.009189426898956299,0.04344457387924194,-0.02431577444076538,0.08980768918991089,-0.03059178590774536,0.13088399171829224,-0.03793281316757202,0.16750144958496094,-0.05593836307525635,0.0380590558052063,-0.016769886016845703,0.047544658184051514,-0.009550750255584717,0.04856175184249878,-0.01448148488998413,0.0482485294342041,-0.055349528789520264,-0.0026916861534118652,-0.004972636699676514,0.011139750480651855,-0.006501615047454834,0.01790785789489746,-0.015408813953399658,0.01820361614227295,-0.04819601774215698,-0.03679615259170532,-0.0053144097328186035,-0.020825564861297607,-0.0072792768478393555,-0.013602256774902344,-0.019153296947479248,-0.014069676399230957,-0.038791000843048096,-0.0633920431137085,-0.01124727725982666,-0.05456221103668213,-0.01050865650177002,-0.04581540822982788,-0.018290579319000244,-0.04320359230041504
Thumbs_Down,0.0,0.0,0.0003445148468017578,0.04673171043395996,0.005606472492218018,0.09281116724014282,0.006335437297821045,0.14041781425476074,0.0008744001388549805,0.1821172833442688,-0.0020173192024230957,0.04498410224914551,0.043733298778533936,0.061297714710235596,0.03250068426132202,0.0580102801322937,0.016325652599334717,0.052112042903900146,-0.0007033348083496094,0.003782212734222412,0.05045062303543091,0.025205373764038086,0.041902363300323486,0.026838719844818115,0.026791632175445557,0.02242147922515869,0.0056383609771728516,-0.030628204345703125,0.04876399040222168,-0.0055585503578186035,0.04016941785812378,-0.002665221691131592,0.025742709636688232,-0.007124006748199463,0.013651549816131592,-0.05658519268035889,0.04402869939804077,-0.037420451641082764,0.03714704513549805,-0.03331953287124634,0.02467590570449829,-0.03783923387527466
Thumbs_Down,0.0,0.0,0.002878904342651367,0.046915411949157715,0.012101531028747559,0.10587126016616821,0.01205456256866455,0.15281319618225098,0.008110582828521729,0.19332140684127808,0.005655229091644287,0.06258678436279297,0.05855703353881836,0.07371765375137329,0.043379127979278564,0.06935584545135498,0.02505958080291748,0.0664898157119751,0.009587287902832031,0.022646665573120117,0.06710553169250488,0.04081159830093384,0.0493159294128418,0.03909444808959961,0.02861863374710083,0.03169518709182739,0.015324413776397705,-0.010866641998291016,0.06603604555130005,0.01168137788772583,0.05066412687301636,0.010088980197906494,0.031251370906829834,0.004091024398803711,0.023122072219848633,-0.037713587284088135,0.06039518117904663,-0.017686009407043457,0.04923945665359497,-0.016757190227508545,0.034129559993743896,-0.023849785327911377
Thumbs_Down,0.0,0.0,0.01973360776901245,0.0533486008644104,0.04536235332489014,0.10092592239379883,0.05934453010559082,0.15181094408035278,0.05921316146850586,0.19716370105743408,0.05695825815200806,0.04828226566314697,0.10565853118896484,0.06278723478317261,0.09293955564498901,0.06627362966537476,0.07408028841018677,0.06457382440567017,0.05854368209838867,0.007405340671539307,0.10803371667861938,0.027727603912353516,0.09964555501937866,0.035542845726013184,0.08460122346878052,0.03392839431762695,0.06071341037750244,-0.028276443481445312,0.10512036085128784,-0.0024293065071105957,0.09629225730895996,0.0052078962326049805,0.08071386814117432,0.0017792582511901855,0.06318873167037964,-0.05639857053756714,0.0992613434791565,-0.03537023067474365,0.092945396900177,-0.026549875736236572,0.07986247539520264,-0.028641939163208008
Thumbs_Down,0.0,0.0,0.016511112451553345,0.05545604228973389,0.04051998257637024,0.1044052243232727,0.05414232611656189,0.15504735708236694,0.052855342626571655,0.20127767324447632,0.05328366160392761,0.05289006233215332,0.09961274266242981,0.06977975368499756,0.08835449814796448,0.07028108835220337,0.07157376408576965,0.06814885139465332,0.0557427704334259,0.011077880859375,0.104604572057724,0.033318936824798584,0.09605541825294495,0.039431989192962646,0.0809909999370575,0.037190020084381104,0.058829814195632935,-0.024868547916412354,0.10215374827384949,0.003930449485778809,0.0931340754032135,0.01059257984161377,0.07781580090522766,0.00595170259475708,0.06193646788597107,-0.05352276563644409,0.09553876519203186,-0.02916496992111206,0.08941349387168884,-0.020912349224090576,0.07801243662834167,-0.024035155773162842
Thumbs_Down,0.0,0.0,-0.009051978588104248,0.05051630735397339,-0.028000593185424805,0.10538125038146973,-0.03900274634361267,0.15143883228302002,-0.04652351140975952,0.1922106146812439,-0.09187155961990356,0.04904550313949585,-0.04461395740509033,0.054055988788604736,-0.027041971683502197,0.05209386348724365,-0.03452575206756592,0.05041921138763428,-0.094206303358078,0.007415950298309326,-0.03567993640899658,0.016708076000213623,-0.021045446395874023,0.02221781015396118,-0.03050518035888672,0.023168981075286865,-0.08568379282951355,-0.029707729816436768,-0.03341412544250488,-0.015203118324279785,-0.019984126091003418,-0.008318662643432617,-0.02786189317703247,-0.007942676544189453,-0.07214975357055664,-0.05963951349258423,-0.035607993602752686,-0.05017644166946411,-0.023482918739318848,-0.041761040687561035,-0.028548777103424072,-0.039431869983673096
Thumbs_Down,0.0,0.0,-0.00917893648147583,0.02700430154800415,-0.02338188886642456,0.06315481662750244,-0.031912386417388916,0.10060501098632812,-0.039806634187698364,0.13331818580627441,-0.021931946277618408,0.04641246795654297,-0.03490978479385376,0.055729031562805176,-0.05010297894477844,0.057434916496276855,-0.06432601809501648,0.05607110261917114,-0.021258056163787842,0.02037966251373291,-0.03865823149681091,0.026666343212127686,-0.05752384662628174,0.021280288696289062,-0.07538744807243347,0.011321485042572021,-0.01861572265625,-0.007289230823516846,-0.02926468849182129,-0.010703444480895996,-0.043103039264678955,-0.028165876865386963,-0.05642220377922058,-0.04539209604263306,-0.014753401279449463,-0.031672537326812744,-0.020606040954589844,-0.03874921798706055,-0.027589499950408936,-0.053735196590423584,-0.03511020541191101,-0.0705709457397461
Thumbs_Down,0.0,0.0,-0.008072316646575928,0.05280488729476929,-0.02894502878189087,0.10832840204238892,-0.0406184196472168,0.15317213535308838,-0.046771496534347534,0.1944463849067688,-0.08489632606506348,0.06960803270339966,-0.059789687395095825,0.06850004196166992,-0.04401633143424988,0.06073111295700073,-0.052659183740615845,0.061756670475006104,-0.09363234043121338,0.03271454572677612,-0.062105774879455566,0.03288900852203369,-0.04206213355064392,0.03202325105667114,-0.05111914873123169,0.034219563007354736,-0.09123089909553528,-0.0033599138259887695,-0.06301501393318176,-0.0016681551933288574,-0.04316210746765137,0.0022352933883666992,-0.051146239042282104,0.005324959754943848,-0.0833093523979187,-0.035411715507507324,-0.06221175193786621,-0.03733426332473755,-0.04492160677909851,-0.030404508113861084,-0.04865056276321411,-0.02667224407196045
Thumbs_Down,0.0,0.0,-0.009036809206008911,0.05376088619232178,-0.027183055877685547,0.10855644941329956,-0.03961876034736633,0.15734493732452393,-0.044551193714141846,0.19587141275405884,-0.08223283290863037,0.07519680261611938,-0.08000925183296204,0.09032702445983887,-0.058268964290618896,0.07476425170898438,-0.06633257865905762,0.07062339782714844,-0.08950605988502502,0.04194283485412598,-0.08137491345405579,0.05668234825134277,-0.05406606197357178,0.04483139514923096,-0.06506341695785522,0.043862998485565186,-0.088632732629776,0.008175551891326904,-0.08181124925613403,0.02261120080947876,-0.055879175662994385,0.016908645629882812,-0.06500610709190369,0.014240741729736328,-0.08414098620414734,-0.021785497665405273,-0.07828918099403381,-0.010534286499023438,-0.05840536952018738,-0.010127544403076172,-0.06316038966178894,-0.016516029834747314
Thumbs_Down,0.0,0.0,-0.013642281293869019,0.0435296893119812,-0.032078057527542114,0.09066367149353027,-0.05070054531097412,0.1377297043800354,-0.058320045471191406,0.17004883289337158,-0.07485148310661316,0.04720878601074219,-0.09226375818252563,0.05526602268218994,-0.06641530990600586,0.05098694562911987,-0.067070871591568,0.05234569311141968,-0.07584679126739502,0.01580411195755005,-0.0932881236076355,0.02771371603012085,-0.06288817524909973,0.026358485221862793,-0.06603613495826721,0.026033401489257812,-0.07318466901779175,-0.012819826602935791,-0.0894518792629242,-0.004822790622711182,-0.06366115808486938,-0.001887500286102295,-0.0653005838394165,-0.003931760787963867,-0.06890836358070374,-0.03726184368133545,-0.0822380781173706,-0.031893134117126465,-0.06272128224372864,-0.025980830192565918,-0.0600910484790802,-0.029357969760894775
Thumbs_Down,0.0,0.0,-0.022610962390899658,0.04289746284484863,-0.04441791772842407,0.07908099889755249,-0.062410324811935425,0.11241376399993896,-0.07287576794624329,0.1415015459060669,-0.07006928324699402,0.02571737766265869,-0.09653645753860474,0.028718233108520508,-0.0771341323852539,0.03057318925857544,-0.06506964564323425,0.03109145164489746,-0.0688008964061737,-0.002537250518798828,-0.09323111176490784,0.0011189579963684082,-0.07138893008232117,0.004378199577331543,-0.06289616227149963,0.003035247325897217,-0.06421580910682678,-0.030408501625061035,-0.08897417783737183,-0.02891165018081665,-0.07041370868682861,-0.023367881774902344,-0.06175267696380615,-0.023876547813415527,-0.05661630630493164,-0.05676412582397461,-0.07912784814834595,-0.05761432647705078,-0.06754237413406372,-0.048224806785583496,-0.059488385915756226,-0.04701697826385498
Thumbs_Down,0.0,0.0,-0.0205974280834198,0.04126155376434326,-0.04559212923049927,0.07660645246505737,-0.06397819519042969,0.10799986124038696,-0.07434165477752686,0.13773399591445923,-0.0705101490020752,0.028361499309539795,-0.09668725728988647,0.030288279056549072,-0.08486777544021606,0.03116828203201294,-0.07102492451667786,0.03183281421661377,-0.06990376114845276,-0.00018590688705444336,-0.0968191921710968,0.0008460283279418945,-0.08191731572151184,0.0033805370330810547,-0.06892374157905579,0.0023412108421325684,-0.06570827960968018,-0.027908623218536377,-0.09177497029304504,-0.02605372667312622,-0.07936379313468933,-0.022797346115112305,-0.06838735938072205,-0.024027585983276367,-0.05827811360359192,-0.053966224193573,-0.08099976181983948,-0.05425822734832764,-0.07589328289031982,-0.04935973882675171,-0.06924495100975037,-0.049388110637664795
Thumbs_Down,0.0,0.0,-0.021143287420272827,0.0371781587600708,-0.04134416580200195,0.07168841361999512,-0.05656033754348755,0.10410487651824951,-0.06514337658882141,0.13446307182312012,-0.06061440706253052,0.02449256181716919,-0.0744408369064331,0.033594489097595215,-0.07359093427658081,0.03405320644378662,-0.0731419026851654,0.03300052881240845,-0.061114490032196045,-0.002935945987701416,-0.08539670705795288,0.0023189187049865723,-0.07841303944587708,0.005883991718292236,-0.06868070363998413,0.004536449909210205,-0.05692756175994873,-0.029632866382598877,-0.08324477076530457,-0.02632153034210205,-0.07486048340797424,-0.020806968212127686,-0.06411269307136536,-0.021928489208221436,-0.048314452171325684,-0.05459815263748169,-0.0715322494506836,-0.05738729238510132,-0.06843915581703186,-0.04803210496902466,-0.060718268156051636,-0.04379069805145264
Thumbs_Down,0.0,0.0,-0.013431429862976074,0.032002031803131104,-0.02862018346786499,0.04946166276931763,-0.044435322284698486,0.05431771278381348,-0.05351740121841431,0.055469512939453125,-0.05095952749252319,0.03632998466491699,-0.06844517588615417,0.04463130235671997,-0.05018585920333862,0.04704463481903076,-0.04149895906448364,0.044422030448913574,-0.05239465832710266,0.01334768533706665,-0.073208749294281,0.01856839656829834,-0.04937511682510376,0.021326661109924316,-0.04132547974586487,0.018065810203552246,-0.05004000663757324,-0.012013435363769531,-0.06871634721755981,-0.010604798793792725,-0.0479147732257843,-0.00509411096572876,-0.04010140895843506,-0.01014244556427002,-0.043483346700668335,-0.041715383529663086,-0.05923837423324585,-0.03892296552658081,-0.04595443606376648,-0.032440185546875,-0.039017170667648315,-0.03572714328765869
Thumbs_Down,0.0,0.0,-0.010889768600463867,0.031062960624694824,-0.028251081705093384,0.05571305751800537,-0.04302561283111572,0.06703311204910278,-0.04980549216270447,0.07074278593063354,-0.05625864863395691,0.047070324420928955,-0.0766078531742096,0.053299009799957275,-0.05328097939491272,0.053022563457489014,-0.041868239641189575,0.05130279064178467,-0.05692210793495178,0.019600391387939453,-0.07797718048095703,0.026211082935333252,-0.04885271191596985,0.026793360710144043,-0.04280361533164978,0.022468209266662598,-0.054450541734695435,-0.007985234260559082,-0.07351663708686829,-0.004447638988494873,-0.04653352499008179,-0.0016999244689941406,-0.04078114032745361,-0.006132841110229492,-0.049778103828430176,-0.038658320903778076,-0.06625142693519592,-0.03387171030044556,-0.04808765649795532,-0.029177308082580566,-0.0429244339466095,-0.03189200162887573
Thumbs_Down,0.0,0.0,-0.017950743436813354,0.051946401596069336,-0.03793996572494507,0.09308189153671265,-0.06444931030273438,0.12413161993026733,-0.0796160101890564,0.14916831254959106,-0.07458239793777466,0.03860282897949219,-0.0978541374206543,0.04660499095916748,-0.07012692093849182,0.048249900341033936,-0.060966283082962036,0.04403674602508545,-0.0749870240688324,0.008053898811340332,-0.09742358326911926,0.017171263694763184,-0.0649210512638092,0.021941184997558594,-0.05941271781921387,0.016528844833374023,-0.0718066394329071,-0.020015835762023926,-0.09341928362846375,-0.01348191499710083,-0.0645388662815094,-0.007101595401763916,-0.05894923210144043,-0.013667643070220947,-0.06519332528114319,-0.049387454986572266,-0.08660703897476196,-0.04409116506576538,-0.06602033972740173,-0.03438335657119751,-0.05952364206314087,-0.039142489433288574
Thumbs_Down,0.0,0.0,-0.015384644269943237,0.052529215812683105,-0.03596886992454529,0.09531509876251221,-0.06346860527992249,0.12822508811950684,-0.07947614789009094,0.15162652730941772,-0.07434895634651184,0.0424003005027771,-0.09570527076721191,0.050994813442230225,-0.06857022643089294,0.05178266763687134,-0.062187254428863525,0.04968619346618652,-0.07429546117782593,0.010897219181060791,-0.09549510478973389,0.020365118980407715,-0.06355112791061401,0.024050593376159668,-0.06091731786727905,0.020496666431427002,-0.0707043707370758,-0.017792224884033203,-0.09144237637519836,-0.010595560073852539,-0.06287914514541626,-0.004993736743927002,-0.06036233901977539,-0.010243058204650879,-0.06442722678184509,-0.045772016048431396,-0.08194839954376221,-0.04128146171569824,-0.06159162521362305,-0.0315399169921875,-0.05728510022163391,-0.0358012318611145
Thumbs_Down,0.0,0.0,-0.013321369886398315,0.0492098331451416,-0.03487434983253479,0.09218883514404297,-0.060999542474746704,0.12616246938705444,-0.07764843106269836,0.151736319065094,-0.07305571436882019,0.041376352310180664,-0.09363862872123718,0.04687058925628662,-0.06475543975830078,0.04812216758728027,-0.05818283557891846,0.04562109708786011,-0.07176485657691956,0.008477628231048584,-0.09183397889137268,0.017345845699310303,-0.058381348848342896,0.02269071340560913,-0.057091712951660156,0.019170165061950684,-0.06793630123138428,-0.020901381969451904,-0.08716157078742981,-0.013960778713226318,-0.057520925998687744,-0.007146179676055908,-0.05621322989463806,-0.012015163898468018,-0.06266546249389648,-0.049024343490600586,-0.07915046811103821,-0.04389655590057373,-0.05818638205528259,-0.034877121448516846,-0.05438336730003357,-0.03914767503738403
Thumbs_Down,0.0,0.0,-0.014795184135437012,0.04814726114273071,-0.037804216146469116,0.09097898006439209,-0.06366947293281555,0.12426245212554932,-0.08195921778678894,0.1502024531364441,-0.07462137937545776,0.039470672607421875,-0.09561607241630554,0.04453432559967041,-0.067302405834198,0.04549044370651245,-0.061036527156829834,0.04308164119720459,-0.07315060496330261,0.005995333194732666,-0.0937795341014862,0.014630556106567383,-0.06101959943771362,0.019631922245025635,-0.06086111068725586,0.015894591808319092,-0.06946426630020142,-0.024043917655944824,-0.0883013904094696,-0.016674935817718506,-0.059435874223709106,-0.010441839694976807,-0.059787243604660034,-0.016113102436065674,-0.06482931971549988,-0.05245572328567505,-0.07923442125320435,-0.045514047145843506,-0.05885797739028931,-0.03709179162979126,-0.056331366300582886,-0.04244542121887207
Thumbs_Down,0.0,0.0,-0.016567111015319824,0.04801088571548462,-0.040520429611206055,0.09004205465316772,-0.06731206178665161,0.1239011287689209,-0.08583605289459229,0.15069210529327393,-0.07678329944610596,0.0372655987739563,-0.0976102352142334,0.04324042797088623,-0.06928971409797668,0.04333639144897461,-0.06429776549339294,0.041027724742889404,-0.07513308525085449,0.0045005083084106445,-0.09495869278907776,0.013833940029144287,-0.06258153915405273,0.01770120859146118,-0.06327509880065918,0.014364480972290039,-0.07137727737426758,-0.025208234786987305,-0.08950412273406982,-0.017596304416656494,-0.06108400225639343,-0.012002170085906982,-0.062248289585113525,-0.01755577325820923,-0.06698387861251831,-0.053228914737701416,-0.08053013682365417,-0.046210646629333496,-0.060353368520736694,-0.03834468126296997,-0.05838596820831299,-0.04437839984893799
Thumbs_Down,0.0,0.0,-0.017300933599472046,0.04804486036300659,-0.04610854387283325,0.08992975950241089,-0.07428750395774841,0.12293928861618042,-0.09128642082214355,0.15324759483337402,-0.08859431743621826,0.04161667823791504,-0.09375613927841187,0.04654604196548462,-0.0687246024608612,0.04349035024642944,-0.0707235038280487,0.04064285755157471,-0.08722162246704102,0.007833778858184814,-0.09012755751609802,0.015963733196258545,-0.05900105834007263,0.018709897994995117,-0.06661263108253479,0.016559123992919922,-0.08059874176979065,-0.02382361888885498,-0.08408308029174805,-0.016183793544769287,-0.056934624910354614,-0.010778367519378662,-0.06383207440376282,-0.014567792415618896,-0.0725562572479248,-0.05258500576019287,-0.0761883556842804,-0.046209514141082764,-0.05659779906272888,-0.03909099102020264,-0.058777838945388794,-0.044290363788604736
Thumbs_Down,0.0,0.0,-0.018228530883789062,0.046518683433532715,-0.04895016551017761,0.08821219205856323,-0.07654759287834167,0.12098503112792969,-0.09353455901145935,0.15166229009628296,-0.08929750323295593,0.040055036544799805,-0.08856058120727539,0.04267382621765137,-0.0674685537815094,0.038743555545806885,-0.0695955753326416,0.037272751331329346,-0.08847314119338989,0.004836738109588623,-0.0804695188999176,0.010037839412689209,-0.05309927463531494,0.01242053508758545,-0.06300559639930725,0.012148380279541016,-0.08052799105644226,-0.02871483564376831,-0.07621502876281738,-0.0218048095703125,-0.05159279704093933,-0.016191542148590088,-0.05803230404853821,-0.01783698797225952,-0.06968632340431213,-0.05784076452255249,-0.0702660083770752,-0.054344356060028076,-0.051777541637420654,-0.0452115535736084,-0.05216622352600098,-0.04636961221694946
Thumbs_Down,0.0,0.0,-0.018524646759033203,0.049205243587493896,-0.05091017484664917,0.092551589012146,-0.07635688781738281,0.12634187936782837,-0.09580865502357483,0.16019350290298462,-0.09621965885162354,0.04051274061203003,-0.0754387378692627,0.045113980770111084,-0.05611857771873474,0.04246276617050171,-0.06312122941017151,0.04209798574447632,-0.09891322255134583,-8.147954940795898e-05,-0.06881582736968994,0.00990206003189087,-0.04517477750778198,0.01463228464126587,-0.053994208574295044,0.014203548431396484,-0.09042090177536011,-0.03574252128601074,-0.06380775570869446,-0.02579331398010254,-0.042616039514541626,-0.01701188087463379,-0.05098298192024231,-0.016540169715881348,-0.07719922065734863,-0.06547278165817261,-0.05535966157913208,-0.06089460849761963,-0.038668811321258545,-0.050483882427215576,-0.04397702217102051,-0.04929620027542114
Thumbs_Down,0.0,0.0,-0.015801548957824707,0.05151110887527466,-0.04524672031402588,0.09540563821792603,-0.06887134909629822,0.1320289969444275,-0.08723938465118408,0.16890043020248413,-0.10015150904655457,0.034329354763031006,-0.06126749515533447,0.039354026317596436,-0.04219919443130493,0.04129195213317871,-0.04770830273628235,0.041311800479888916,-0.09777310490608215,-0.008448302745819092,-0.05487853288650513,0.004504501819610596,-0.03579294681549072,0.01576930284500122,-0.039427340030670166,0.01639246940612793,-0.08496147394180298,-0.04451853036880493,-0.04497694969177246,-0.03070622682571411,-0.028225302696228027,-0.014751553535461426,-0.03485596179962158,-0.011822283267974854,-0.06838437914848328,-0.07334518432617188,-0.037222594022750854,-0.065166175365448,-0.022160649299621582,-0.04898178577423096,-0.02663630247116089,-0.043142735958099365
Thumbs_Down,0.0,0.0,-0.01497727632522583,0.05026531219482422,-0.045137226581573486,0.09529590606689453,-0.06901904940605164,0.13413554430007935,-0.08540642261505127,0.1728839874267578,-0.09720653295516968,0.029769957065582275,-0.056524574756622314,0.04404938220977783,-0.03990131616592407,0.04530888795852661,-0.04629674553871155,0.042326509952545166,-0.09474688768386841,-0.011841773986816406,-0.04626777768135071,0.008922576904296875,-0.03144082427024841,0.017769813537597656,-0.037800490856170654,0.016446948051452637,-0.08181804418563843,-0.04594159126281738,-0.03798845410346985,-0.023943722248077393,-0.025133073329925537,-0.012430906295776367,-0.03224766254425049,-0.01362067461013794,-0.06507450342178345,-0.07284879684448242,-0.03459060192108154,-0.058038175106048584,-0.023022174835205078,-0.04658263921737671,-0.02782142162322998,-0.045462846755981445
Thumbs_Down,0.0,0.0,-0.016301751136779785,0.04759031534194946,-0.046730875968933105,0.09189766645431519,-0.06928661465644836,0.129302978515625,-0.08510732650756836,0.16598361730575562,-0.09716656804084778,0.02200549840927124,-0.05698862671852112,0.04074364900588989,-0.040677934885025024,0.04575580358505249,-0.047614991664886475,0.04206359386444092,-0.09386014938354492,-0.020178616046905518,-0.04413837194442749,0.007863104343414307,-0.030132800340652466,0.01934492588043213,-0.03766408562660217,0.017050564289093018,-0.07989034056663513,-0.05342596769332886,-0.03612527251243591,-0.022697627544403076,-0.023154497146606445,-0.010220706462860107,-0.028357595205307007,-0.012272894382476807,-0.06274080276489258,-0.07868784666061401,-0.03188470005989075,-0.05724281072616577,-0.020559310913085938,-0.04327237606048584,-0.023523002862930298,-0.04059725999832153
Thumbs_Down,0.0,0.0,-0.016848325729370117,0.04631221294403076,-0.04764017462730408,0.09049570560455322,-0.06997016072273254,0.12865537405014038,-0.08611655235290527,0.1650586724281311,-0.0974385142326355,0.018549680709838867,-0.05870318412780762,0.037026047706604004,-0.042619794607162476,0.04338473081588745,-0.04954615235328674,0.040669381618499756,-0.09398597478866577,-0.022916138172149658,-0.046406567096710205,0.004865169525146484,-0.03239014744758606,0.01722186803817749,-0.04016214609146118,0.015276491641998291,-0.0797896683216095,-0.05561554431915283,-0.03864327073097229,-0.02519124746322632,-0.02596685290336609,-0.011822879314422607,-0.03177967667579651,-0.013332843780517578,-0.06237703561782837,-0.0802459716796875,-0.03395110368728638,-0.05932509899139404,-0.022903859615325928,-0.04407954216003418,-0.025816798210144043,-0.040751755237579346
Thumbs_Down,0.0,0.0,-0.018855154514312744,0.045993685722351074,-0.047331809997558594,0.09227275848388672,-0.06883028149604797,0.12938004732131958,-0.0853426456451416,0.16474878787994385,-0.10185888409614563,0.03836166858673096,-0.07394927740097046,0.06041085720062256,-0.053052663803100586,0.05829256772994995,-0.05316823720932007,0.0520133376121521,-0.10123410820960999,-0.005038321018218994,-0.05463418364524841,0.021724283695220947,-0.03556898236274719,0.02742546796798706,-0.03923928737640381,0.02366030216217041,-0.08824265003204346,-0.04224503040313721,-0.04424333572387695,-0.014352977275848389,-0.027238279581069946,-0.00468289852142334,-0.029640525579452515,-0.0065680742263793945,-0.06982886791229248,-0.07387274503707886,-0.037409424781799316,-0.05236780643463135,-0.02268892526626587,-0.03808164596557617,-0.02289748191833496,-0.03428572416305542
Thumbs_Down,0.0,0.0,-0.018682241439819336,0.04652440547943115,-0.04683047533035278,0.09246808290481567,-0.06804987788200378,0.12941110134124756,-0.0846802294254303,0.1647166609764099,-0.10036182403564453,0.03727608919143677,-0.07496130466461182,0.061279118061065674,-0.05502215027809143,0.05950963497161865,-0.05559408664703369,0.053567588329315186,-0.09921443462371826,-0.005515933036804199,-0.0547923743724823,0.02209186553955078,-0.036217570304870605,0.02819204330444336,-0.04051864147186279,0.024657726287841797,-0.08608242869377136,-0.042546987533569336,-0.04304078221321106,-0.01529085636138916,-0.026178747415542603,-0.004433691501617432,-0.028886735439300537,-0.005342841148376465,-0.06785184144973755,-0.07372742891311646,-0.03757232427597046,-0.054919302463531494,-0.023092031478881836,-0.04139435291290283,-0.02333909273147583,-0.03819072246551514
Thumbs_Up,0.0,0.0,-0.020322561264038086,-0.05466914176940918,-0.04694223403930664,-0.10489487648010254,-0.06389465928077698,-0.14592456817626953,-0.07263556122779846,-0.1819624900817871,-0.06486254930496216,-0.08115243911743164,-0.11009812355041504,-0.06654977798461914,-0.09491562843322754,-0.06481647491455078,-0.07810705900192261,-0.06980007886886597,-0.06454366445541382,-0.04067111015319824,-0.11259862780570984,-0.03693336248397827,-0.09692847728729248,-0.03522127866744995,-0.07761773467063904,-0.035309016704559326,-0.06309419870376587,-0.002793729305267334,-0.10777440667152405,-0.005226492881774902,-0.09387102723121643,-0.003917694091796875,-0.07577356696128845,-0.004408895969390869,-0.06088712811470032,0.03238248825073242,-0.09669414162635803,0.026146233081817627,-0.08496135473251343,0.024726033210754395,-0.06926435232162476,0.025472939014434814
Thumbs_Up,0.0,0.0,-0.020550072193145752,-0.05418342351913452,-0.04772835969924927,-0.10458087921142578,-0.06475809216499329,-0.14562439918518066,-0.07340681552886963,-0.18136918544769287,-0.06521496176719666,-0.08154463768005371,-0.11110228300094604,-0.06586384773254395,-0.09588265419006348,-0.06366562843322754,-0.07884648442268372,-0.06881588697433472,-0.06443113088607788,-0.04108339548110962,-0.11282318830490112,-0.03635507822036743,-0.09711343050003052,-0.034737348556518555,-0.07787647843360901,-0.03520077466964722,-0.0626886785030365,-0.0031195878982543945,-0.10690551996231079,-0.0047092437744140625,-0.09282845258712769,-0.0035010576248168945,-0.07481774687767029,-0.004242599010467529,-0.060373783111572266,0.03247028589248657,-0.0961209237575531,0.026775717735290527,-0.08401727676391602,0.025472581386566162,-0.06821489334106445,0.02624613046646118
Thumbs_Up,0.0,0.0,-0.020673930644989014,-0.05358606576919556,-0.04844111204147339,-0.10419434309005737,-0.06554785370826721,-0.14505243301391602,-0.0744486153125763,-0.17997562885284424,-0.06623199582099915,-0.081459641456604,-0.11154139041900635,-0.06540870666503906,-0.09676489233970642,-0.06258022785186768,-0.07992199063301086,-0.06778222322463989,-0.06539750099182129,-0.04170846939086914,-0.11325976252555847,-0.03615683317184448,-0.09767824411392212,-0.033633291721343994,-0.0784691572189331,-0.03425091505050659,-0.06352639198303223,-0.004176437854766846,-0.10760843753814697,-0.004768013954162598,-0.09364065527915955,-0.0028772950172424316,-0.0756528377532959,-0.0036346912384033203,-0.06095567345619202,0.031063318252563477,-0.0959908664226532,0.026419997215270996,-0.08415141701698303,0.025643765926361084,-0.06860986351966858,0.0262448787689209
Thumbs_Up,0.0,0.0,-0.020209312438964844,-0.05467557907104492,-0.04701733589172363,-0.10529905557632446,-0.06300270557403564,-0.14749324321746826,-0.07060489058494568,-0.18346673250198364,-0.06648305058479309,-0.08166247606277466,-0.10962212085723877,-0.06737303733825684,-0.09491941332817078,-0.06490683555603027,-0.07794851064682007,-0.06925010681152344,-0.066546231508255,-0.0411946177482605,-0.11239442229270935,-0.037778496742248535,-0.09704354405403137,-0.03571277856826782,-0.07796713709831238,-0.035743534564971924,-0.06514757871627808,-0.0030586719512939453,-0.10694438219070435,-0.005381762981414795,-0.09343662858009338,-0.003857254981994629,-0.07575750350952148,-0.004210233688354492,-0.06293678283691406,0.032410264015197754,-0.09670394659042358,0.025851726531982422,-0.08470726013183594,0.025019705295562744,-0.06921330094337463,0.02624666690826416
Thumbs_Up,0.0,0.0,-0.020868539810180664,-0.05563431978225708,-0.046510517597198486,-0.10523760318756104,-0.0636570155620575,-0.1470763087272644,-0.07142508029937744,-0.1834421157836914,-0.07496383786201477,-0.07576650381088257,-0.1151566207408905,-0.06297719478607178,-0.09982538223266602,-0.05995458364486694,-0.08283138275146484,-0.06288254261016846,-0.07613435387611389,-0.03507894277572632,-0.11609256267547607,-0.031778931617736816,-0.10154944658279419,-0.030383825302124023,-0.08331373333930969,-0.030533194541931152,-0.07454347610473633,0.0029671788215637207,-0.11021226644515991,0.002138972282409668,-0.09798315167427063,0.0022893548011779785,-0.08106684684753418,0.0015503168106079102,-0.07125812768936157,0.03766709566116333,-0.10119211673736572,0.03417253494262695,-0.09072121977806091,0.030950725078582764,-0.07643577456474304,0.02999931573867798
Thumbs_Up,0.0,0.0,-0.017329096794128418,-0.058915793895721436,-0.039931535720825195,-0.10559797286987305,-0.06003656983375549,-0.14476120471954346,-0.0713534951210022,-0.17827177047729492,-0.0872671902179718,-0.06873846054077148,-0.0989314615726471,-0.06228053569793701,-0.0840640664100647,-0.05819880962371826,-0.07076698541641235,-0.05825459957122803,-0.08990898728370667,-0.027219116687774658,-0.10130015015602112,-0.02619558572769165,-0.08668220043182373,-0.025057554244995117,-0.07159531116485596,-0.025010526180267334,-0.08578485250473022,0.010437726974487305,-0.09824097156524658,0.00824040174484253,-0.08498486876487732,0.007502853870391846,-0.07020843029022217,0.005982041358947754,-0.07917705178260803,0.043422818183898926,-0.0942087173461914,0.03964424133300781,-0.08223211765289307,0.03611522912979126,-0.06955626606941223,0.033818721771240234
Thumbs_Up,0.0,0.0,-0.014764249324798584,-0.061775386333465576,-0.03727424144744873,-0.10967791080474854,-0.05820435285568237,-0.14772623777389526,-0.0678156316280365,-0.18052059412002563,-0.09102386236190796,-0.07149523496627808,-0.09291881322860718,-0.06899869441986084,-0.07770627737045288,-0.06550848484039307,-0.06702527403831482,-0.0639185905456543,-0.09520149230957031,-0.029728949069976807,-0.09847691655158997,-0.033328890800476074,-0.08325901627540588,-0.03223371505737305,-0.06956806778907776,-0.02985614538192749,-0.09074124693870544,0.007402777671813965,-0.0980508029460907,0.0011658668518066406,-0.08340924978256226,0.00036907196044921875,-0.06906995177268982,0.0009400248527526855,-0.08287200331687927,0.04040706157684326,-0.09549081325531006,0.03328496217727661,-0.08234277367591858,0.029191792011260986,-0.06944006681442261,0.028367459774017334
Thumbs_Up,0.0,0.0,-0.01630711555480957,-0.05980402231216431,-0.038191020488739014,-0.10758417844772339,-0.05920419096946716,-0.14543890953063965,-0.07039335370063782,-0.17781978845596313,-0.09139284491539001,-0.06973499059677124,-0.09510213136672974,-0.06454753875732422,-0.07982119917869568,-0.06065082550048828,-0.06803303956985474,-0.060181617736816406,-0.09552836418151855,-0.02827906608581543,-0.10046243667602539,-0.029726147651672363,-0.08511275053024292,-0.02829265594482422,-0.07046595215797424,-0.02732384204864502,-0.09118124842643738,0.008819282054901123,-0.09872457385063171,0.0047133564949035645,-0.08407905697822571,0.004147887229919434,-0.06909239292144775,0.0034041404724121094,-0.0834847092628479,0.04150271415710449,-0.09491562843322754,0.03640913963317871,-0.08135053515434265,0.0326080322265625,-0.0681312084197998,0.030718982219696045
Thumbs_Up,0.0,0.0,-0.022372722625732422,-0.05365431308746338,-0.04840227961540222,-0.10132187604904175,-0.06538504362106323,-0.14109176397323608,-0.07686075568199158,-0.17574691772460938,-0.07497605681419373,-0.08236068487167358,-0.11649671196937561,-0.05913501977920532,-0.10400933027267456,-0.0539514422416687,-0.08736535906791687,-0.06023520231246948,-0.0752134621143341,-0.043112993240356445,-0.11804947257041931,-0.028012871742248535,-0.10439813137054443,-0.02382713556289673,-0.08574041724205017,-0.026600420475006104,-0.07280910015106201,-0.004460334777832031,-0.11304587125778198,0.004876911640167236,-0.10071632266044617,0.007171630859375,-0.08275285363197327,0.00423586368560791,-0.06929564476013184,0.03206479549407959,-0.10487598180770874,0.03723406791687012,-0.09441137313842773,0.035678863525390625,-0.07864376902580261,0.033200204372406006
Thumbs_Up,0.0,0.0,-0.018176019191741943,-0.04999518394470215,-0.041046738624572754,-0.1094217300415039,-0.04994344711303711,-0.15588444471359253,-0.047339677810668945,-0.19804835319519043,-0.01651906967163086,-0.1007150411605835,-0.0746452808380127,-0.08941656351089478,-0.06427368521690369,-0.07704955339431763,-0.04979163408279419,-0.07828664779663086,-0.008111953735351562,-0.061833202838897705,-0.07629731297492981,-0.05030947923660278,-0.06290039420127869,-0.04383331537246704,-0.041945040225982666,-0.04410654306411743,-0.005909085273742676,-0.022681891918182373,-0.06804752349853516,-0.017265677452087402,-0.054333508014678955,-0.013232827186584473,-0.03424602746963501,-0.01413726806640625,-0.00970524549484253,0.01261281967163086,-0.05477455258369446,0.0110207200050354,-0.042666077613830566,0.011394381523132324,-0.025679945945739746,0.011329054832458496
Thumbs_Up,0.0,0.0,-0.020779788494110107,-0.0665094256401062,-0.0309867262840271,-0.12803363800048828,-0.03418046236038208,-0.17507970333099365,-0.03383976221084595,-0.21448665857315063,-0.000837862491607666,-0.12521040439605713,-0.05901479721069336,-0.10989958047866821,-0.05030408501625061,-0.08680635690689087,-0.03111642599105835,-0.0894770622253418,0.005276381969451904,-0.08310443162918091,-0.05858078598976135,-0.074282705783844,-0.04408925771713257,-0.06177377700805664,-0.025987863540649414,-0.06389647722244263,0.006496310234069824,-0.043401896953582764,-0.05305403470993042,-0.038940250873565674,-0.039563775062561035,-0.029866695404052734,-0.020842909812927246,-0.03292340040206909,0.0047206878662109375,-0.007606863975524902,-0.040517449378967285,-0.006000816822052002,-0.02982407808303833,-0.0004496574401855469,-0.011853218078613281,4.5180320739746094e-05
Thumbs_Up,0.0,0.0,-0.01804935932159424,-0.06760168075561523,-0.02332216501235962,-0.13000613451004028,-0.021847307682037354,-0.17764568328857422,-0.01921546459197998,-0.216813862323761,0.01103895902633667,-0.12772047519683838,-0.046067237854003906,-0.11494910717010498,-0.0410693883895874,-0.09324455261230469,-0.023131966590881348,-0.09393596649169922,0.017444968223571777,-0.09009599685668945,-0.046897947788238525,-0.07980543375015259,-0.03550529479980469,-0.0667845606803894,-0.01834404468536377,-0.06834077835083008,0.017981290817260742,-0.05258852243423462,-0.04233616590499878,-0.046054184436798096,-0.031551241874694824,-0.035860300064086914,-0.013742983341217041,-0.03655356168746948,0.015047252178192139,-0.017802119255065918,-0.03198343515396118,-0.012899160385131836,-0.0237388014793396,-0.006623566150665283,-0.0062416791915893555,-0.005826890468597412
Thumbs_Up,0.0,0.0,-0.00837641954421997,-0.05767524242401123,-0.004461765289306641,-0.11688119173049927,0.0010600090026855469,-0.16077756881713867,0.005885422229766846,-0.19920456409454346,0.04237133264541626,-0.11370831727981567,-0.013093292713165283,-0.11001527309417725,-0.012377262115478516,-0.09162211418151855,0.003979206085205078,-0.08841961622238159,0.0513913631439209,-0.08141565322875977,-0.014041125774383545,-0.07553380727767944,-0.007506728172302246,-0.060414910316467285,0.009960949420928955,-0.0589408278465271,0.05239737033843994,-0.045076072216033936,-0.008609592914581299,-0.041384220123291016,-0.0018534064292907715,-0.02903902530670166,0.014957547187805176,-0.026306867599487305,0.04868757724761963,-0.008067011833190918,0.002798020839691162,-0.0072824954986572266,0.00512319803237915,-0.0010650157928466797,0.019194960594177246,0.001690685749053955
Thumbs_Up,0.0,0.0,-0.011860311031341553,-0.05600297451019287,-0.008994460105895996,-0.11231738328933716,-0.004233717918395996,-0.15441328287124634,0.001452028751373291,-0.19256258010864258,0.03759610652923584,-0.10703456401824951,-0.01915740966796875,-0.10013782978057861,-0.015580832958221436,-0.0815923810005188,0.0029889345169067383,-0.07631832361221313,0.04668909311294556,-0.07356029748916626,-0.019494712352752686,-0.06358909606933594,-0.009649693965911865,-0.05098724365234375,0.009637176990509033,-0.04942899942398071,0.04850304126739502,-0.03669238090515137,-0.013440251350402832,-0.02881777286529541,-0.006079971790313721,-0.017892301082611084,0.011579811573028564,-0.016590476036071777,0.0452306866645813,0.001799166202545166,-0.002346813678741455,0.006236076354980469,0.0015783905982971191,0.011733293533325195,0.017547130584716797,0.012938499450683594
Thumbs_Up,0.0,0.0,-0.014832496643066406,-0.050696730613708496,-0.01822805404663086,-0.10539770126342773,-0.018434762954711914,-0.14855802059173584,-0.014496088027954102,-0.1885269284248352,0.02038562297821045,-0.09719222784042358,-0.03880196809768677,-0.08919531106948853,-0.0319862961769104,-0.07341814041137695,-0.011309266090393066,-0.06970316171646118,0.029817938804626465,-0.06168186664581299,-0.03923600912094116,-0.049806833267211914,-0.025840818881988525,-0.04117631912231445,-0.004530131816864014,-0.04167121648788452,0.032062828540802,-0.023762643337249756,-0.03265583515167236,-0.014232277870178223,-0.021663129329681396,-0.007557094097137451,-0.0018198490142822266,-0.008427560329437256,0.02934354543685913,0.014598190784454346,-0.020229458808898926,0.020209312438964844,-0.01294487714767456,0.02240467071533203,0.004942178726196289,0.022016942501068115
Thumbs_Up,0.0,0.0,-0.01362234354019165,-0.059471070766448975,-0.0384790301322937,-0.11865180730819702,-0.05585581064224243,-0.1614372730255127,-0.06710147857666016,-0.19492310285568237,-0.03576672077178955,-0.08398514986038208,-0.09165558218955994,-0.07766300439834595,-0.07497280836105347,-0.07400721311569214,-0.05808502435684204,-0.07745802402496338,-0.03751295804977417,-0.038002967834472656,-0.0955369770526886,-0.040706098079681396,-0.07738053798675537,-0.04371684789657593,-0.0591123104095459,-0.041223883628845215,-0.04014331102371216,0.001456618309020996,-0.09350574016571045,-0.00713038444519043,-0.077700674533844,-0.007679283618927002,-0.059436798095703125,-0.004484236240386963,-0.04453796148300171,0.03325992822647095,-0.08561068773269653,0.02178323268890381,-0.07210159301757812,0.02185112237930298,-0.055651843547821045,0.027178168296813965
Thumbs_Up,0.0,0.0,-0.02281886339187622,-0.05865824222564697,-0.051741600036621094,-0.10792654752731323,-0.07433688640594482,-0.1504746675491333,-0.08703076839447021,-0.18742471933364868,-0.08108013868331909,-0.07208603620529175,-0.12119680643081665,-0.06904429197311401,-0.10397607088088989,-0.06918036937713623,-0.08591252565383911,-0.06884914636611938,-0.08289307355880737,-0.03031522035598755,-0.12064990401268005,-0.036494314670562744,-0.10367834568023682,-0.03872007131576538,-0.08514785766601562,-0.03711283206939697,-0.08208072185516357,0.00821995735168457,-0.11472034454345703,-0.00341719388961792,-0.10141682624816895,-0.005988657474517822,-0.08514672517776489,-0.004791676998138428,-0.08040767908096313,0.04144054651260376,-0.10952061414718628,0.02757704257965088,-0.0987291932106018,0.022170662879943848,-0.0853307843208313,0.02272862195968628
Thumbs_Up,0.0,0.0,-0.024154067039489746,-0.05667400360107422,-0.05220067501068115,-0.1042211651802063,-0.07427620887756348,-0.14558500051498413,-0.08464294672012329,-0.18273240327835083,-0.08506691455841064,-0.06734734773635864,-0.11699265241622925,-0.06299662590026855,-0.09993645548820496,-0.06414228677749634,-0.08271309733390808,-0.06486254930496216,-0.08616527915000916,-0.02697885036468506,-0.11798045039176941,-0.029804229736328125,-0.10188460350036621,-0.03246849775314331,-0.08409896492958069,-0.03188800811767578,-0.08324176073074341,0.010829448699951172,-0.11250916123390198,0.0044648051261901855,-0.09973114728927612,0.00020265579223632812,-0.08335411548614502,-0.0007536411285400391,-0.07854044437408447,0.04407733678817749,-0.10357916355133057,0.03788578510284424,-0.09414365887641907,0.03032851219177246,-0.08204874396324158,0.027201712131500244
Thumbs_Up,0.0,0.0,-0.024063527584075928,-0.05749410390853882,-0.05213981866836548,-0.10572588443756104,-0.07438099384307861,-0.14714747667312622,-0.08508497476577759,-0.1839779019355774,-0.08568468689918518,-0.06955105066299438,-0.11699500679969788,-0.06565767526626587,-0.09963679313659668,-0.06601393222808838,-0.08207225799560547,-0.06610393524169922,-0.0872277021408081,-0.029104530811309814,-0.11752575635910034,-0.032597899436950684,-0.10136458277702332,-0.034748196601867676,-0.08381059765815735,-0.03378570079803467,-0.08463695645332336,0.00874626636505127,-0.11251449584960938,0.0008966326713562012,-0.09925317764282227,-0.002416849136352539,-0.08295673131942749,-0.0024970173835754395,-0.08008462190628052,0.0419083833694458,-0.10433089733123779,0.0335230827331543,-0.0936640202999115,0.02728116512298584,-0.08107829093933105,0.025401592254638672
Thumbs_Up,0.0,0.0,-0.023171663284301758,-0.05777460336685181,-0.05061858892440796,-0.10579824447631836,-0.07295280694961548,-0.14687848091125488,-0.08288973569869995,-0.18404042720794678,-0.08166784048080444,-0.06807523965835571,-0.11692395806312561,-0.06810694932937622,-0.0994253158569336,-0.06936347484588623,-0.08204203844070435,-0.06893008947372437,-0.08317795395851135,-0.02709418535232544,-0.11812284588813782,-0.033099591732025146,-0.10173377394676208,-0.0361100435256958,-0.08371943235397339,-0.03481006622314453,-0.08125501871109009,0.010922133922576904,-0.11325320601463318,0.001456141471862793,-0.1003076434135437,-0.0029760003089904785,-0.08381378650665283,-0.003008723258972168,-0.07794040441513062,0.04387056827545166,-0.10652151703834534,0.033814966678619385,-0.09690991044044495,0.026303410530090332,-0.08391416072845459,0.024589955806732178
Thumbs_Up,0.0,0.0,-0.022540807723999023,-0.058701932430267334,-0.049430251121520996,-0.10680323839187622,-0.07032173871994019,-0.14870530366897583,-0.08104240894317627,-0.18419307470321655,-0.07996296882629395,-0.06731665134429932,-0.11879023909568787,-0.06956321001052856,-0.1009817123413086,-0.07083916664123535,-0.08297467231750488,-0.06941038370132446,-0.08189970254898071,-0.02649819850921631,-0.1197221577167511,-0.03630274534225464,-0.10301408171653748,-0.03970974683761597,-0.08470070362091064,-0.037311434745788574,-0.08080416917800903,0.011194944381713867,-0.11475324630737305,-0.0029348134994506836,-0.10149824619293213,-0.0072517991065979,-0.08491986989974976,-0.005929827690124512,-0.07850933074951172,0.04336726665496826,-0.10804811120033264,0.029538512229919434,-0.09802794456481934,0.022431373596191406,-0.0847943127155304,0.022416293621063232
Thumbs_Up,0.0,0.0,-0.021410346031188965,-0.05932807922363281,-0.04725724458694458,-0.10901856422424316,-0.06473076343536377,-0.151758074760437,-0.0732870101928711,-0.18850892782211304,-0.0744941234588623,-0.07545340061187744,-0.11720308661460876,-0.07012325525283813,-0.10193142294883728,-0.06800997257232666,-0.08353179693222046,-0.06838107109069824,-0.07565182447433472,-0.03321641683578491,-0.11744323372840881,-0.03797125816345215,-0.10213285684585571,-0.03806215524673462,-0.08304393291473389,-0.03665518760681152,-0.07449603080749512,0.006020605564117432,-0.11203634738922119,-0.004900097846984863,-0.100197434425354,-0.006837427616119385,-0.08276534080505371,-0.006676137447357178,-0.07230538129806519,0.04025077819824219,-0.10423877835273743,0.03189927339553833,-0.09649544954299927,0.025109589099884033,-0.08374285697937012,0.02280259132385254
Thumbs_Up,0.0,0.0,-0.019441425800323486,-0.047283172607421875,-0.04150182008743286,-0.10580819845199585,-0.050753653049468994,-0.1533406376838684,-0.05098247528076172,-0.1943833827972412,-0.0216141939163208,-0.08131235837936401,-0.08242398500442505,-0.07308000326156616,-0.06853395700454712,-0.0645226240158081,-0.05176830291748047,-0.06673949956893921,-0.016860663890838623,-0.038224637508392334,-0.08557212352752686,-0.03714883327484131,-0.0694657564163208,-0.03384053707122803,-0.04931372404098511,-0.031338393688201904,-0.016358613967895508,0.0014171600341796875,-0.07838761806488037,-0.003894627094268799,-0.06301325559616089,-0.0012910962104797363,-0.043067991733551025,0.0007772445678710938,-0.02053433656692505,0.035912930965423584,-0.06803673505783081,0.02780860662460327,-0.05502444505691528,0.027065396308898926,-0.03767502307891846,0.02980673313140869
Thumbs_Up,0.0,0.0,-0.0269891619682312,-0.06717336177825928,-0.047176897525787354,-0.13545185327529907,-0.054043352603912354,-0.18920910358428955,-0.05139666795730591,-0.23335212469100952,-0.009957194328308105,-0.12030243873596191,-0.07009744644165039,-0.11757528781890869,-0.0623091459274292,-0.09354311227798462,-0.04460948705673218,-0.09579724073410034,-0.002257049083709717,-0.07564491033554077,-0.06999343633651733,-0.07760435342788696,-0.05700981616973877,-0.06365084648132324,-0.03692162036895752,-0.06373143196105957,-0.0026339292526245117,-0.03453981876373291,-0.06605809926986694,-0.04022717475891113,-0.055051445960998535,-0.028585195541381836,-0.03490149974822998,-0.02909719944000244,-0.008666634559631348,0.0015120506286621094,-0.05966538190841675,-0.006517291069030762,-0.049795329570770264,0.0014498233795166016,-0.030268490314483643,0.005197286605834961
Thumbs_Up,0.0,0.0,-0.012136638164520264,-0.0629613995552063,-0.009098708629608154,-0.1266789436340332,-0.0023464560508728027,-0.17312121391296387,0.0033482909202575684,-0.21400749683380127,0.05127376317977905,-0.10843372344970703,-0.007377743721008301,-0.11212193965911865,-0.013522982597351074,-0.08743780851364136,0.0016211867332458496,-0.08139991760253906,0.05983000993728638,-0.07108825445175171,-0.011392474174499512,-0.07515174150466919,-0.010209739208221436,-0.05668210983276367,0.00630265474319458,-0.053123295307159424,0.057648658752441406,-0.03239452838897705,-0.009644746780395508,-0.03841942548751831,-0.006422162055969238,-0.02540665864944458,0.009852468967437744,-0.02069634199142456,0.04998594522476196,0.0036540627479553223,-0.0016056299209594727,-0.0028035640716552734,0.0002377033233642578,0.0024813413619995117,0.01613670587539673,0.0062896013259887695
Thumbs_Up,0.0,0.0,-0.01009589433670044,-0.048369765281677246,-0.008746206760406494,-0.10440480709075928,-0.006521046161651611,-0.1489430069923401,-0.0018510222434997559,-0.1885981559753418,0.04451042413711548,-0.08705717325210571,-0.008546590805053711,-0.08651244640350342,-0.012105166912078857,-0.07251530885696411,0.002273857593536377,-0.06491208076477051,0.05557906627655029,-0.04856395721435547,-0.013812661170959473,-0.04529935121536255,-0.008601069450378418,-0.04049116373062134,0.00981128215789795,-0.04028213024139404,0.05465972423553467,-0.008741617202758789,-0.0102386474609375,-0.009699344635009766,-0.007566392421722412,-0.006105482578277588,0.00967872142791748,-0.00454479455947876,0.046880364418029785,0.027096152305603027,-0.002103269100189209,0.024857759475708008,-0.003135204315185547,0.026998162269592285,0.008924782276153564,0.02961641550064087
Thumbs_Up,0.0,0.0,-0.014422118663787842,-0.04960864782333374,-0.01881551742553711,-0.10393494367599487,-0.020671427249908447,-0.14664769172668457,-0.01779031753540039,-0.1867925524711609,0.02663266658782959,-0.08178353309631348,-0.03336828947067261,-0.07804948091506958,-0.028030872344970703,-0.06519478559494019,-0.008614599704742432,-0.06004732847213745,0.036321163177490234,-0.04316592216491699,-0.03746002912521362,-0.035729408264160156,-0.023231208324432373,-0.03239184617996216,-0.0005301833152770996,-0.03204923868179321,0.036050617694854736,-0.0031766891479492188,-0.032297492027282715,0.0007999539375305176,-0.02069765329360962,0.0018000006675720215,0.0007904767990112305,0.0014878511428833008,0.02938556671142578,0.03421872854232788,-0.0230863094329834,0.037690699100494385,-0.015221893787384033,0.0379827618598938,0.00405275821685791,0.03798311948776245
Thumbs_Up,0.0,0.0,-0.014455616474151611,-0.06737422943115234,-0.033161044120788574,-0.12933051586151123,-0.04558461904525757,-0.17760902643203735,-0.04850679636001587,-0.21567696332931519,-0.026500284671783447,-0.10627609491348267,-0.08096569776535034,-0.0909271240234375,-0.06673866510391235,-0.07820737361907959,-0.046629905700683594,-0.08260327577590942,-0.02427572011947632,-0.061669230461120605,-0.08344537019729614,-0.05841076374053955,-0.06274402141571045,-0.05396300554275513,-0.04337596893310547,-0.05767941474914551,-0.024755418300628662,-0.023893237113952637,-0.0803079605102539,-0.024653315544128418,-0.06253409385681152,-0.024196624755859375,-0.043010830879211426,-0.028046607971191406,-0.027691125869750977,0.009310722351074219,-0.07139837741851807,0.00409388542175293,-0.05984067916870117,0.003405630588531494,-0.043685972690582275,0.003931820392608643
Thumbs_Up,0.0,0.0,-0.014686644077301025,-0.04594379663467407,-0.04003959894180298,-0.1036003828048706,-0.054501891136169434,-0.14614909887313843,-0.061573147773742676,-0.1824709177017212,-0.039653897285461426,-0.08302760124206543,-0.0976715087890625,-0.07327991724014282,-0.08233100175857544,-0.07035261392593384,-0.06357574462890625,-0.0736396312713623,-0.0383988618850708,-0.04183471202850342,-0.10065090656280518,-0.041495680809020996,-0.08273959159851074,-0.03928619623184204,-0.06121712923049927,-0.03505831956863403,-0.03940922021865845,-0.003940224647521973,-0.09562253952026367,-0.0074713826179504395,-0.07849186658859253,-0.005564272403717041,-0.05791640281677246,-0.003680408000946045,-0.04312694072723389,0.03164982795715332,-0.08675181865692139,0.024887681007385254,-0.07185208797454834,0.024276912212371826,-0.05390387773513794,0.026255667209625244
Thumbs_Up,0.0,0.0,-0.020915627479553223,-0.05304592847824097,-0.0504186749458313,-0.10654807090759277,-0.0675780177116394,-0.1505904197692871,-0.07391077280044556,-0.18978947401046753,-0.05815070867538452,-0.08151549100875854,-0.11128824949264526,-0.0689547061920166,-0.09665387868881226,-0.06632417440414429,-0.07832908630371094,-0.06925356388092041,-0.056140780448913574,-0.039243340492248535,-0.11204972863197327,-0.0371667742729187,-0.09643185138702393,-0.03688371181488037,-0.07606935501098633,-0.0358353853225708,-0.055144667625427246,-0.0007809996604919434,-0.10672140121459961,-0.0045861005783081055,-0.09198656678199768,-0.004752755165100098,-0.07245898246765137,-0.003811657428741455,-0.055233657360076904,0.03469020128250122,-0.09746932983398438,0.026660442352294922,-0.0851370096206665,0.02495706081390381,-0.06792628765106201,0.027708828449249268
Peace,0.0,0.0,-0.030089080333709717,-0.02731013298034668,-0.0435526967048645,-0.0815020203590393,-0.01594465970993042,-0.11022168397903442,0.01385509967803955,-0.12270611524581909,-0.027588069438934326,-0.16296511888504028,-0.04313904047012329,-0.22664713859558105,-0.05260521173477173,-0.26617783308029175,-0.05846300721168518,-0.3006933331489563,0.003053009510040283,-0.16356748342514038,0.007236182689666748,-0.235409677028656,0.0072650909423828125,-0.2771211266517639,0.009652435779571533,-0.31107670068740845,0.027805089950561523,-0.14494794607162476,0.03546255826950073,-0.18764638900756836,0.018528223037719727,-0.15301865339279175,0.008859992027282715,-0.12305724620819092,0.04691594839096069,-0.11646449565887451,0.03365522623062134,-0.11728191375732422,0.01610463857650757,-0.08346349000930786,0.008441269397735596,-0.05664801597595215
Peace,0.0,0.0,-0.02877146005630493,-0.02734827995300293,-0.04400739073753357,-0.0811346173286438,-0.015630364418029785,-0.10676842927932739,0.015237271785736084,-0.11760967969894409,-0.02612239122390747,-0.16055452823638916,-0.04167717695236206,-0.22403603792190552,-0.05066266655921936,-0.2626780867576599,-0.055873483419418335,-0.2975991368293762,0.00472867488861084,-0.16126662492752075,0.009340882301330566,-0.2344173789024353,0.009470164775848389,-0.27626150846481323,0.011766135692596436,-0.31152838468551636,0.029973864555358887,-0.1431782841682434,0.037280261516571045,-0.18286389112472534,0.0202409029006958,-0.1496679186820984,0.010044097900390625,-0.12148517370223999,0.04955410957336426,-0.11518323421478271,0.037442684173583984,-0.11091887950897217,0.019297301769256592,-0.0751185417175293,0.01082068681716919,-0.047311484813690186
Peace,0.0,0.0,-0.03126600384712219,-0.025127947330474854,-0.05431970953941345,-0.06939780712127686,-0.03818917274475098,-0.09648430347442627,-0.010434508323669434,-0.10492962598800659,-0.03205987811088562,-0.15424150228500366,-0.048564642667770386,-0.21464139223098755,-0.05790221691131592,-0.25193560123443604,-0.06281593441963196,-0.28542560338974,-0.002277553081512451,-0.1560773253440857,-0.000865936279296875,-0.22515320777893066,-0.0024413466453552246,-0.26564472913742065,-0.0004493594169616699,-0.2994500994682312,0.023186445236206055,-0.13901197910308838,0.01649188995361328,-0.1667209267616272,0.0006870627403259277,-0.13173168897628784,-0.005745947360992432,-0.10143905878067017,0.04257172346115112,-0.11122137308120728,0.01930612325668335,-0.10010522603988647,0.0021157264709472656,-0.0696026086807251,-0.004161655902862549,-0.04608219861984253
Peace,0.0,0.0,-0.033744871616363525,-0.02758502960205078,-0.05955225229263306,-0.07055586576461792,-0.049211978912353516,-0.09461718797683716,-0.021725326776504517,-0.10279625654220581,-0.03749513626098633,-0.15463119745254517,-0.05103948712348938,-0.21170032024383545,-0.06114658713340759,-0.24767422676086426,-0.0668107271194458,-0.27944719791412354,-0.008913755416870117,-0.15765047073364258,-0.013312071561813354,-0.2240445613861084,-0.017628014087677002,-0.2642684578895569,-0.016854435205459595,-0.2991710901260376,0.017382055521011353,-0.14124083518981934,0.006326347589492798,-0.16060781478881836,-0.011723220348358154,-0.12085461616516113,-0.02094215154647827,-0.08777874708175659,0.03751015663146973,-0.11287796497344971,0.011239290237426758,-0.09906381368637085,-0.006198585033416748,-0.06984555721282959,-0.013027369976043701,-0.04793572425842285
Peace,0.0,0.0,-0.034596771001815796,-0.02439826726913452,-0.06046375632286072,-0.06276273727416992,-0.05373823642730713,-0.0874565839767456,-0.029795020818710327,-0.09761744737625122,-0.035730451345443726,-0.1482200026512146,-0.05420488119125366,-0.2034364938735962,-0.06700298190116882,-0.23794770240783691,-0.07465711236000061,-0.26858657598495483,-0.006901174783706665,-0.15200775861740112,-0.011790573596954346,-0.21734273433685303,-0.017172813415527344,-0.2585996985435486,-0.019094735383987427,-0.29361313581466675,0.016944140195846558,-0.13662034273147583,-0.004616051912307739,-0.15192759037017822,-0.019146889448165894,-0.11365187168121338,-0.023820072412490845,-0.08303070068359375,0.032368868589401245,-0.10907125473022461,-0.000951915979385376,-0.09376925230026245,-0.017927229404449463,-0.06066030263900757,-0.023992925882339478,-0.03621894121170044
Peace,0.0,0.0,-0.03708985447883606,-0.022713959217071533,-0.0619867742061615,-0.058500707149505615,-0.06080538034439087,-0.08551055192947388,-0.041059911251068115,-0.09892046451568604,-0.03713405132293701,-0.14450591802597046,-0.05740445852279663,-0.19807332754135132,-0.07203972339630127,-0.2323857545852661,-0.08111637830734253,-0.2624756693840027,-0.010221987962722778,-0.1481928825378418,-0.02082553505897522,-0.210523784160614,-0.030335843563079834,-0.24961531162261963,-0.03547853231430054,-0.28216344118118286,0.010726630687713623,-0.1333191990852356,-0.01880905032157898,-0.1497017741203308,-0.033643245697021484,-0.11356168985366821,-0.0369243323802948,-0.085659921169281,0.020705342292785645,-0.10632449388504028,-0.016010433435440063,-0.09613174200057983,-0.02998104691505432,-0.06795245409011841,-0.03227078914642334,-0.04781234264373779
Peace,0.0,0.0,-0.040172845125198364,-0.02388221025466919,-0.06515899300575256,-0.05889129638671875,-0.06829515099525452,-0.08555537462234497,-0.050683408975601196,-0.09595531225204468,-0.037468671798706055,-0.14382225275039673,-0.05894556641578674,-0.1978561282157898,-0.07407921552658081,-0.23223423957824707,-0.08404862880706787,-0.26169973611831665,-0.012715578079223633,-0.14598053693771362,-0.027662277221679688,-0.20753657817840576,-0.038179486989974976,-0.24701589345932007,-0.04384914040565491,-0.27922314405441284,0.004845559597015381,-0.13139933347702026,-0.027975916862487793,-0.14942115545272827,-0.04170030355453491,-0.11317175626754761,-0.04400259256362915,-0.0853545069694519,0.010804593563079834,-0.10526442527770996,-0.025115519762039185,-0.09736829996109009,-0.03808876872062683,-0.06965363025665283,-0.04000404477119446,-0.04940563440322876
Peace,0.0,0.0,-0.04340967535972595,-0.024066567420959473,-0.06680569052696228,-0.056271374225616455,-0.0732140839099884,-0.08347088098526001,-0.060340166091918945,-0.09736031293869019,-0.03980523347854614,-0.14018362760543823,-0.061029136180877686,-0.1922764778137207,-0.07550719380378723,-0.22675645351409912,-0.08426010608673096,-0.2555660009384155,-0.016552388668060303,-0.1411219835281372,-0.0339663028717041,-0.200594961643219,-0.04644492268562317,-0.24137336015701294,-0.05358973145484924,-0.27388250827789307,-0.0004114210605621338,-0.1262393593788147,-0.0368991494178772,-0.14236903190612793,-0.0498967170715332,-0.1099175214767456,-0.05145367980003357,-0.0845721960067749,0.0037865936756134033,-0.10027796030044556,-0.03485095500946045,-0.09683245420455933,-0.04707100987434387,-0.07198727130889893,-0.04852283000946045,-0.05216014385223389
Peace,0.0,0.0,-0.048234254121780396,-0.02483445405960083,-0.07126951217651367,-0.057091593742370605,-0.08406129479408264,-0.08451616764068604,-0.0757972002029419,-0.09811633825302124,-0.03826865553855896,-0.141485333442688,-0.06367123126983643,-0.1867225170135498,-0.07795298099517822,-0.21901822090148926,-0.08826237916946411,-0.2451486587524414,-0.01990598440170288,-0.13865214586257935,-0.046549856662750244,-0.19418585300445557,-0.06530535221099854,-0.23070961236953735,-0.07813429832458496,-0.2591601014137268,-0.009627163410186768,-0.12130999565124512,-0.05458569526672363,-0.14099740982055664,-0.06271380186080933,-0.1075742244720459,-0.05901521444320679,-0.0848436951637268,-0.009820342063903809,-0.09390527009963989,-0.050942808389663696,-0.10003012418746948,-0.05876728892326355,-0.07561755180358887,-0.0556873083114624,-0.05752331018447876
Peace,0.0,0.0,-0.04453185200691223,-0.023581206798553467,-0.06706330180168152,-0.0562441349029541,-0.07842925190925598,-0.08573472499847412,-0.06622284650802612,-0.09638470411300659,-0.03816381096839905,-0.13959455490112305,-0.06092366576194763,-0.18382233381271362,-0.0745348334312439,-0.2154056429862976,-0.08418166637420654,-0.24100613594055176,-0.01720869541168213,-0.13967037200927734,-0.042415499687194824,-0.19213557243347168,-0.06050276756286621,-0.22888028621673584,-0.07367786765098572,-0.25768983364105225,-0.003192037343978882,-0.12473201751708984,-0.04455810785293579,-0.1439310908317566,-0.05249661207199097,-0.10899049043655396,-0.050320565700531006,-0.08419251441955566,0.0002377033233642578,-0.09930968284606934,-0.0405460000038147,-0.10081696510314941,-0.04861229658126831,-0.07518267631530762,-0.04681709408760071,-0.05547815561294556
Peace,0.0,0.0,-0.03477856516838074,-0.022732555866241455,-0.05656975507736206,-0.062194108963012695,-0.05163663625717163,-0.09051501750946045,-0.03618144989013672,-0.10594719648361206,-0.03677874803543091,-0.1349879503250122,-0.057111114263534546,-0.18391239643096924,-0.07035514712333679,-0.21457582712173462,-0.0798635482788086,-0.24254781007766724,-0.012944042682647705,-0.13936227560043335,-0.026391565799713135,-0.20228052139282227,-0.037429243326187134,-0.23848789930343628,-0.0443267822265625,-0.2683824300765991,0.008780479431152344,-0.12719452381134033,-0.015074938535690308,-0.16024631261825562,-0.02709066867828369,-0.12485295534133911,-0.029465407133102417,-0.09544086456298828,0.02392604947090149,-0.10326451063156128,-0.006710141897201538,-0.1114082932472229,-0.01950034499168396,-0.08372217416763306,-0.021347731351852417,-0.061680614948272705
Peace,0.0,0.0,-0.024810314178466797,-0.03441554307937622,-0.03853991627693176,-0.06722384691238403,-0.0402870774269104,-0.09131836891174316,-0.03542378544807434,-0.108573317527771,-0.013223081827163696,-0.12182605266571045,-0.03366163372993469,-0.17172390222549438,-0.04756593704223633,-0.20677340030670166,-0.05799543857574463,-0.2341098189353943,0.003938436508178711,-0.11938470602035522,-0.021310091018676758,-0.15387463569641113,-0.037263184785842896,-0.1397557258605957,-0.0496574342250824,-0.12267154455184937,0.016286075115203857,-0.1076822280883789,-0.019955992698669434,-0.11430829763412476,-0.026872575283050537,-0.07826036214828491,-0.027241528034210205,-0.04848277568817139,0.02276080846786499,-0.09022217988967896,-0.008810371160507202,-0.09186935424804688,-0.020829468965530396,-0.06839644908905029,-0.025971800088882446,-0.04820483922958374
Peace,0.0,0.0,-0.03094184398651123,-0.0264398455619812,-0.05373877286911011,-0.070320725440979,-0.04066652059555054,-0.0969698429107666,-0.01617571711540222,-0.11147403717041016,-0.034502387046813965,-0.142439067363739,-0.05534583330154419,-0.19582206010818481,-0.06865745782852173,-0.22756057977676392,-0.07855275273323059,-0.25502705574035645,-0.00957539677619934,-0.1479678750038147,-0.017910927534103394,-0.21483975648880005,-0.025299280881881714,-0.25337713956832886,-0.028839856386184692,-0.2845035195350647,0.014573484659194946,-0.136019766330719,-0.002035796642303467,-0.16090935468673706,-0.01375877857208252,-0.12373852729797363,-0.016443222761154175,-0.09333682060241699,0.034947752952575684,-0.113339364528656,0.01014477014541626,-0.11123549938201904,-0.0024720430374145508,-0.08106529712677002,-0.004703015089035034,-0.05678558349609375
Peace,0.0,0.0,-0.03244897723197937,-0.0250319242477417,-0.04994004964828491,-0.07252562046051025,-0.02843150496482849,-0.10492950677871704,-0.0031510889530181885,-0.12483048439025879,-0.038687705993652344,-0.14842629432678223,-0.05452379584312439,-0.201934814453125,-0.06329098343849182,-0.23411309719085693,-0.0691632330417633,-0.2639526128768921,-0.010233879089355469,-0.15252888202667236,-0.013344168663024902,-0.22000086307525635,-0.016121268272399902,-0.25691747665405273,-0.016784965991973877,-0.28807783126831055,0.015295535326004028,-0.13831275701522827,0.014419317245483398,-0.1781907081604004,0.0019485950469970703,-0.14311200380325317,-0.006078153848648071,-0.11513137817382812,0.03741833567619324,-0.11294436454772949,0.027629733085632324,-0.1241602897644043,0.01471903920173645,-0.0924839973449707,0.00816047191619873,-0.06703323125839233
Peace,0.0,0.0,-0.03079041838645935,-0.024643540382385254,-0.04542502760887146,-0.07185304164886475,-0.022215545177459717,-0.1048162579536438,0.0029743313789367676,-0.12213468551635742,-0.038241446018218994,-0.14635419845581055,-0.054810941219329834,-0.20069599151611328,-0.06502476334571838,-0.2345781922340393,-0.07212162017822266,-0.2650483250617981,-0.010823994874954224,-0.1512240767478943,-0.013588637113571167,-0.21876347064971924,-0.016581028699874878,-0.25920891761779785,-0.016575604677200317,-0.2931026220321655,0.014285892248153687,-0.1363304853439331,0.01989850401878357,-0.17805945873260498,0.006540745496749878,-0.14142745733261108,-0.0020089149475097656,-0.11197394132614136,0.03604939579963684,-0.11006712913513184,0.031214147806167603,-0.12550652027130127,0.018702834844589233,-0.09748446941375732,0.01222500205039978,-0.07494938373565674
Peace,0.0,0.0,-0.02970603108406067,-0.02491903305053711,-0.040555089712142944,-0.07428431510925293,-0.011979460716247559,-0.10725736618041992,0.014404356479644775,-0.1232149600982666,-0.037746578454971313,-0.14769679307937622,-0.05567482113838196,-0.20038467645645142,-0.06636983156204224,-0.23295068740844727,-0.07464009523391724,-0.26249390840530396,-0.009321630001068115,-0.15351492166519165,-0.010285019874572754,-0.22063618898391724,-0.01309734582901001,-0.25953835248947144,-0.014991462230682373,-0.2922729253768921,0.014769434928894043,-0.13850444555282593,0.021712541580200195,-0.18057852983474731,0.011288166046142578,-0.14374548196792603,0.0041468143463134766,-0.11389899253845215,0.0340154767036438,-0.11189877986907959,0.033972859382629395,-0.12516498565673828,0.024468719959259033,-0.09808474779129028,0.019156455993652344,-0.07583671808242798
Peace,0.0,0.0,-0.02916419506072998,-0.024151086807250977,-0.036333560943603516,-0.06978774070739746,-0.006673991680145264,-0.10454893112182617,0.018739640712738037,-0.1265009045600891,-0.03959923982620239,-0.14586389064788818,-0.05478978157043457,-0.19845324754714966,-0.0642535388469696,-0.2315189242362976,-0.07113897800445557,-0.2602934241294861,-0.01082700490951538,-0.1523926854133606,-0.012219846248626709,-0.21856456995010376,-0.014088690280914307,-0.2567894458770752,-0.01498711109161377,-0.28923964500427246,0.01312345266342163,-0.13787853717803955,0.023467063903808594,-0.1785954236984253,0.015063285827636719,-0.14181774854660034,0.00837033987045288,-0.1134447455406189,0.032088398933410645,-0.11134040355682373,0.03507477045059204,-0.1275743842124939,0.02677100896835327,-0.09993326663970947,0.020996809005737305,-0.07826155424118042
Peace,0.0,0.0,-0.028044819831848145,-0.02432960271835327,-0.033768296241760254,-0.06777960062026978,-0.002651691436767578,-0.10262227058410645,0.024459481239318848,-0.12285852432250977,-0.038997650146484375,-0.1462610960006714,-0.050277888774871826,-0.19864612817764282,-0.057425498962402344,-0.2321268916130066,-0.06256574392318726,-0.26086920499801636,-0.011250555515289307,-0.15339124202728271,-0.012553811073303223,-0.21821892261505127,-0.013026654720306396,-0.2568972110748291,-0.012438297271728516,-0.290411114692688,0.012073636054992676,-0.1391398310661316,0.02289295196533203,-0.18077605962753296,0.016306638717651367,-0.1461161971092224,0.010471999645233154,-0.11897534132003784,0.031310856342315674,-0.11178648471832275,0.035239458084106445,-0.1318659782409668,0.027005553245544434,-0.1068316102027893,0.020143985748291016,-0.08669501543045044
Peace,0.0,0.0,-0.026809751987457275,-0.02581852674484253,-0.03085702657699585,-0.0696176290512085,0.0002802610397338867,-0.1050482988357544,0.026420772075653076,-0.12651461362838745,-0.038227617740631104,-0.14797526597976685,-0.04955393075942993,-0.2005915641784668,-0.05672568082809448,-0.23302066326141357,-0.06170707941055298,-0.2604182958602905,-0.011014997959136963,-0.15498381853103638,-0.012047111988067627,-0.2198641300201416,-0.011854588985443115,-0.258426308631897,-0.010952532291412354,-0.2926323413848877,0.011517763137817383,-0.14031416177749634,0.02517014741897583,-0.18201392889022827,0.01987934112548828,-0.14843952655792236,0.01378333568572998,-0.12267673015594482,0.02993875741958618,-0.11203736066818237,0.03693282604217529,-0.1314946413040161,0.029509663581848145,-0.10732048749923706,0.02181774377822876,-0.08803123235702515
Peace,0.0,0.0,-0.025596439838409424,-0.025613784790039062,-0.028053104877471924,-0.06890547275543213,0.003393113613128662,-0.10513770580291748,0.030377447605133057,-0.12701642513275146,-0.03672283887863159,-0.1468142867088318,-0.04429328441619873,-0.20082497596740723,-0.048425376415252686,-0.23327183723449707,-0.05113935470581055,-0.2606605887413025,-0.009868919849395752,-0.1546703577041626,-0.010095477104187012,-0.22074007987976074,-0.008919298648834229,-0.25976312160491943,-0.007730007171630859,-0.29383909702301025,0.0126572847366333,-0.14048057794570923,0.02457451820373535,-0.18395638465881348,0.02169698476791382,-0.15280741453170776,0.017471134662628174,-0.12783628702163696,0.03141266107559204,-0.11237835884094238,0.0376436710357666,-0.13123512268066406,0.03069472312927246,-0.10821765661239624,0.023146331310272217,-0.08912360668182373
Peace,0.0,0.0,-0.02412647008895874,-0.02754831314086914,-0.026285231113433838,-0.07186949253082275,0.0068444013595581055,-0.10756796598434448,0.03461998701095581,-0.12854766845703125,-0.034037888050079346,-0.14841598272323608,-0.040631234645843506,-0.20264089107513428,-0.044017493724823,-0.23559796810150146,-0.046391844749450684,-0.2634209394454956,-0.007887542247772217,-0.15513700246810913,-0.00789189338684082,-0.2223253846168518,-0.005499362945556641,-0.2617071866989136,-0.0031015872955322266,-0.29589349031448364,0.013838231563568115,-0.1400219202041626,0.026131153106689453,-0.18353742361068726,0.023349463939666748,-0.15482819080352783,0.018583238124847412,-0.13202190399169922,0.03163337707519531,-0.1109168529510498,0.039617180824279785,-0.1343609094619751,0.033170104026794434,-0.11244767904281616,0.025040090084075928,-0.09381532669067383
Peace,0.0,0.0,-0.026959538459777832,-0.028068065643310547,-0.03014439344406128,-0.0720663070678711,0.0016050934791564941,-0.10386437177658081,0.029998183250427246,-0.12177902460098267,-0.03021150827407837,-0.14958053827285767,-0.039096832275390625,-0.20220983028411865,-0.04356759786605835,-0.23374611139297485,-0.04617208242416382,-0.2603178024291992,-0.0026001334190368652,-0.15476346015930176,0.0007390379905700684,-0.22164881229400635,0.0032877326011657715,-0.26055699586868286,0.005651533603668213,-0.2947704493999481,0.019642949104309082,-0.13830482959747314,0.03290277719497681,-0.18079334497451782,0.026179850101470947,-0.14788490533828735,0.019982993602752686,-0.1222449541091919,0.03755277395248413,-0.10874062776565552,0.043669819831848145,-0.12749624252319336,0.034174978733062744,-0.10316061973571777,0.025873005390167236,-0.0837138295173645
Peace,0.0,0.0,-0.029277443885803223,-0.028876662254333496,-0.03726702928543091,-0.07658326625823975,-0.008482038974761963,-0.10647940635681152,0.0190582275390625,-0.11931562423706055,-0.03408491611480713,-0.14916306734085083,-0.04732811450958252,-0.20129156112670898,-0.05521291494369507,-0.23331475257873535,-0.060957133769989014,-0.2609331011772156,-0.006410777568817139,-0.15254688262939453,-0.002774178981781006,-0.2172223925590515,-0.0017246603965759277,-0.2560794949531555,0.00019174814224243164,-0.2895432710647583,0.01615893840789795,-0.13544803857803345,0.027366459369659424,-0.17716878652572632,0.017914533615112305,-0.14210247993469238,0.011294364929199219,-0.11379003524780273,0.034229815006256104,-0.10646045207977295,0.03713566064834595,-0.12204796075820923,0.028365015983581543,-0.1005297303199768,0.02264195680618286,-0.08273106813430786
Peace,0.0,0.0,-0.028802812099456787,-0.02775871753692627,-0.03876173496246338,-0.07896554470062256,-0.010268092155456543,-0.10605931282043457,0.01665043830871582,-0.11676335334777832,-0.02944636344909668,-0.1475588083267212,-0.04635387659072876,-0.19952553510665894,-0.05587416887283325,-0.23111289739608765,-0.062705397605896,-0.25903940200805664,-0.001645207405090332,-0.14970844984054565,0.0023109912872314453,-0.21529299020767212,0.00211411714553833,-0.25473737716674805,0.003034353256225586,-0.28883397579193115,0.021277785301208496,-0.13264280557632446,0.030808866024017334,-0.17189902067184448,0.017014682292938232,-0.13855010271072388,0.008052051067352295,-0.11264300346374512,0.03913778066635132,-0.10492515563964844,0.0385204553604126,-0.11870652437210083,0.026120543479919434,-0.09433692693710327,0.01925438642501831,-0.07512295246124268
Peace,0.0,0.0,-0.028948843479156494,-0.026213645935058594,-0.044157207012176514,-0.0772331953048706,-0.01797938346862793,-0.10592204332351685,0.00962364673614502,-0.11998617649078369,-0.03180974721908569,-0.14624404907226562,-0.05263671278953552,-0.19758009910583496,-0.06487971544265747,-0.22897160053253174,-0.07317078113555908,-0.2577252984046936,-0.0036429166793823242,-0.15056830644607544,-0.004060924053192139,-0.2180193066596985,-0.0066321492195129395,-0.25700074434280396,-0.006917119026184082,-0.2891429662704468,0.020508646965026855,-0.1353834867477417,0.022767722606658936,-0.17284393310546875,0.009614408016204834,-0.1379837989807129,0.0027540922164916992,-0.1107129454612732,0.04018664360046387,-0.1098833680152893,0.03123706579208374,-0.11868762969970703,0.018603086471557617,-0.08681362867355347,0.013966500759124756,-0.06170654296875
Peace,0.0,0.0,-0.029290974140167236,-0.024862349033355713,-0.04517284035682678,-0.07364726066589355,-0.021052658557891846,-0.10314559936523438,0.00506967306137085,-0.1203581690788269,-0.033329516649246216,-0.14274930953979492,-0.05627673864364624,-0.1944701075553894,-0.06924545764923096,-0.22572505474090576,-0.07814273238182068,-0.2551370859146118,-0.004972696304321289,-0.14857149124145508,-0.005726218223571777,-0.2157447338104248,-0.007982730865478516,-0.25401270389556885,-0.008173167705535889,-0.2863788604736328,0.019257962703704834,-0.1350080966949463,0.019088923931121826,-0.1725131869316101,0.008355200290679932,-0.1367470622062683,0.00392526388168335,-0.10888445377349854,0.039211809635162354,-0.1110832691192627,0.028408169746398926,-0.11630243062973022,0.016355395317077637,-0.0832255482673645,0.012471973896026611,-0.05753660202026367
Peace,0.0,0.0,-0.030997514724731445,-0.023909389972686768,-0.047711849212646484,-0.07161098718643188,-0.026244312524795532,-0.10252797603607178,-0.0044512152671813965,-0.12211930751800537,-0.03586465120315552,-0.1390618085861206,-0.05912131071090698,-0.18726754188537598,-0.07357791066169739,-0.21673882007598877,-0.08437806367874146,-0.24515509605407715,-0.009216785430908203,-0.1454039216041565,-0.011758804321289062,-0.21220141649246216,-0.016010552644729614,-0.24866950511932373,-0.017468541860580444,-0.2806180715560913,0.015081644058227539,-0.133050799369812,0.011967837810516357,-0.17363983392715454,0.0020436644554138184,-0.1319504976272583,-0.000884711742401123,-0.10025650262832642,0.03649026155471802,-0.1098562479019165,0.023691177368164062,-0.11642289161682129,0.012025654315948486,-0.08114582300186157,0.00916820764541626,-0.05502903461456299
Peace,0.0,0.0,-0.02909564971923828,-0.02237945795059204,-0.05064600706100464,-0.06499737501144409,-0.03684070706367493,-0.09495431184768677,-0.01558232307434082,-0.11402350664138794,-0.039091140031814575,-0.13839328289031982,-0.06237116456031799,-0.18626749515533447,-0.07800126075744629,-0.21577972173690796,-0.09075051546096802,-0.24373334646224976,-0.013458669185638428,-0.14578789472579956,-0.01859527826309204,-0.2112029790878296,-0.023760050535202026,-0.24692082405090332,-0.026047557592391968,-0.27802908420562744,0.011019021272659302,-0.13535839319229126,0.0043916404247283936,-0.1694403886795044,-0.0041165947914123535,-0.13064217567443848,-0.005571186542510986,-0.10028231143951416,0.032567888498306274,-0.1144944429397583,0.016214519739151,-0.115578293800354,0.005168050527572632,-0.08048617839813232,0.003254026174545288,-0.05403405427932739
Peace,0.0,0.0,-0.02852693200111389,-0.01880037784576416,-0.05108717083930969,-0.06293761730194092,-0.038669317960739136,-0.09301149845123291,-0.018536299467086792,-0.11216092109680176,-0.039283186197280884,-0.13366389274597168,-0.06321761012077332,-0.17925971746444702,-0.0796109139919281,-0.20713669061660767,-0.09228333830833435,-0.23418128490447998,-0.013769865036010742,-0.14387834072113037,-0.022349268198013306,-0.21046942472457886,-0.02934807538986206,-0.24637770652770996,-0.03211122751235962,-0.2785381078720093,0.011018037796020508,-0.13509684801101685,0.0021262168884277344,-0.17128384113311768,-0.007512301206588745,-0.12711340188980103,-0.0091933012008667,-0.0933835506439209,0.032954394817352295,-0.11498099565505981,0.014205634593963623,-0.11068642139434814,0.0037022531032562256,-0.07412678003311157,0.0031393468379974365,-0.04874086380004883
Peace,0.0,0.0,-0.03057834506034851,-0.017458975315093994,-0.054089754819869995,-0.061956167221069336,-0.04266715049743652,-0.09332960844039917,-0.023591071367263794,-0.11479902267456055,-0.041431576013565063,-0.13226372003555298,-0.06522288918495178,-0.17836683988571167,-0.0808086097240448,-0.20639348030090332,-0.09152042865753174,-0.2339259386062622,-0.015942513942718506,-0.14216822385787964,-0.026067733764648438,-0.20764774084091187,-0.03343060612678528,-0.24442213773727417,-0.035722196102142334,-0.2782711386680603,0.008886456489562988,-0.13351112604141235,-0.002029508352279663,-0.17356085777282715,-0.011567473411560059,-0.12618190050125122,-0.012924998998641968,-0.09102290868759155,0.030944347381591797,-0.11323416233062744,0.008789628744125366,-0.11271512508392334,-0.0017430782318115234,-0.07492893934249878,-0.001931309700012207,-0.04905968904495239
Peace,0.0,0.0,-0.0302354097366333,-0.024149656295776367,-0.05272799730300903,-0.07059717178344727,-0.03792664408683777,-0.09748315811157227,-0.014449357986450195,-0.112437903881073,-0.03811010718345642,-0.1405826210975647,-0.06193998456001282,-0.18923419713974,-0.07733103632926941,-0.2186145782470703,-0.08946248888969421,-0.24567431211471558,-0.011551141738891602,-0.14875173568725586,-0.019429773092269897,-0.21286898851394653,-0.026156336069107056,-0.2478960156440735,-0.02899610996246338,-0.27809464931488037,0.013725519180297852,-0.13848990201950073,0.0021207332611083984,-0.16934537887573242,-0.008300840854644775,-0.12672001123428345,-0.010161131620407104,-0.09402954578399658,0.035308003425598145,-0.11688232421875,0.01434946060180664,-0.11054432392120361,0.0024607181549072266,-0.07667684555053711,0.0013200640678405762,-0.05259627103805542
Peace,0.0,0.0,-0.029013723134994507,-0.025691986083984375,-0.04878416657447815,-0.07188194990158081,-0.02905157208442688,-0.09797954559326172,-0.003082275390625,-0.11058968305587769,-0.03071233630180359,-0.14181822538375854,-0.052790671586990356,-0.19367444515228271,-0.06574839353561401,-0.2238869071006775,-0.07473063468933105,-0.25212717056274414,-0.0031633377075195312,-0.14711427688598633,-0.00719761848449707,-0.21235394477844238,-0.011626780033111572,-0.24815356731414795,-0.0126878023147583,-0.27822548151016235,0.02178037166595459,-0.13429397344589233,0.012991011142730713,-0.1607089638710022,-0.00040084123611450195,-0.12443172931671143,-0.005228281021118164,-0.09480881690979004,0.042168259620666504,-0.11130326986312866,0.023066699504852295,-0.103901207447052,0.00923532247543335,-0.07270115613937378,0.0057471394538879395,-0.0487140417098999
Peace,0.0,0.0,-0.0254058837890625,-0.02794724702835083,-0.03494071960449219,-0.07576966285705566,-0.00658571720123291,-0.09587758779525757,0.022006094455718994,-0.10166692733764648,-0.012744367122650146,-0.1449165940284729,-0.019161701202392578,-0.20204323530197144,-0.02193605899810791,-0.23628902435302734,-0.021844208240509033,-0.26694923639297485,0.016456782817840576,-0.14158248901367188,0.029581785202026367,-0.2042267918586731,0.03693884611129761,-0.24023288488388062,0.04533034563064575,-0.26936912536621094,0.03804445266723633,-0.12171876430511475,0.04417675733566284,-0.14864331483840942,0.025777339935302734,-0.119937002658844,0.015237927436828613,-0.09548747539520264,0.053398072719573975,-0.09369492530822754,0.04211843013763428,-0.09015679359436035,0.023099839687347412,-0.06335455179214478,0.013385593891143799,-0.04271721839904785
Peace,0.0,0.0,-0.02373826503753662,-0.031724512577056885,-0.02843552827835083,-0.07913750410079956,0.0028443336486816406,-0.09536892175674438,0.0321577787399292,-0.09797614812850952,-0.00270688533782959,-0.1457574963569641,-0.004890501499176025,-0.20391982793807983,-0.005033314228057861,-0.2387273907661438,-0.002778470516204834,-0.2693491578102112,0.025579392910003662,-0.13819581270217896,0.04490840435028076,-0.19786560535430908,0.05688220262527466,-0.2332656979560852,0.06863397359848022,-0.2621534466743469,0.044956743717193604,-0.11506879329681396,0.0565226674079895,-0.14373600482940674,0.03636765480041504,-0.11395114660263062,0.02388441562652588,-0.08919131755828857,0.05842369794845581,-0.08402466773986816,0.05326974391937256,-0.08804577589035034,0.03356236219406128,-0.06355351209640503,0.022186577320098877,-0.04394268989562988
Peace,0.0,0.0,-0.021420419216156006,-0.036327362060546875,-0.021646082401275635,-0.08416324853897095,0.009262144565582275,-0.09579640626907349,0.03748679161071777,-0.09324222803115845,0.006804704666137695,-0.14795905351638794,0.011137604713439941,-0.2038368582725525,0.015018463134765625,-0.2382778525352478,0.02023768424987793,-0.268024742603302,0.033969223499298096,-0.1353529691696167,0.0585748553276062,-0.18928301334381104,0.07538306713104248,-0.22123712301254272,0.09101313352584839,-0.24756789207458496,0.05142182111740112,-0.10850882530212402,0.0663871169090271,-0.1330893635749817,0.04405301809310913,-0.10640287399291992,0.029148638248443604,-0.08589553833007812,0.06213867664337158,-0.07462012767791748,0.06155914068222046,-0.08294707536697388,0.041908085346221924,-0.06362980604171753,0.029410243034362793,-0.04906219244003296
Peace,0.0,0.0,-0.017888963222503662,-0.03973555564880371,-0.012378573417663574,-0.08554673194885254,0.020421206951141357,-0.09134048223495483,0.04890185594558716,-0.08547061681747437,0.019277215003967285,-0.1480696201324463,0.030256211757659912,-0.20238834619522095,0.038495659828186035,-0.2361719012260437,0.04701101779937744,-0.2649029493331909,0.04532676935195923,-0.13154077529907227,0.07600218057632446,-0.17949014902114868,0.09628963470458984,-0.20878374576568604,0.1144782304763794,-0.23272311687469482,0.05984073877334595,-0.1020163893699646,0.07860755920410156,-0.12282019853591919,0.05488550662994385,-0.10072165727615356,0.03871423006057739,-0.08361506462097168,0.06694751977920532,-0.06674396991729736,0.06746178865432739,-0.07713115215301514,0.0467950701713562,-0.06322723627090454,0.03328573703765869,-0.05276995897293091
Peace,0.0,0.0,-0.014678895473480225,-0.04348677396774292,-0.003835618495941162,-0.0903121829032898,0.029400944709777832,-0.0917520523071289,0.05613446235656738,-0.079883873462677,0.029287278652191162,-0.14383167028427124,0.04690086841583252,-0.1958167552947998,0.05897092819213867,-0.22705596685409546,0.06984621286392212,-0.2534513473510742,0.05349189043045044,-0.12362945079803467,0.08913159370422363,-0.1674301028251648,0.11163187026977539,-0.19373363256454468,0.1304379105567932,-0.21423375606536865,0.0655779242515564,-0.0924837589263916,0.08681869506835938,-0.11497950553894043,0.06311213970184326,-0.09870743751525879,0.046263694763183594,-0.08451759815216064,0.06991201639175415,-0.056950271129608154,0.07032185792922974,-0.0689653754234314,0.04872584342956543,-0.05836904048919678,0.034381866455078125,-0.04882848262786865
Peace,0.0,0.0,-0.011596858501434326,-0.04370778799057007,0.0018656253814697266,-0.08767551183700562,0.03503584861755371,-0.08546489477157593,0.06225597858428955,-0.07198125123977661,0.038110196590423584,-0.13994890451431274,0.06006520986557007,-0.18961727619171143,0.07460629940032959,-0.21927410364151,0.08815151453018188,-0.24362528324127197,0.062268853187561035,-0.11779749393463135,0.10145843029022217,-0.15563863515853882,0.1267881989479065,-0.17821693420410156,0.14808428287506104,-0.19421446323394775,0.073203444480896,-0.08603876829147339,0.09306466579437256,-0.10264003276824951,0.0678250789642334,-0.08980607986450195,0.050261616706848145,-0.07730597257614136,0.07599222660064697,-0.0516393780708313,0.07166194915771484,-0.059370219707489014,0.04857766628265381,-0.05170172452926636,0.03373175859451294,-0.0435943603515625
Peace,0.0,0.0,-0.010887086391448975,-0.04309511184692383,0.0036582350730895996,-0.0862157940864563,0.03730970621109009,-0.08382034301757812,0.06406921148300171,-0.06973212957382202,0.040598154067993164,-0.13869547843933105,0.06159728765487671,-0.18764078617095947,0.07614797353744507,-0.21733343601226807,0.08941757678985596,-0.2423200011253357,0.06385987997055054,-0.11617761850357056,0.10339576005935669,-0.1540176272392273,0.12893861532211304,-0.1765262484550476,0.14986813068389893,-0.19301950931549072,0.07351511716842651,-0.08425313234329224,0.09854710102081299,-0.10296005010604858,0.07454609870910645,-0.08996051549911499,0.05631917715072632,-0.07704079151153564,0.07495701313018799,-0.0491948127746582,0.078685462474823,-0.05966842174530029,0.05704110860824585,-0.05090177059173584,0.041317760944366455,-0.04150116443634033
Peace,0.0,0.0,-0.015246093273162842,-0.041081905364990234,-0.007214963436126709,-0.08788037300109863,0.024776339530944824,-0.09448766708374023,0.05176311731338501,-0.08836030960083008,0.019036173820495605,-0.1449095606803894,0.03011035919189453,-0.1989547610282898,0.03806275129318237,-0.23151004314422607,0.045265376567840576,-0.2588730454444885,0.04313534498214722,-0.12822532653808594,0.07554095983505249,-0.1767081618309021,0.09496575593948364,-0.20600426197052002,0.11131668090820312,-0.229420006275177,0.05615752935409546,-0.09997594356536865,0.07926732301712036,-0.12413030862808228,0.0585976243019104,-0.10522645711898804,0.04309266805648804,-0.08893382549285889,0.06223881244659424,-0.06601572036743164,0.06468021869659424,-0.07257193326950073,0.046122848987579346,-0.05996948480606079,0.03330355882644653,-0.04913872480392456
Peace,0.0,0.0,-0.01918637752532959,-0.03700894117355347,-0.01593923568725586,-0.08468520641326904,0.014900028705596924,-0.09727603197097778,0.041770339012145996,-0.09461963176727295,0.00952082872390747,-0.1446596384048462,0.015340566635131836,-0.19894617795944214,0.020191609859466553,-0.23199963569641113,0.025340378284454346,-0.26021629571914673,0.03415548801422119,-0.13189005851745605,0.059696853160858154,-0.1843423843383789,0.07588785886764526,-0.21664631366729736,0.09021550416946411,-0.24309957027435303,0.0489463210105896,-0.10578757524490356,0.06907624006271362,-0.1362057328224182,0.04939627647399902,-0.11179095506668091,0.03510165214538574,-0.09040486812591553,0.05741149187088013,-0.07301449775695801,0.06076633930206299,-0.08425885438919067,0.04349040985107422,-0.06630420684814453,0.032093584537506104,-0.05030471086502075
Peace,0.0,0.0,-0.018786191940307617,-0.03593456745147705,-0.01595616340637207,-0.08285951614379883,0.015087902545928955,-0.096840500831604,0.04229158163070679,-0.09578520059585571,0.00962984561920166,-0.1416168212890625,0.014587104320526123,-0.19693785905838013,0.018929898738861084,-0.2304379940032959,0.023961663246154785,-0.25867336988449097,0.0342411994934082,-0.1287859082221985,0.05953550338745117,-0.18318694829940796,0.07548421621322632,-0.21596825122833252,0.0895201563835144,-0.24137574434280396,0.04906195402145386,-0.10272854566574097,0.0681195855140686,-0.1351514458656311,0.04876124858856201,-0.11198294162750244,0.0349162220954895,-0.09047836065292358,0.0576435923576355,-0.07028138637542725,0.05922943353652954,-0.08237665891647339,0.041066646575927734,-0.06330525875091553,0.029116034507751465,-0.045539677143096924
Peace,0.0,0.0,-0.02022409439086914,-0.03446382284164429,-0.020692884922027588,-0.08259117603302002,0.009409129619598389,-0.09786498546600342,0.037029266357421875,-0.10030472278594971,0.007014036178588867,-0.14231252670288086,0.009341657161712646,-0.19864076375961304,0.01264423131942749,-0.23293858766555786,0.017490684986114502,-0.26161307096481323,0.03229963779449463,-0.13127493858337402,0.055460453033447266,-0.1872495412826538,0.06924444437026978,-0.21944206953048706,0.08207958936691284,-0.24463391304016113,0.04870760440826416,-0.1073383092880249,0.0638890266418457,-0.13832253217697144,0.04557722806930542,-0.11610698699951172,0.033571481704711914,-0.0954737663269043,0.059294939041137695,-0.07706284523010254,0.05449700355529785,-0.08400177955627441,0.035439908504486084,-0.062057435512542725,0.024514973163604736,-0.04230993986129761
Peace,0.0,0.0,-0.02426925301551819,-0.026982426643371582,-0.03871932625770569,-0.07009309530258179,-0.01885014772415161,-0.0905606746673584,0.007409453392028809,-0.0976976752281189,-0.011682748794555664,-0.13796454668045044,-0.018244117498397827,-0.19269198179244995,-0.02045556902885437,-0.22538387775421143,-0.019847214221954346,-0.25371086597442627,0.014718025922775269,-0.13283401727676392,0.028430849313735962,-0.19151967763900757,0.0343765914440155,-0.22477376461029053,0.041339725255966187,-0.25168776512145996,0.034391850233078,-0.11296308040618896,0.03495720028877258,-0.143792986869812,0.01731899380683899,-0.11756789684295654,0.008503168821334839,-0.09394633769989014,0.04857471585273743,-0.08575081825256348,0.0328613817691803,-0.09085899591445923,0.016401082277297974,-0.0682254433631897,0.00986132025718689,-0.048222124576568604
Peace,0.0,0.0,-0.024211257696151733,-0.023367106914520264,-0.04151076078414917,-0.06260371208190918,-0.02914959192276001,-0.08759009838104248,-0.0066120922565460205,-0.09902864694595337,-0.01742878556251526,-0.13329333066940308,-0.02647721767425537,-0.18639403581619263,-0.031742095947265625,-0.21869564056396484,-0.033620685338974,-0.24622184038162231,0.007040292024612427,-0.13159781694412231,0.015271902084350586,-0.19160962104797363,0.018399327993392944,-0.2255725860595703,0.02394324541091919,-0.2526501417160034,0.027220487594604492,-0.11412405967712402,0.021352320909500122,-0.13830798864364624,0.003371298313140869,-0.10777944326400757,-0.005019336938858032,-0.08194822072982788,0.0422193706035614,-0.08806377649307251,0.024209827184677124,-0.08919960260391235,0.009319841861724854,-0.06509560346603394,0.004388779401779175,-0.04547494649887085
Peace,0.0,0.0,-0.030695557594299316,-0.019358813762664795,-0.05223467946052551,-0.05327796936035156,-0.046031296253204346,-0.07981628179550171,-0.028736144304275513,-0.09673094749450684,-0.032817691564559937,-0.13491219282150269,-0.053137362003326416,-0.17383044958114624,-0.06396397948265076,-0.19982200860977173,-0.06983751058578491,-0.2230244278907776,-0.009856611490249634,-0.13935422897338867,-0.01518714427947998,-0.1931433081626892,-0.018821418285369873,-0.22785216569900513,-0.01865971088409424,-0.25517547130584717,0.009915024042129517,-0.12675082683563232,-0.0058107078075408936,-0.14847511053085327,-0.01888325810432434,-0.1222299337387085,-0.023714154958724976,-0.09699392318725586,0.025710105895996094,-0.10246217250823975,0.0009324252605438232,-0.10081803798675537,-0.012846916913986206,-0.07473915815353394,-0.017517060041427612,-0.05114448070526123
Peace,0.0,0.0,-0.0336756706237793,-0.013522326946258545,-0.05683264136314392,-0.04782384634017944,-0.05322781205177307,-0.07884395122528076,-0.03946790099143982,-0.09976845979690552,-0.04324883222579956,-0.11929529905319214,-0.0661088228225708,-0.15889853239059448,-0.07987728714942932,-0.1847742795944214,-0.08919274806976318,-0.20866376161575317,-0.02188265323638916,-0.12917619943618774,-0.036194682121276855,-0.18693166971206665,-0.04468199610710144,-0.22292792797088623,-0.04853895306587219,-0.2521926164627075,-0.0023277103900909424,-0.12358784675598145,-0.025579333305358887,-0.14401936531066895,-0.032648175954818726,-0.11102789640426636,-0.03158178925514221,-0.08342379331588745,0.01249048113822937,-0.10794281959533691,-0.015310078859329224,-0.09914326667785645,-0.024286121129989624,-0.06904876232147217,-0.024274379014968872,-0.045409321784973145
Peace,0.0,0.0,-0.033781081438064575,-0.00858771800994873,-0.057615309953689575,-0.04146456718444824,-0.05647483468055725,-0.0732530951499939,-0.04627510905265808,-0.09588116407394409,-0.04809507727622986,-0.11237549781799316,-0.07251200079917908,-0.14938992261886597,-0.0866633951663971,-0.17449021339416504,-0.09671702980995178,-0.19804036617279053,-0.026087075471878052,-0.12468355894088745,-0.04205074906349182,-0.18014991283416748,-0.051503151655197144,-0.21388369798660278,-0.056766390800476074,-0.24163317680358887,-0.005801677703857422,-0.12203562259674072,-0.03343778848648071,-0.1376504898071289,-0.03942680358886719,-0.10256195068359375,-0.036824584007263184,-0.07472383975982666,0.009451538324356079,-0.10858386754989624,-0.021222859621047974,-0.09569811820983887,-0.028923213481903076,-0.06398499011993408,-0.027368932962417603,-0.04046505689620972
Peace,0.0,0.0,-0.03526270389556885,-0.006559193134307861,-0.060466915369033813,-0.032168805599212646,-0.06651800870895386,-0.061202168464660645,-0.061000823974609375,-0.08725327253341675,-0.056438833475112915,-0.10325616598129272,-0.08150812983512878,-0.13590914011001587,-0.09684616327285767,-0.155969500541687,-0.10710117220878601,-0.17494094371795654,-0.03794872760772705,-0.11741054058074951,-0.06038406491279602,-0.1695278286933899,-0.07374051213264465,-0.1998090147972107,-0.08088359236717224,-0.22545301914215088,-0.01795223355293274,-0.1169937252998352,-0.046675294637680054,-0.13458555936813354,-0.05072885751724243,-0.09859484434127808,-0.04601764678955078,-0.07073450088500977,5.710124969482422e-05,-0.10503321886062622,-0.031067103147506714,-0.09512484073638916,-0.036577463150024414,-0.06524860858917236,-0.033005595207214355,-0.04336124658584595
Peace,0.0,0.0,-0.03732937574386597,-0.007178246974945068,-0.06303068995475769,-0.03400641679763794,-0.07148957252502441,-0.06039685010910034,-0.07209748029708862,-0.0842585563659668,-0.06519538164138794,-0.10063368082046509,-0.09068372845649719,-0.12982821464538574,-0.10531377792358398,-0.14775586128234863,-0.11550663411617279,-0.16596102714538574,-0.046722412109375,-0.11569613218307495,-0.07068502902984619,-0.16256457567214966,-0.08432596921920776,-0.19233709573745728,-0.09228292107582092,-0.21728593111038208,-0.027003318071365356,-0.11693227291107178,-0.05511516332626343,-0.1283712387084961,-0.05993226170539856,-0.0946502685546875,-0.0567375123500824,-0.06669127941131592,-0.010286122560501099,-0.10683310031890869,-0.04127553105354309,-0.09281283617019653,-0.0474112331867218,-0.06243789196014404,-0.04539412260055542,-0.03812223672866821
Peace,0.0,0.0,-0.03687295317649841,-0.004215836524963379,-0.06421685218811035,-0.029717564582824707,-0.07711619138717651,-0.05441701412200928,-0.07710564136505127,-0.0810895562171936,-0.06445428729057312,-0.09636497497558594,-0.0904158502817154,-0.12210023403167725,-0.10540461540222168,-0.13834279775619507,-0.11581262946128845,-0.155856192111969,-0.04655471444129944,-0.11273974180221558,-0.07316863536834717,-0.15579712390899658,-0.08956030011177063,-0.18232214450836182,-0.1010856032371521,-0.206152081489563,-0.02810642123222351,-0.11572003364562988,-0.06220313906669617,-0.1169424057006836,-0.0634605884552002,-0.07956886291503906,-0.057259321212768555,-0.05332869291305542,-0.013312816619873047,-0.1067667007446289,-0.048007428646087646,-0.08607792854309082,-0.049649953842163086,-0.05254393815994263,-0.043450355529785156,-0.029271245002746582
Peace,0.0,0.0,-0.03596240282058716,-0.004548609256744385,-0.06149521470069885,-0.02948927879333496,-0.07442694902420044,-0.054052650928497314,-0.07737389206886292,-0.08042430877685547,-0.061110109090805054,-0.09930956363677979,-0.08572982251644135,-0.12627166509628296,-0.10036328434944153,-0.14327383041381836,-0.1103094220161438,-0.16114556789398193,-0.04354044795036316,-0.11540466547012329,-0.0698142945766449,-0.15919089317321777,-0.08619439601898193,-0.18552899360656738,-0.09715037047863007,-0.20896297693252563,-0.0254136323928833,-0.11754339933395386,-0.06044098734855652,-0.12344098091125488,-0.06340152025222778,-0.08495837450027466,-0.05771860480308533,-0.057103514671325684,-0.010848671197891235,-0.10717904567718506,-0.04567825794219971,-0.08823025226593018,-0.04850652813911438,-0.055296242237091064,-0.04286500811576843,-0.03222465515136719
Peace,0.0,0.0,-0.03935232758522034,-0.008411765098571777,-0.06272280216217041,-0.0335959792137146,-0.07846912741661072,-0.053997695446014404,-0.08831247687339783,-0.07089835405349731,-0.05313771963119507,-0.10615646839141846,-0.0742557942867279,-0.1360906958580017,-0.08683419227600098,-0.15603214502334595,-0.09548579156398773,-0.17515897750854492,-0.03781312704086304,-0.11667871475219727,-0.06643474102020264,-0.15860652923583984,-0.08441025018692017,-0.1854088306427002,-0.09684097766876221,-0.20845884084701538,-0.024273186922073364,-0.11387848854064941,-0.06423047184944153,-0.11974412202835083,-0.06827720999717712,-0.08138281106948853,-0.06281471252441406,-0.053773701190948486,-0.016519278287887573,-0.09844553470611572,-0.05216866731643677,-0.08401280641555786,-0.05571821331977844,-0.05539053678512573,-0.050910383462905884,-0.03531992435455322
Peace,0.0,0.0,-0.03662902116775513,-0.012212932109832764,-0.05857956409454346,-0.04016232490539551,-0.07088625431060791,-0.06476515531539917,-0.07170036435127258,-0.08819687366485596,-0.04382866621017456,-0.11658972501754761,-0.06406384706497192,-0.15154027938842773,-0.07595446705818176,-0.17673742771148682,-0.08228549361228943,-0.1993255615234375,-0.02730420231819153,-0.1235971450805664,-0.05287528038024902,-0.17043030261993408,-0.06759831309318542,-0.2004280686378479,-0.07657724618911743,-0.2262367606163025,-0.012865304946899414,-0.11814594268798828,-0.051607996225357056,-0.130801260471344,-0.05834364891052246,-0.09320253133773804,-0.05452984571456909,-0.06381148099899292,-0.005178481340408325,-0.10025453567504883,-0.04313036799430847,-0.09501856565475464,-0.04866036772727966,-0.06616371870040894,-0.04477161169052124,-0.043673932552337646
Peace,0.0,0.0,-0.033365994691848755,-0.017929553985595703,-0.054929137229919434,-0.056231141090393066,-0.05577269196510315,-0.08855783939361572,-0.04165402054786682,-0.10918980836868286,-0.034550607204437256,-0.1230883002281189,-0.0544552206993103,-0.16197258234024048,-0.06632351875305176,-0.18627095222473145,-0.07483205199241638,-0.20826220512390137,-0.013444304466247559,-0.1296161413192749,-0.0239182710647583,-0.18335580825805664,-0.03263533115386963,-0.21648555994033813,-0.03861519694328308,-0.24249577522277832,0.004149258136749268,-0.12242794036865234,-0.023395538330078125,-0.13827794790267944,-0.03480321168899536,-0.10771691799163818,-0.03662016987800598,-0.08093798160552979,0.014083117246627808,-0.10594463348388672,-0.019340038299560547,-0.09960728883743286,-0.030511528253555298,-0.07048338651657104,-0.031659334897994995,-0.04598546028137207
Peace,0.0,0.0,-0.03161585330963135,-0.018381237983703613,-0.050364911556243896,-0.05671131610870361,-0.043955087661743164,-0.08854854106903076,-0.02909025549888611,-0.11166805028915405,-0.031483083963394165,-0.1194683313369751,-0.04959765076637268,-0.16324269771575928,-0.06043887138366699,-0.19035398960113525,-0.06737580895423889,-0.2147955298423767,-0.00893491506576538,-0.1262071132659912,-0.013146251440048218,-0.18775206804275513,-0.019789516925811768,-0.2236291766166687,-0.022924989461898804,-0.25041359663009644,0.010625511407852173,-0.11817055940628052,-0.006058454513549805,-0.1510525941848755,-0.01918545365333557,-0.11938327550888062,-0.0225638747215271,-0.0913650393486023,0.02539503574371338,-0.10154843330383301,-0.001719146966934204,-0.10496211051940918,-0.014111459255218506,-0.07613474130630493,-0.01597064733505249,-0.05195629596710205
Peace,0.0,0.0,-0.030461400747299194,-0.021845340728759766,-0.04765036702156067,-0.06176084280014038,-0.0392012894153595,-0.09376943111419678,-0.0237140953540802,-0.11443233489990234,-0.03178948163986206,-0.12479883432388306,-0.04957932233810425,-0.17015254497528076,-0.059973299503326416,-0.19936603307724,-0.06680038571357727,-0.22489970922470093,-0.009270995855331421,-0.12985634803771973,-0.011610358953475952,-0.19239050149917603,-0.016048192977905273,-0.2295336127281189,-0.017240971326828003,-0.2572157382965088,0.010805338621139526,-0.1194767951965332,-0.003771185874938965,-0.15229755640029907,-0.015986233949661255,-0.12029725313186646,-0.018851637840270996,-0.09233599901199341,0.0267179012298584,-0.0997692346572876,0.004131525754928589,-0.1070336103439331,-0.006772249937057495,-0.07877248525619507,-0.00799471139907837,-0.0545925498008728
Peace,0.0,0.0,-0.028200656175613403,-0.024290502071380615,-0.04327046871185303,-0.06674247980117798,-0.029304593801498413,-0.09685707092285156,-0.00946161150932312,-0.11658763885498047,-0.026622414588928223,-0.129832923412323,-0.044057756662368774,-0.17401766777038574,-0.05435210466384888,-0.20216166973114014,-0.06093275547027588,-0.22691261768341064,-0.0006874501705169678,-0.13481885194778442,-0.0007311105728149414,-0.19135963916778564,-0.003867626190185547,-0.22735846042633057,-0.0052481889724731445,-0.2564356327056885,0.021444886922836304,-0.1233397126197815,0.008354276418685913,-0.14108866453170776,-0.0041290223598480225,-0.11154359579086304,-0.008419543504714966,-0.08753663301467896,0.03801000118255615,-0.10310894250869751,0.017340034246444702,-0.1035502552986145,0.004868954420089722,-0.07647192478179932,0.0014387965202331543,-0.053581416606903076
Peace,0.0,0.0,-0.027217388153076172,-0.02364945411682129,-0.04230561852455139,-0.06259685754776001,-0.026807516813278198,-0.08890855312347412,-0.005208134651184082,-0.10523170232772827,-0.028488218784332275,-0.13027089834213257,-0.044139206409454346,-0.17870426177978516,-0.05302533507347107,-0.2080720067024231,-0.05900329351425171,-0.23381495475769043,-0.002781778573989868,-0.13388919830322266,0.0035454928874969482,-0.19416815042495728,0.0036533474922180176,-0.22903203964233398,0.004979044198989868,-0.2553379535675049,0.01893085241317749,-0.12070554494857788,0.015919923782348633,-0.15005850791931152,0.001405477523803711,-0.12335032224655151,-0.004800945520401001,-0.09926861524581909,0.036022841930389404,-0.09848809242248535,0.021011829376220703,-0.09976685047149658,0.00803115963935852,-0.07539093494415283,0.0042983293533325195,-0.05462837219238281
Peace,0.0,0.0,-0.02651318907737732,-0.022583305835723877,-0.04066246747970581,-0.06428247690200806,-0.024944603443145752,-0.09146803617477417,-0.0034432709217071533,-0.10613465309143066,-0.026270627975463867,-0.13046753406524658,-0.04175540804862976,-0.18028998374938965,-0.050224363803863525,-0.21129244565963745,-0.05530104041099548,-0.2385779619216919,-0.001503586769104004,-0.13338440656661987,0.00469633936882019,-0.1955544352531433,0.006505787372589111,-0.23147934675216675,0.010416656732559204,-0.25983718037605286,0.019570648670196533,-0.11931818723678589,0.01862773299217224,-0.14742040634155273,0.002959221601486206,-0.11379766464233398,-0.00401720404624939,-0.08699530363082886,0.03587272763252258,-0.09649860858917236,0.02201518416404724,-0.09788793325424194,0.00859495997428894,-0.07023853063583374,0.004554331302642822,-0.0494648814201355
Peace,0.0,0.0,-0.025462567806243896,-0.023968517780303955,-0.03942781686782837,-0.06672531366348267,-0.02042946219444275,-0.09151953458786011,0.002926468849182129,-0.1042104959487915,-0.02297380566596985,-0.1326938271522522,-0.037440747022628784,-0.18398088216781616,-0.046042561531066895,-0.21567153930664062,-0.05118030309677124,-0.2436874508857727,0.002403944730758667,-0.13405799865722656,0.008333325386047363,-0.19651466608047485,0.011273413896560669,-0.23235636949539185,0.016789883375167847,-0.26096904277801514,0.023573487997055054,-0.11901682615280151,0.02195069193840027,-0.14715242385864258,0.006087124347686768,-0.11416131258010864,-0.0007013082504272461,-0.08706068992614746,0.03998097777366638,-0.09581857919692993,0.025132089853286743,-0.09793716669082642,0.011003762483596802,-0.07054483890533447,0.006716549396514893,-0.049105823040008545
Peace,0.0,0.0,-0.025399774312973022,-0.024116992950439453,-0.04010841250419617,-0.0674821138381958,-0.020559757947921753,-0.09309244155883789,0.004261285066604614,-0.10687869787216187,-0.022004783153533936,-0.13337266445159912,-0.03650403022766113,-0.18554550409317017,-0.044207870960235596,-0.21688228845596313,-0.04857572913169861,-0.24426805973052979,0.00417521595954895,-0.13494044542312622,0.010142475366592407,-0.1982908844947815,0.012218385934829712,-0.233798086643219,0.016215860843658447,-0.261297345161438,0.025746315717697144,-0.11975103616714478,0.02262052893638611,-0.14825356006622314,0.007664769887924194,-0.119842529296875,0.0011383295059204102,-0.09601271152496338,0.042447835206985474,-0.09616607427597046,0.026899009943008423,-0.09751081466674805,0.011744916439056396,-0.07094883918762207,0.006039351224899292,-0.04966169595718384
Peace,0.0,0.0,-0.02566930651664734,-0.025654971599578857,-0.03781020641326904,-0.06962299346923828,-0.015389353036880493,-0.09369921684265137,0.009789615869522095,-0.10645824670791626,-0.02039247751235962,-0.13436412811279297,-0.03380537033081055,-0.18655383586883545,-0.040645062923431396,-0.21861958503723145,-0.04390433430671692,-0.246709942817688,0.005638062953948975,-0.13448584079742432,0.012317866086959839,-0.196682870388031,0.014978975057601929,-0.233101487159729,0.020052939653396606,-0.2621058225631714,0.02639433741569519,-0.11824816465377808,0.026982098817825317,-0.15106576681137085,0.011975616216659546,-0.11834347248077393,0.005283176898956299,-0.09104174375534058,0.04227796196937561,-0.09384524822235107,0.02901819348335266,-0.10169780254364014,0.014353841543197632,-0.0741347074508667,0.008875042200088501,-0.051302313804626465
Peace,0.0,0.0,-0.02284380793571472,-0.02615511417388916,-0.035559117794036865,-0.07126253843307495,-0.013876497745513916,-0.09241151809692383,0.011924147605895996,-0.09875577688217163,-0.014299988746643066,-0.13615316152572632,-0.02566668391227722,-0.18918490409851074,-0.031622737646102905,-0.22083598375320435,-0.03433653712272644,-0.24898171424865723,0.013039767742156982,-0.13488996028900146,0.023531794548034668,-0.19443589448928833,0.0297204852104187,-0.2283087968826294,0.03781026601791382,-0.25520581007003784,0.03404265642166138,-0.11722338199615479,0.030728042125701904,-0.1348758339881897,0.013211965560913086,-0.10639184713363647,0.005321204662322998,-0.08262759447097778,0.04884994029998779,-0.09198904037475586,0.03044682741165161,-0.08561021089553833,0.014753341674804688,-0.06177520751953125,0.009124696254730225,-0.04336214065551758
Peace,0.0,0.0,-0.02102714776992798,-0.02760183811187744,-0.03186440467834473,-0.07395148277282715,-0.010326206684112549,-0.09235858917236328,0.015627920627593994,-0.09472209215164185,-0.0055612921714782715,-0.13776570558547974,-0.011859893798828125,-0.191037118434906,-0.015362918376922607,-0.22330689430236816,-0.015936672687530518,-0.2525120973587036,0.021013319492340088,-0.13307875394821167,0.03620874881744385,-0.18949371576309204,0.045771002769470215,-0.22270798683166504,0.05659598112106323,-0.24960094690322876,0.04053765535354614,-0.11327040195465088,0.042921483516693115,-0.13364118337631226,0.02315765619277954,-0.10743468999862671,0.012509703636169434,-0.08405029773712158,0.05376642942428589,-0.08646881580352783,0.036598384380340576,-0.07972753047943115,0.01876598596572876,-0.05833512544631958,0.011214852333068848,-0.041323065757751465
Peace,0.0,0.0,-0.021141767501831055,-0.03197592496871948,-0.028981149196624756,-0.0798833966255188,-0.006113886833190918,-0.09562593698501587,0.01965707540512085,-0.09493190050125122,-0.00010073184967041016,-0.1422935128211975,-0.002685368061065674,-0.19676941633224487,-0.003640592098236084,-0.2292380928993225,-0.0021212100982666016,-0.2578480839729309,0.02696073055267334,-0.13483786582946777,0.04554992914199829,-0.18889647722244263,0.056997835636138916,-0.22099626064300537,0.0688355565071106,-0.2463809847831726,0.04594486951828003,-0.1126813292503357,0.0473819375038147,-0.1296258568763733,0.027047395706176758,-0.1037285327911377,0.01610541343688965,-0.08098804950714111,0.05826401710510254,-0.08368152379989624,0.0406528115272522,-0.07861894369125366,0.02094113826751709,-0.05786937475204468,0.011788606643676758,-0.041121840476989746
Peace,0.0,0.0,-0.019321084022521973,-0.036584556102752686,-0.024091780185699463,-0.08640652894973755,-0.00044673681259155273,-0.0977817177772522,0.025899648666381836,-0.09041666984558105,0.007792174816131592,-0.14210379123687744,0.0073392391204833984,-0.1976664662361145,0.007913351058959961,-0.23070985078811646,0.010531485080718994,-0.2594285011291504,0.03389286994934082,-0.13263505697250366,0.05437952280044556,-0.18471455574035645,0.06907570362091064,-0.21576958894729614,0.08317852020263672,-0.23948490619659424,0.05160808563232422,-0.10926699638366699,0.05284935235977173,-0.12383490800857544,0.032677292823791504,-0.10236424207687378,0.020389318466186523,-0.08205699920654297,0.06199139356613159,-0.07968032360076904,0.044473350048065186,-0.07253861427307129,0.02284860610961914,-0.05365574359893799,0.01038658618927002,-0.03764975070953369
Peace,0.0,0.0,-0.019493281841278076,-0.03648871183395386,-0.020528674125671387,-0.08584946393966675,0.006435871124267578,-0.09336751699447632,0.03252673149108887,-0.08629512786865234,0.011745274066925049,-0.14107316732406616,0.01316148042678833,-0.19606882333755493,0.015154600143432617,-0.229195237159729,0.01936626434326172,-0.25779688358306885,0.03723561763763428,-0.1293034553527832,0.06117433309555054,-0.18019139766693115,0.07820284366607666,-0.2106151580810547,0.0946698784828186,-0.2340850830078125,0.05340397357940674,-0.10424149036407471,0.0637241005897522,-0.12565171718597412,0.04219937324523926,-0.10366779565811157,0.02847999334335327,-0.08319669961929321,0.06271141767501831,-0.07295989990234375,0.050597965717315674,-0.07262134552001953,0.02851194143295288,-0.05472820997238159,0.015437185764312744,-0.039627254009246826
Peace,0.0,0.0,-0.018116891384124756,-0.03960293531417847,-0.0172843337059021,-0.09041446447372437,0.010274410247802734,-0.09704834222793579,0.03662383556365967,-0.08856242895126343,0.014640986919403076,-0.14375704526901245,0.017665982246398926,-0.1994829773902893,0.020631015300750732,-0.23244547843933105,0.025432288646697998,-0.26118195056915283,0.040743231773376465,-0.13173002004623413,0.06666868925094604,-0.1822049617767334,0.08432871103286743,-0.21207290887832642,0.10090124607086182,-0.23529231548309326,0.05715763568878174,-0.10613185167312622,0.06538420915603638,-0.12458854913711548,0.04292416572570801,-0.10225546360015869,0.028983473777770996,-0.08190995454788208,0.06629139184951782,-0.0744471549987793,0.05326735973358154,-0.07278543710708618,0.03084629774093628,-0.05471932888031006,0.018006443977355957,-0.03964102268218994
Peace,0.0,0.0,-0.018866300582885742,-0.03950643539428711,-0.01675117015838623,-0.0891605019569397,0.013276517391204834,-0.09587228298187256,0.04058128595352173,-0.0884847640991211,0.014605104923248291,-0.14254140853881836,0.018410146236419678,-0.197922945022583,0.022164106369018555,-0.23152053356170654,0.02751249074935913,-0.2604421377182007,0.04107356071472168,-0.1298699975013733,0.06833803653717041,-0.1805272102355957,0.08669251203536987,-0.21112138032913208,0.1037856936454773,-0.2343851923942566,0.05750393867492676,-0.10394293069839478,0.06646591424942017,-0.12272524833679199,0.043773353099823,-0.09986716508865356,0.029887795448303223,-0.07919585704803467,0.06676554679870605,-0.07264590263366699,0.054796814918518066,-0.07447385787963867,0.03236544132232666,-0.056289613246917725,0.019567787647247314,-0.04050004482269287
Peace,0.0,0.0,-0.01741969585418701,-0.03951394557952881,-0.013303935527801514,-0.0895724892616272,0.019099533557891846,-0.09477227926254272,0.047391295433044434,-0.08491384983062744,0.02056175470352173,-0.14171850681304932,0.026442229747772217,-0.197343647480011,0.031832098960876465,-0.23088675737380981,0.03859877586364746,-0.25972235202789307,0.04715287685394287,-0.12665891647338867,0.07697635889053345,-0.17690438032150269,0.09734851121902466,-0.2061079740524292,0.11596423387527466,-0.22842615842819214,0.0628235936164856,-0.09881055355072021,0.07481741905212402,-0.11837279796600342,0.05048877000808716,-0.09756839275360107,0.0346684455871582,-0.07912254333496094,0.07125687599182129,-0.06550580263137817,0.06221890449523926,-0.06921178102493286,0.03917926549911499,-0.051759421825408936,0.025331616401672363,-0.036347270011901855
Peace,0.0,0.0,-0.017281532287597656,-0.04021573066711426,-0.012676417827606201,-0.08945882320404053,0.01954120397567749,-0.09390604496002197,0.04748547077178955,-0.0840156078338623,0.021260321140289307,-0.14214158058166504,0.028619229793548584,-0.19836223125457764,0.03459209203720093,-0.23209285736083984,0.041718363761901855,-0.260612428188324,0.04774343967437744,-0.12659060955047607,0.07892119884490967,-0.17625761032104492,0.09999221563339233,-0.20501631498336792,0.11875772476196289,-0.2262445092201233,0.06305289268493652,-0.09818142652511597,0.0760001540184021,-0.11733382940292358,0.052126526832580566,-0.09786111116409302,0.036274611949920654,-0.07945740222930908,0.07081186771392822,-0.06447768211364746,0.06073254346847534,-0.06726199388504028,0.03750431537628174,-0.051160335540771484,0.023373186588287354,-0.036272525787353516
Peace,0.0,0.0,-0.016250967979431152,-0.04131382703781128,-0.009550273418426514,-0.08998304605484009,0.022539973258972168,-0.09307324886322021,0.049945831298828125,-0.08167749643325806,0.024399876594543457,-0.14202940464019775,0.03307497501373291,-0.19795310497283936,0.03947913646697998,-0.23173558712005615,0.04691416025161743,-0.26042717695236206,0.05070465803146362,-0.12484490871429443,0.08380889892578125,-0.17358624935150146,0.10568320751190186,-0.20235919952392578,0.1252058744430542,-0.22393524646759033,0.06511098146438599,-0.09489911794662476,0.08236974477767944,-0.11444664001464844,0.056497275829315186,-0.09524059295654297,0.03840547800064087,-0.07740980386734009,0.0718240737915039,-0.059898316860198975,0.06507450342178345,-0.06409931182861328,0.04161250591278076,-0.049041926860809326,0.0263788104057312,-0.035003066062927246
Peace,0.0,0.0,-0.017135918140411377,-0.04052090644836426,-0.010867536067962646,-0.08847510814666748,0.021695077419281006,-0.09285086393356323,0.049269795417785645,-0.0840827226638794,0.02060931921005249,-0.14281940460205078,0.027386188507080078,-0.19893622398376465,0.03236186504364014,-0.23298585414886475,0.038589298725128174,-0.26179832220077515,0.04659384489059448,-0.12678027153015137,0.07846546173095703,-0.17694604396820068,0.0983845591545105,-0.20799744129180908,0.11572885513305664,-0.231350839138031,0.06092351675033569,-0.09756100177764893,0.08166384696960449,-0.12353575229644775,0.06020098924636841,-0.10464906692504883,0.044976651668548584,-0.08599811792373657,0.06789600849151611,-0.06252765655517578,0.06501203775405884,-0.07162368297576904,0.04356873035430908,-0.056472599506378174,0.029716432094573975,-0.04144430160522461
Peace,0.0,0.0,-0.019816696643829346,-0.03678637742996216,-0.01672607660293579,-0.08600753545761108,0.015746593475341797,-0.09821450710296631,0.044203221797943115,-0.0947263240814209,0.00729292631149292,-0.14633309841156006,0.009750664234161377,-0.2029944658279419,0.012653112411499023,-0.23699653148651123,0.01681607961654663,-0.2664865553379059,0.03408938646316528,-0.1339043378829956,0.061417579650878906,-0.18891459703445435,0.07919579744338989,-0.22250062227249146,0.09440863132476807,-0.2494257688522339,0.05049198865890503,-0.10710084438323975,0.07058483362197876,-0.1333242654800415,0.05064111948013306,-0.10857254266738892,0.036205947399139404,-0.0877387523651123,0.05972522497177124,-0.0733788013458252,0.061577677726745605,-0.07902812957763672,0.042715489864349365,-0.05841827392578125,0.030280768871307373,-0.04163384437561035
Peace,0.0,0.0,-0.022379755973815918,-0.03762024641036987,-0.0237276554107666,-0.08834695816040039,0.009127378463745117,-0.10445147752761841,0.03932929039001465,-0.10196924209594727,-0.00032597780227661133,-0.1525917649269104,-1.0728836059570312e-05,-0.20982980728149414,0.001884162425994873,-0.2453712522983551,0.004842877388000488,-0.2758941650390625,0.02774834632873535,-0.1411159634590149,0.05262255668640137,-0.19878828525543213,0.06915533542633057,-0.23378276824951172,0.08395814895629883,-0.2623867392539978,0.04584622383117676,-0.11370855569839478,0.06464910507202148,-0.14141583442687988,0.043381333351135254,-0.11361372470855713,0.028304219245910645,-0.09165483713150024,0.0568963885307312,-0.0783739686012268,0.06021237373352051,-0.08929389715194702,0.04154843091964722,-0.0701943039894104,0.028790533542633057,-0.05514323711395264
Peace,0.0,0.0,-0.020286500453948975,-0.04070162773132324,-0.01684623956680298,-0.09367400407791138,0.01953047513961792,-0.10833501815795898,0.049876272678375244,-0.10722136497497559,0.0027274489402770996,-0.16030025482177734,0.004774332046508789,-0.21849560737609863,0.007281005382537842,-0.2551723122596741,0.010804533958435059,-0.2861276865005493,0.03188979625701904,-0.14707738161087036,0.060814082622528076,-0.2038596272468567,0.07931405305862427,-0.24063605070114136,0.09607982635498047,-0.26935529708862305,0.05023914575576782,-0.11790210008621216,0.07277756929397583,-0.14564621448516846,0.050225913524627686,-0.1220846176147461,0.0344507098197937,-0.10206282138824463,0.061212122440338135,-0.08169108629226685,0.0626944899559021,-0.09299290180206299,0.04323256015777588,-0.07573401927947998,0.030956506729125977,-0.061351120471954346
Peace,0.0,0.0,-0.022298753261566162,-0.03768503665924072,-0.022719264030456543,-0.0936269760131836,0.011479377746582031,-0.11491268873214722,0.0423700213432312,-0.11670780181884766,-0.008763372898101807,-0.1609707474708557,-0.012083590030670166,-0.22103232145309448,-0.01257401704788208,-0.257618248462677,-0.011378765106201172,-0.2886938154697418,0.020760297775268555,-0.15164142847061157,0.043826162815093994,-0.21358811855316162,0.05929136276245117,-0.25249963998794556,0.07276016473770142,-0.2815781831741333,0.04075753688812256,-0.1255444884300232,0.06255483627319336,-0.1610230803489685,0.046311378479003906,-0.13750672340393066,0.034275054931640625,-0.1145971417427063,0.053816914558410645,-0.09147757291793823,0.05567091703414917,-0.10068047046661377,0.03883880376815796,-0.07642698287963867,0.028199076652526855,-0.054454267024993896
Peace,0.0,0.0,-0.023342788219451904,-0.03819835186004639,-0.02497035264968872,-0.09589946269989014,0.00821012258529663,-0.12096714973449707,0.03898954391479492,-0.1236768364906311,-0.013299882411956787,-0.16385585069656372,-0.018902182579040527,-0.22438091039657593,-0.0211564302444458,-0.2620031237602234,-0.02215331792831421,-0.29461807012557983,0.017201125621795654,-0.15765607357025146,0.03847026824951172,-0.22246092557907104,0.05307883024215698,-0.2634744644165039,0.06517302989959717,-0.29444003105163574,0.03871279954910278,-0.1330896019935608,0.0600166916847229,-0.17082327604293823,0.04713374376296997,-0.14679235219955444,0.03708004951477051,-0.12318307161331177,0.05398905277252197,-0.09959948062896729,0.056570231914520264,-0.10709905624389648,0.04108607769012451,-0.08194345235824585,0.030918002128601074,-0.059473395347595215
Peace,0.0,0.0,-0.02520531415939331,-0.03736567497253418,-0.02817380428314209,-0.09716886281967163,0.007073581218719482,-0.12302291393280029,0.039432644844055176,-0.12911289930343628,-0.013046979904174805,-0.1699146032333374,-0.019592106342315674,-0.2321268916130066,-0.022050201892852783,-0.27059656381607056,-0.022381603717803955,-0.3039177656173706,0.018564224243164062,-0.1631043553352356,0.03948730230331421,-0.2322326898574829,0.054119110107421875,-0.27421385049819946,0.06737864017486572,-0.3064115047454834,0.04082292318344116,-0.13768255710601807,0.061313629150390625,-0.17738193273544312,0.04572540521621704,-0.1501537561416626,0.03493976593017578,-0.12533873319625854,0.05610460042953491,-0.10317182540893555,0.05561792850494385,-0.1115795373916626,0.03801071643829346,-0.08179819583892822,0.027777552604675293,-0.05655187368392944
Peace,0.0,0.0,-0.02672410011291504,-0.03702884912490845,-0.031372129917144775,-0.096565842628479,0.001687467098236084,-0.12345457077026367,0.034025490283966064,-0.13145571947097778,-0.013925790786743164,-0.1753559708595276,-0.020781099796295166,-0.2404557466506958,-0.023256123065948486,-0.28028661012649536,-0.023173868656158447,-0.31529927253723145,0.01925581693649292,-0.1691303253173828,0.040690064430236816,-0.24070149660110474,0.056383728981018066,-0.2831539213657379,0.06991791725158691,-0.3151734471321106,0.042513132095336914,-0.14353185892105103,0.06352633237838745,-0.18502932786941528,0.04893052577972412,-0.15571194887161255,0.03812295198440552,-0.1282249093055725,0.05845797061920166,-0.10812878608703613,0.059361934661865234,-0.11494201421737671,0.04197269678115845,-0.08209794759750366,0.03127104043960571,-0.05364823341369629
Peace,0.0,0.0,-0.02793782949447632,-0.03795266151428223,-0.03416961431503296,-0.1009560227394104,0.00037425756454467773,-0.1283136010169983,0.034388959407806396,-0.13486641645431519,-0.013661742210388184,-0.18420088291168213,-0.021815836429595947,-0.25115537643432617,-0.02477961778640747,-0.29245275259017944,-0.02495598793029785,-0.3289293646812439,0.020982861518859863,-0.17725414037704468,0.0428394079208374,-0.2510296106338501,0.059059083461761475,-0.29504114389419556,0.07338976860046387,-0.32891643047332764,0.045214295387268066,-0.15000665187835693,0.06541961431503296,-0.1932578682899475,0.0482601523399353,-0.1628907322883606,0.035866618156433105,-0.13527417182922363,0.06186568737030029,-0.11237239837646484,0.06113600730895996,-0.11955142021179199,0.04192817211151123,-0.08534163236618042,0.030666589736938477,-0.056299686431884766
Peace,0.0,0.0,-0.028541266918182373,-0.039172351360321045,-0.034372568130493164,-0.1012161374092102,0.0006891489028930664,-0.12936657667160034,0.0350763201713562,-0.138294517993927,-0.014432847499847412,-0.18778252601623535,-0.022046148777008057,-0.2556836009025574,-0.024893879890441895,-0.2982832193374634,-0.02542322874069214,-0.3355015516281128,0.0213891863822937,-0.17994803190231323,0.04506605863571167,-0.2551150918006897,0.06165224313735962,-0.3003469407558441,0.07606780529022217,-0.3361547887325287,0.04637420177459717,-0.15111500024795532,0.06696528196334839,-0.1912204623222351,0.04702877998352051,-0.15591007471084595,0.032921671867370605,-0.1269509196281433,0.06333202123641968,-0.11218822002410889,0.06374543905258179,-0.12055826187133789,0.043566107749938965,-0.08860355615615845,0.03135025501251221,-0.06343042850494385
Peace,0.0,0.0,-0.031075716018676758,-0.040273845195770264,-0.03897517919540405,-0.10307037830352783,-0.00268632173538208,-0.13086330890655518,0.03399538993835449,-0.13792383670806885,-0.018349051475524902,-0.19577080011367798,-0.02664005756378174,-0.2645094394683838,-0.030325651168823242,-0.30848169326782227,-0.03147327899932861,-0.34669625759124756,0.019579946994781494,-0.18851852416992188,0.043234050273895264,-0.2644927501678467,0.060046494007110596,-0.3115272521972656,0.07530826330184937,-0.3503178060054779,0.046273231506347656,-0.15851575136184692,0.0672597885131836,-0.19567686319351196,0.0452921986579895,-0.15627622604370117,0.029870688915252686,-0.12594109773635864,0.06469440460205078,-0.11750757694244385,0.06496691703796387,-0.1242830753326416,0.04433709383010864,-0.09382295608520508,0.0318031907081604,-0.07157003879547119
Peace,0.0,0.0,-0.03301119804382324,-0.041923344135284424,-0.04359179735183716,-0.10605263710021973,-0.0046575069427490234,-0.13043898344039917,0.03486818075180054,-0.1355087161064148,-0.018934965133666992,-0.2016892433166504,-0.02912086248397827,-0.27350014448165894,-0.03395366668701172,-0.31971603631973267,-0.034722208976745605,-0.36105847358703613,0.0211184024810791,-0.195603609085083,0.04309302568435669,-0.2726501226425171,0.05927550792694092,-0.32180094718933105,0.07534277439117432,-0.3643231689929962,0.049305856227874756,-0.16457659006118774,0.07095515727996826,-0.20336204767227173,0.04665440320968628,-0.15941941738128662,0.02960038185119629,-0.125419020652771,0.06926727294921875,-0.12113350629806519,0.0696859359741211,-0.12903690338134766,0.046991050243377686,-0.09938639402389526,0.03209996223449707,-0.0775262713432312
Peace,0.0,0.0,-0.033226191997528076,-0.03794980049133301,-0.04436814785003662,-0.10079342126846313,-0.0035914182662963867,-0.12215214967727661,0.039146363735198975,-0.12622201442718506,-0.021222412586212158,-0.20085394382476807,-0.03209120035171509,-0.2743980288505554,-0.037749290466308594,-0.3214421272277832,-0.03916281461715698,-0.36378782987594604,0.019764482975006104,-0.19590342044830322,0.04176449775695801,-0.27508223056793213,0.05902659893035889,-0.3245220184326172,0.07534295320510864,-0.36645516753196716,0.04826861619949341,-0.16497617959976196,0.07000106573104858,-0.203327476978302,0.047441959381103516,-0.15731710195541382,0.030867397785186768,-0.1212415099143982,0.06834906339645386,-0.1211327314376831,0.07135248184204102,-0.12343472242355347,0.04867178201675415,-0.08679777383804321,0.032481372356414795,-0.0595666766166687
Peace,0.0,0.0,-0.03432762622833252,-0.04040324687957764,-0.04510319232940674,-0.10389280319213867,-0.00409245491027832,-0.12919914722442627,0.03700786828994751,-0.1368570327758789,-0.02314603328704834,-0.20413708686828613,-0.03505057096481323,-0.2800467014312744,-0.04072850942611694,-0.32785648107528687,-0.04227423667907715,-0.371362566947937,0.018523454666137695,-0.19971829652786255,0.039912283420562744,-0.28211063146591187,0.05705606937408447,-0.33381175994873047,0.07300060987472534,-0.3794659972190857,0.04793602228164673,-0.1693962812423706,0.07108134031295776,-0.20874130725860596,0.04845738410949707,-0.16018366813659668,0.030898690223693848,-0.12294870615005493,0.06950730085372925,-0.12577277421951294,0.07536548376083374,-0.12928730249404907,0.05282437801361084,-0.0921255350112915,0.03571128845214844,-0.06468260288238525
Peace,0.0,0.0,-0.03640860319137573,-0.03784048557281494,-0.051711440086364746,-0.10303008556365967,-0.012244701385498047,-0.1297486424446106,0.029686689376831055,-0.13714367151260376,-0.028941631317138672,-0.2025706171989441,-0.044470012187957764,-0.2794110178947449,-0.052230119705200195,-0.32713478803634644,-0.05554765462875366,-0.37075942754745483,0.01164388656616211,-0.19996434450149536,0.0311812162399292,-0.2855563759803772,0.0473858118057251,-0.33750224113464355,0.06268876791000366,-0.38178426027297974,0.04128652811050415,-0.17244446277618408,0.06029480695724487,-0.2120707631111145,0.04115945100784302,-0.165230393409729,0.027433276176452637,-0.12729746103286743,0.0638580322265625,-0.13239234685897827,0.0671033263206482,-0.13359194993972778,0.047608792781829834,-0.0918283462524414,0.03510153293609619,-0.0587039589881897
Peace,0.0,0.0,-0.038515686988830566,-0.03628009557723999,-0.05848664045333862,-0.1060379147529602,-0.021895527839660645,-0.1340869665145874,0.018675267696380615,-0.14348572492599487,-0.03334695100784302,-0.20768976211547852,-0.05342334508895874,-0.28484249114990234,-0.06352066993713379,-0.33173197507858276,-0.06867361068725586,-0.3749951124191284,0.00788503885269165,-0.2071852684020996,0.024427413940429688,-0.29494935274124146,0.037470877170562744,-0.3463156819343567,0.050842106342315674,-0.3893600106239319,0.0389636754989624,-0.1820506453514099,0.04934042692184448,-0.22064685821533203,0.028060078620910645,-0.17538964748382568,0.01550835371017456,-0.13878905773162842,0.0627213716506958,-0.14469003677368164,0.054936766624450684,-0.1406673789024353,0.03466314077377319,-0.09683161973953247,0.025133848190307617,-0.06342047452926636
Peace,0.0,0.0,-0.040489792823791504,-0.030206501483917236,-0.068104088306427,-0.09935355186462402,-0.03497868776321411,-0.12956011295318604,0.005082547664642334,-0.1422814130783081,-0.0407261848449707,-0.2056371569633484,-0.06370240449905396,-0.28256046772003174,-0.07701659202575684,-0.327240526676178,-0.08463984727859497,-0.37003523111343384,0.0012097358703613281,-0.20816171169281006,0.01333606243133545,-0.29833555221557617,0.022975623607635498,-0.3489431142807007,0.03411829471588135,-0.39367830753326416,0.034020185470581055,-0.18696612119674683,0.03814899921417236,-0.22289472818374634,0.018090009689331055,-0.1725810170173645,0.007813692092895508,-0.13404101133346558,0.05943244695663452,-0.15318870544433594,0.04572981595993042,-0.14093780517578125,0.02558237314224243,-0.09082251787185669,0.017526328563690186,-0.05493134260177612
Peace,0.0,0.0,-0.04112744331359863,-0.03299027681350708,-0.07079899311065674,-0.10003894567489624,-0.04093676805496216,-0.12910431623458862,-0.0009096264839172363,-0.1404528021812439,-0.04226803779602051,-0.2047780156135559,-0.06790268421173096,-0.28179657459259033,-0.08245974779129028,-0.3263067603111267,-0.09115660190582275,-0.3684704899787903,-0.0009177327156066895,-0.20896804332733154,0.007798612117767334,-0.3002256751060486,0.014820754528045654,-0.3515344262123108,0.024502277374267578,-0.39562293887138367,0.03220999240875244,-0.18852758407592773,0.030869483947753906,-0.2177467942237854,0.010254144668579102,-0.16706228256225586,0.0006008148193359375,-0.12818396091461182,0.058025240898132324,-0.15532684326171875,0.042948246002197266,-0.1432085633277893,0.023997008800506592,-0.09487223625183105,0.01725029945373535,-0.05962580442428589
Peace,0.0,0.0,-0.04030495882034302,-0.028033673763275146,-0.07399669289588928,-0.09032684564590454,-0.05071312189102173,-0.12355053424835205,-0.010725677013397217,-0.1387656331062317,-0.047437846660614014,-0.1990509033203125,-0.0754234790802002,-0.27520591020584106,-0.08957207202911377,-0.31848907470703125,-0.09710410237312317,-0.36031094193458557,-0.005727171897888184,-0.2053632140159607,0.001210927963256836,-0.2947792410850525,0.006861686706542969,-0.3453766703605652,0.015599310398101807,-0.3892509341239929,0.028630733489990234,-0.18781107664108276,0.02303946018218994,-0.21708399057388306,0.0031245946884155273,-0.16410720348358154,-0.004872560501098633,-0.12372082471847534,0.05606967210769653,-0.15709078311920166,0.03725695610046387,-0.1401715874671936,0.020106852054595947,-0.09133350849151611,0.016122519969940186,-0.056085169315338135
Peace,0.0,0.0,-0.03970366716384888,-0.026271939277648926,-0.07428067922592163,-0.08386248350143433,-0.05442047119140625,-0.11811995506286621,-0.016041159629821777,-0.136255145072937,-0.04952645301818848,-0.1931016445159912,-0.07856065034866333,-0.2689511775970459,-0.09424582123756409,-0.3128601908683777,-0.10296395421028137,-0.3548961877822876,-0.007940948009490967,-0.20198947191238403,-0.006558835506439209,-0.28883689641952515,-0.003612041473388672,-0.3408536911010742,0.003346383571624756,-0.38638532161712646,0.027370154857635498,-0.18621963262557983,0.01313716173171997,-0.21074116230010986,-0.006601452827453613,-0.15871065855026245,-0.014105916023254395,-0.11915266513824463,0.05606353282928467,-0.1571437120437622,0.02867943048477173,-0.13056737184524536,0.009324431419372559,-0.0821378231048584,0.0039133429527282715,-0.048018455505371094
Peace,0.0,0.0,-0.04169416427612305,-0.026290833950042725,-0.07787865400314331,-0.08348590135574341,-0.057855576276779175,-0.1149335503578186,-0.01720944046974182,-0.1302887201309204,-0.05208417773246765,-0.1918010711669922,-0.07960987091064453,-0.265177845954895,-0.0956883430480957,-0.307212769985199,-0.10559409856796265,-0.34760117530822754,-0.012420594692230225,-0.19825220108032227,-0.01025855541229248,-0.2845516800880432,-0.007116734981536865,-0.3351486325263977,-0.0003260374069213867,-0.37960630655288696,0.021704435348510742,-0.18163031339645386,0.008097589015960693,-0.20108789205551147,-0.01081937551498413,-0.14473164081573486,-0.018379390239715576,-0.10326749086380005,0.049652695655822754,-0.1519221067428589,0.024644076824188232,-0.13386386632919312,0.008141934871673584,-0.08709555864334106,0.0037546753883361816,-0.05411010980606079
Peace,0.0,0.0,-0.04168969392776489,-0.03054410219192505,-0.07324999570846558,-0.08785432577133179,-0.05277910828590393,-0.11992430686950684,-0.012507498264312744,-0.13265615701675415,-0.04448336362838745,-0.1911265254020691,-0.0730612576007843,-0.2625376582145691,-0.08952921628952026,-0.3056684732437134,-0.09943690896034241,-0.34648942947387695,-0.00689852237701416,-0.19768112897872925,-0.0048552751541137695,-0.28469133377075195,-0.00011116266250610352,-0.3361104726791382,0.008842945098876953,-0.3791666030883789,0.025783777236938477,-0.18089675903320312,0.015304505825042725,-0.20791113376617432,-0.005370974540710449,-0.15214622020721436,-0.014188289642333984,-0.10739731788635254,0.05267614126205444,-0.15139716863632202,0.028011202812194824,-0.13847297430038452,0.009244382381439209,-0.09415340423583984,0.00290602445602417,-0.06012839078903198
Peace,0.0,0.0,-0.040451645851135254,-0.028429388999938965,-0.07115978002548218,-0.0875583291053772,-0.04801243543624878,-0.12225490808486938,-0.009274721145629883,-0.13541817665100098,-0.04400569200515747,-0.1909213662147522,-0.07075932621955872,-0.26397210359573364,-0.08465823531150818,-0.30761003494262695,-0.09264954924583435,-0.3488190472126007,-0.004652261734008789,-0.19562751054763794,0.0004336237907409668,-0.28126078844070435,0.00644838809967041,-0.3304007053375244,0.015565931797027588,-0.3713332414627075,0.028228402137756348,-0.17682349681854248,0.023865997791290283,-0.20455902814865112,0.0035990476608276367,-0.14851218461990356,-0.005430757999420166,-0.10374236106872559,0.05506223440170288,-0.14544349908828735,0.037802815437316895,-0.13636046648025513,0.018640995025634766,-0.09121978282928467,0.01124805212020874,-0.05615347623825073
Peace,0.0,0.0,-0.03909677267074585,-0.03287792205810547,-0.06427180767059326,-0.09838730096817017,-0.032792747020721436,-0.1281793713569641,0.00633847713470459,-0.1377059817314148,-0.03569912910461426,-0.1932106614112854,-0.05786573886871338,-0.2620406746864319,-0.07045173645019531,-0.30422717332839966,-0.07874059677124023,-0.34394800662994385,0.0021830201148986816,-0.19504320621490479,0.011451542377471924,-0.27897483110427856,0.019792914390563965,-0.3270050287246704,0.029837489128112793,-0.36727285385131836,0.033006489276885986,-0.17455190420150757,0.036087870597839355,-0.20018213987350464,0.01534813642501831,-0.14505183696746826,0.004061520099639893,-0.10308855772018433,0.05776500701904297,-0.14227741956710815,0.04771900177001953,-0.13756978511810303,0.028476834297180176,-0.0921977162361145,0.019315600395202637,-0.058166444301605225
Peace,0.0,0.0,-0.0362316370010376,-0.03332924842834473,-0.05309867858886719,-0.09539604187011719,-0.016476929187774658,-0.12455767393112183,0.022108793258666992,-0.1327756643295288,-0.030460119247436523,-0.1850934624671936,-0.047234177589416504,-0.2534688115119934,-0.05657416582107544,-0.29461026191711426,-0.06260907649993896,-0.332314670085907,0.006894230842590332,-0.18410569429397583,0.0207979679107666,-0.26592665910720825,0.03080427646636963,-0.3120965361595154,0.04068785905838013,-0.3500092029571533,0.03561049699783325,-0.16020530462265015,0.047389090061187744,-0.20060604810714722,0.025793373584747314,-0.15617883205413818,0.01180952787399292,-0.11955082416534424,0.05786198377609253,-0.12464642524719238,0.05391281843185425,-0.12922459840774536,0.03454768657684326,-0.0897255539894104,0.023603439331054688,-0.05789685249328613
Peace,0.0,0.0,-0.03331094980239868,-0.03324466943740845,-0.050073981285095215,-0.09051251411437988,-0.02253788709640503,-0.11537295579910278,0.011518597602844238,-0.12066876888275146,-0.0267488956451416,-0.1756923794746399,-0.042015254497528076,-0.2407265305519104,-0.04968494176864624,-0.2802615761756897,-0.05332273244857788,-0.3162493109703064,0.007996678352355957,-0.1722581386566162,0.022086381912231445,-0.2479701042175293,0.031460344791412354,-0.29284536838531494,0.04149460792541504,-0.3304336965084076,0.03495067358016968,-0.14810556173324585,0.047457098960876465,-0.18838536739349365,0.02474576234817505,-0.14143705368041992,0.010289788246154785,-0.10341370105743408,0.05585139989852905,-0.11301857233047485,0.05219852924346924,-0.12285780906677246,0.03384435176849365,-0.08500850200653076,0.024560213088989258,-0.05445230007171631
Peace,0.0,0.0,-0.03092169761657715,-0.03507190942764282,-0.04186743497848511,-0.09116971492767334,-0.0132407546043396,-0.115489661693573,0.018330752849578857,-0.12044137716293335,-0.0213625431060791,-0.16766226291656494,-0.033279359340667725,-0.22791874408721924,-0.03976178169250488,-0.26580095291137695,-0.043220341205596924,-0.2994864284992218,0.010585248470306396,-0.16203582286834717,0.025933146476745605,-0.23212873935699463,0.03493332862854004,-0.27424752712249756,0.04477739334106445,-0.30990827083587646,0.034718871116638184,-0.13668054342269897,0.04851043224334717,-0.17488253116607666,0.025585055351257324,-0.13275086879730225,0.011419415473937988,-0.1003531813621521,0.05229133367538452,-0.10148561000823975,0.04987335205078125,-0.11749941110610962,0.0317535400390625,-0.0872545838356018,0.02217203378677368,-0.06373858451843262
Peace,0.0,0.0,-0.02969437837600708,-0.03431981801986694,-0.039112746715545654,-0.0871778130531311,-0.012242674827575684,-0.10983729362487793,0.016545891761779785,-0.11550867557525635,-0.019425511360168457,-0.15664750337600708,-0.03139311075210571,-0.21340060234069824,-0.037351250648498535,-0.2492247223854065,-0.03999495506286621,-0.2807725667953491,0.010072171688079834,-0.15132015943527222,0.02478814125061035,-0.21753710508346558,0.03383481502532959,-0.25775861740112305,0.04350048303604126,-0.2898802161216736,0.032371580600738525,-0.12812155485153198,0.04466426372528076,-0.1666196584701538,0.024172663688659668,-0.13031834363937378,0.011413633823394775,-0.09975588321685791,0.048892080783843994,-0.09583878517150879,0.04667961597442627,-0.1123703122138977,0.030316531658172607,-0.08225798606872559,0.02183467149734497,-0.05650275945663452
Peace,0.0,0.0,-0.028413832187652588,-0.030733048915863037,-0.03801602125167847,-0.08183354139328003,-0.01011967658996582,-0.10684168338775635,0.018277764320373535,-0.11511391401290894,-0.018681704998016357,-0.1455203890800476,-0.031073331832885742,-0.19916218519210815,-0.03731602430343628,-0.2327136993408203,-0.040203630924224854,-0.26239001750946045,0.009547531604766846,-0.14158082008361816,0.021428167819976807,-0.20460742712020874,0.028632044792175293,-0.2425076961517334,0.036860764026641846,-0.27327924966812134,0.0308760404586792,-0.12090212106704712,0.039839327335357666,-0.157315194606781,0.02163475751876831,-0.12423157691955566,0.010812878608703613,-0.09645259380340576,0.046793580055236816,-0.09183979034423828,0.041873812675476074,-0.10545390844345093,0.025982558727264404,-0.07704675197601318,0.018126845359802246,-0.05301833152770996
Peace,0.0,0.0,-0.027432382106781006,-0.029459714889526367,-0.038655877113342285,-0.07753074169158936,-0.015170872211456299,-0.1020849347114563,0.011317551136016846,-0.11003667116165161,-0.018959999084472656,-0.14235204458236694,-0.03096306324005127,-0.19366377592086792,-0.03729349374771118,-0.22636127471923828,-0.04066014289855957,-0.2553136944770813,0.008420884609222412,-0.13864034414291382,0.020396292209625244,-0.20017385482788086,0.027444958686828613,-0.23711591958999634,0.034866273403167725,-0.26663434505462646,0.029826879501342773,-0.118816077709198,0.03803938627243042,-0.15233749151229858,0.019416868686676025,-0.11832398176193237,0.007558941841125488,-0.09013348817825317,0.04646611213684082,-0.09043878316879272,0.04294806718826294,-0.10505592823028564,0.027471303939819336,-0.0762777328491211,0.018847107887268066,-0.051706910133361816
Peace,0.0,0.0,-0.02663099765777588,-0.027309417724609375,-0.039424777030944824,-0.07296109199523926,-0.01785576343536377,-0.09488260746002197,0.007150590419769287,-0.10158318281173706,-0.01880049705505371,-0.1374431848526001,-0.031292855739593506,-0.18625026941299438,-0.03746378421783447,-0.2167375683784485,-0.04016256332397461,-0.2442360520362854,0.008141160011291504,-0.13414615392684937,0.01879352331161499,-0.192330002784729,0.02519524097442627,-0.2274344563484192,0.03311264514923096,-0.25647085905075073,0.029310226440429688,-0.11565262079238892,0.033946990966796875,-0.14378070831298828,0.015554606914520264,-0.11046785116195679,0.005021572113037109,-0.0832166075706482,0.04556739330291748,-0.08932226896286011,0.037726759910583496,-0.09922689199447632,0.022435486316680908,-0.07236534357070923,0.015306055545806885,-0.049896419048309326
Peace,0.0,0.0,-0.025975823402404785,-0.026831328868865967,-0.03866380453109741,-0.07143145799636841,-0.017772674560546875,-0.09271365404129028,0.00648343563079834,-0.09877568483352661,-0.018738150596618652,-0.130989670753479,-0.031921207904815674,-0.17733407020568848,-0.038950324058532715,-0.20614033937454224,-0.04275280237197876,-0.23153382539749146,0.006846308708190918,-0.12847596406936646,0.015537083148956299,-0.18536454439163208,0.02049851417541504,-0.21981048583984375,0.026911020278930664,-0.24765241146087646,0.02733612060546875,-0.1107797622680664,0.031241893768310547,-0.13972783088684082,0.014630734920501709,-0.1097867488861084,0.004829287528991699,-0.08480292558670044,0.043324053287506104,-0.08518534898757935,0.03604787588119507,-0.09714090824127197,0.02157759666442871,-0.07221841812133789,0.014399170875549316,-0.05076038837432861
Peace,0.0,0.0,0.02896904945373535,-0.036107003688812256,0.03726834058761597,-0.08853960037231445,0.010782003402709961,-0.1100359559059143,-0.02042451500892639,-0.11452710628509521,0.0217534601688385,-0.16213315725326538,0.02897101640701294,-0.2274218201637268,0.03349468111991882,-0.2676464915275574,0.03575828671455383,-0.3030253052711487,-0.01009419560432434,-0.15996837615966797,-0.01681557297706604,-0.23038309812545776,-0.02035483717918396,-0.27157026529312134,-0.02432626485824585,-0.3067089915275574,-0.03443336486816406,-0.1395213007926941,-0.05256986618041992,-0.1842063069343567,-0.038205355405807495,-0.14559823274612427,-0.025665760040283203,-0.11274957656860352,-0.05275458097457886,-0.10490679740905762,-0.06401348114013672,-0.12736207246780396,-0.047091901302337646,-0.10042643547058105,-0.031650543212890625,-0.07500350475311279
Peace,0.0,0.0,0.03136441111564636,-0.03482085466384888,0.04177197813987732,-0.08713716268539429,0.01598528027534485,-0.1117696762084961,-0.014827489852905273,-0.11879301071166992,0.02586492896080017,-0.16418689489364624,0.0339566171169281,-0.2288963794708252,0.037265270948410034,-0.2704789638519287,0.03776592016220093,-0.30567651987075806,-0.005538523197174072,-0.16215312480926514,-0.01103442907333374,-0.23269397020339966,-0.01566740870475769,-0.27627265453338623,-0.01994994282722473,-0.31332260370254517,-0.029720842838287354,-0.14169597625732422,-0.04528552293777466,-0.18528443574905396,-0.03356015682220459,-0.1513000726699829,-0.02229785919189453,-0.1213827133178711,-0.04816246032714844,-0.10778707265853882,-0.05744102597236633,-0.12743639945983887,-0.04155239462852478,-0.10243529081344604,-0.02637922763824463,-0.07825678586959839
Peace,0.0,0.0,0.031238794326782227,-0.030889451503753662,0.04420346021652222,-0.07997024059295654,0.021493971347808838,-0.10650908946990967,-0.010079056024551392,-0.11561673879623413,0.0278184711933136,-0.16227585077285767,0.03474429249763489,-0.22715818881988525,0.03793492913246155,-0.26867955923080444,0.0384829044342041,-0.3048802614212036,-0.0038990378379821777,-0.1613343358039856,-0.009065777063369751,-0.23339593410491943,-0.01284673810005188,-0.27707552909851074,-0.015864580869674683,-0.3135186433792114,-0.0287206768989563,-0.14137780666351318,-0.04150736331939697,-0.18477404117584229,-0.03232771158218384,-0.15609526634216309,-0.023624718189239502,-0.12958365678787231,-0.048305630683898926,-0.10835146903991699,-0.055073052644729614,-0.12911367416381836,-0.040407150983810425,-0.10431551933288574,-0.026867806911468506,-0.07868647575378418
Peace,0.0,0.0,0.03260388970375061,-0.029439687728881836,0.04754173755645752,-0.07723140716552734,0.026674747467041016,-0.10581547021865845,-0.002134263515472412,-0.11894649267196655,0.030760467052459717,-0.16120225191116333,0.039928823709487915,-0.22640377283096313,0.04344850778579712,-0.2670785188674927,0.04496738314628601,-0.30342400074005127,-0.0008630454540252686,-0.16192561388015747,-0.005466163158416748,-0.233393132686615,-0.008687347173690796,-0.2763574719429016,-0.011961102485656738,-0.3130694627761841,-0.027107566595077515,-0.14226651191711426,-0.03738400340080261,-0.1897052526473999,-0.023529648780822754,-0.14943212270736694,-0.011978387832641602,-0.11612802743911743,-0.04805266857147217,-0.10851001739501953,-0.05126771330833435,-0.13028931617736816,-0.033647507429122925,-0.10358536243438721,-0.0191270112991333,-0.07840454578399658
Peace,0.0,0.0,0.033067792654037476,-0.030843138694763184,0.04755333065986633,-0.07833820581436157,0.030454516410827637,-0.10473859310150146,0.005809366703033447,-0.11896246671676636,0.030374109745025635,-0.1592773199081421,0.04151657223701477,-0.22251653671264648,0.04644837975502014,-0.26177024841308594,0.048465579748153687,-0.2968910336494446,0.0007642507553100586,-0.158899188041687,-6.723403930664062e-05,-0.2295404076576233,0.0012971758842468262,-0.271719753742218,0.0007554590702056885,-0.3080049753189087,-0.024942547082901,-0.13926470279693604,-0.03001391887664795,-0.18391090631484985,-0.013583958148956299,-0.1442786455154419,-0.0027679800987243652,-0.11055594682693481,-0.04593268036842346,-0.10552221536636353,-0.043353140354156494,-0.1305307149887085,-0.02590996026992798,-0.10456985235214233,-0.014601796865463257,-0.07864713668823242
Peace,0.0,0.0,0.03330421447753906,-0.028428077697753906,0.05029428005218506,-0.07518815994262695,0.03534930944442749,-0.1020669937133789,0.009945869445800781,-0.11274933815002441,0.03282815217971802,-0.1558765172958374,0.046092212200164795,-0.21764343976974487,0.05326575040817261,-0.25525927543640137,0.057356417179107666,-0.2887415885925293,0.004022002220153809,-0.15697109699249268,0.003797203302383423,-0.22682404518127441,0.007575809955596924,-0.266925573348999,0.009899318218231201,-0.30057477951049805,-0.02088141441345215,-0.13922148942947388,-0.022688716650009155,-0.1818869709968567,-0.007465362548828125,-0.15048819780349731,0.0018491744995117188,-0.12071937322616577,-0.04090651869773865,-0.10803449153900146,-0.03603354096412659,-0.1266944408416748,-0.01967182755470276,-0.10566985607147217,-0.009192109107971191,-0.08331680297851562
Peace,0.0,0.0,0.032544344663619995,-0.03100764751434326,0.0501236617565155,-0.07861065864562988,0.03428265452384949,-0.1064373254776001,0.009823888540267944,-0.11762940883636475,0.03330078721046448,-0.15337085723876953,0.04619833827018738,-0.21505457162857056,0.05300334095954895,-0.2521611452102661,0.057622164487838745,-0.28530341386795044,0.004936516284942627,-0.15507757663726807,0.006357938051223755,-0.22515130043029785,0.011441230773925781,-0.2657923698425293,0.015586644411087036,-0.2999846339225769,-0.02024981379508972,-0.138433039188385,-0.021360069513320923,-0.18339848518371582,-0.00669059157371521,-0.1463221311569214,0.0025835931301116943,-0.11326229572296143,-0.04107436537742615,-0.10856908559799194,-0.03718319535255432,-0.1297914981842041,-0.02186676859855652,-0.10826492309570312,-0.012271314859390259,-0.08681339025497437
Peace,0.0,0.0,0.03242677450180054,-0.031215906143188477,0.04840898513793945,-0.07888925075531006,0.026691079139709473,-0.10837101936340332,4.00543212890625e-05,-0.12366735935211182,0.03295794129371643,-0.1513804793357849,0.049194157123565674,-0.21322780847549438,0.05675077438354492,-0.2515758275985718,0.0610504150390625,-0.285372257232666,0.004222512245178223,-0.1519438624382019,0.005915582180023193,-0.22369927167892456,0.007053494453430176,-0.2659915089607239,0.006660401821136475,-0.3002902865409851,-0.020249873399734497,-0.1353728175163269,-0.02470734715461731,-0.17954283952713013,-0.013017714023590088,-0.15201205015182495,-0.005994677543640137,-0.12410235404968262,-0.040768712759017944,-0.10686355829238892,-0.0359589159488678,-0.13073402643203735,-0.02051404118537903,-0.10923033952713013,-0.010830581188201904,-0.08589929342269897
Peace,0.0,0.0,0.030436277389526367,-0.03092414140701294,0.04540213942527771,-0.08038961887359619,0.024423062801361084,-0.11167508363723755,-0.004045754671096802,-0.12488257884979248,0.03191283345222473,-0.1530017852783203,0.04181969165802002,-0.21395909786224365,0.04714369773864746,-0.25066572427749634,0.049704939126968384,-0.28216391801834106,0.0037936270236968994,-0.15287011861801147,-0.000615924596786499,-0.2237665057182312,-4.7832727432250977e-05,-0.2651413679122925,0.00040206313133239746,-0.2972748279571533,-0.019645601511001587,-0.1361718773841858,-0.02436596155166626,-0.16813009977340698,-0.014116764068603516,-0.14029955863952637,-0.007897824048995972,-0.11544400453567505,-0.03877410292625427,-0.11022764444351196,-0.03630337119102478,-0.12481111288070679,-0.022239357233047485,-0.1015554666519165,-0.012763947248458862,-0.07910096645355225
Peace,0.0,0.0,0.026029318571090698,-0.035981595516204834,0.034838199615478516,-0.09257197380065918,0.010584056377410889,-0.12154066562652588,-0.020187586545944214,-0.1267181634902954,0.024731069803237915,-0.16463500261306763,0.03514149785041809,-0.227131187915802,0.03915241360664368,-0.26519131660461426,0.04094451665878296,-0.2978084087371826,-0.007919073104858398,-0.16407746076583862,-0.01454952359199524,-0.23563271760940552,-0.017326921224594116,-0.27674663066864014,-0.018283963203430176,-0.30860286951065063,-0.033113688230514526,-0.1451808214187622,-0.0579361617565155,-0.20191282033920288,-0.06493055820465088,-0.233576238155365,-0.06753405928611755,-0.25920337438583374,-0.05101850628852844,-0.11285459995269775,-0.055550068616867065,-0.13934791088104248,-0.042615532875061035,-0.11973357200622559,-0.0301438570022583,-0.09687584638595581
Peace,0.0,0.0,0.027000606060028076,-0.03826308250427246,0.032374173402786255,-0.09973281621932983,0.0019828379154205322,-0.1288139820098877,-0.03127473592758179,-0.1351204514503479,0.01998847723007202,-0.16482305526733398,0.029574334621429443,-0.22980666160583496,0.033479124307632446,-0.268200159072876,0.03508889675140381,-0.30064117908477783,-0.010194718837738037,-0.1631297469139099,-0.01836150884628296,-0.23480480909347534,-0.01979967951774597,-0.27885711193084717,-0.021686434745788574,-0.31441324949264526,-0.03356146812438965,-0.14262348413467407,-0.04717418551445007,-0.18594062328338623,-0.03148898482322693,-0.15330719947814941,-0.02041703462600708,-0.12388831377029419,-0.05056421458721161,-0.11118286848068237,-0.05449795722961426,-0.13711893558502197,-0.03904223442077637,-0.11522799730300903,-0.028228670358657837,-0.09306144714355469
Peace,0.0,0.0,0.02709193527698517,-0.04025179147720337,0.03227050602436066,-0.09937238693237305,0.00014866888523101807,-0.12936913967132568,-0.03561486303806305,-0.1376560926437378,0.01681499183177948,-0.16258752346038818,0.02131853997707367,-0.23199260234832764,0.02467237412929535,-0.27461153268814087,0.028696343302726746,-0.30855607986450195,-0.015334531664848328,-0.1589546799659729,-0.031168371438980103,-0.23155200481414795,-0.03827342391014099,-0.27442169189453125,-0.04164658486843109,-0.30533987283706665,-0.03993205726146698,-0.14050006866455078,-0.048931434750556946,-0.1647576093673706,-0.036301255226135254,-0.1308918595314026,-0.026550576090812683,-0.10354524850845337,-0.0588214248418808,-0.11489981412887573,-0.06504149734973907,-0.1325029730796814,-0.05262570083141327,-0.10902446508407593,-0.04313494265079498,-0.09025996923446655
Peace,0.0,0.0,0.020078375935554504,-0.03941303491592407,0.01975119113922119,-0.09883522987365723,-0.01945100724697113,-0.12408047914505005,-0.054656416177749634,-0.1320251226425171,0.009700357913970947,-0.1591968536376953,0.010773107409477234,-0.22861289978027344,0.012675493955612183,-0.26890838146209717,0.013620242476463318,-0.3023064136505127,-0.019656404852867126,-0.1480656862258911,-0.035764411091804504,-0.16157901287078857,-0.028332307934761047,-0.11599504947662354,-0.01855461299419403,-0.08850306272506714,-0.04368385672569275,-0.1307341456413269,-0.06363588571548462,-0.14209580421447754,-0.04892073571681976,-0.1031598448753357,-0.036483049392700195,-0.08313435316085815,-0.06243608891963959,-0.109283447265625,-0.08074712753295898,-0.12312501668930054,-0.06734779477119446,-0.09548133611679077,-0.05491726100444794,-0.07892066240310669
Peace,0.0,0.0,0.021448582410812378,-0.0392187237739563,0.01960878074169159,-0.09742319583892822,-0.022343888878822327,-0.12312066555023193,-0.05933964252471924,-0.13585180044174194,0.009365975856781006,-0.1569346785545349,0.010309293866157532,-0.22230207920074463,0.012877359986305237,-0.26388323307037354,0.015121281147003174,-0.2977892756462097,-0.021002471446990967,-0.1448562741279602,-0.03650087118148804,-0.167019784450531,-0.033149510622024536,-0.12676942348480225,-0.027287453413009644,-0.10039275884628296,-0.04442857205867767,-0.1254817247390747,-0.06419631838798523,-0.14273977279663086,-0.051665812730789185,-0.10865616798400879,-0.04067426919937134,-0.09017384052276611,-0.062005579471588135,-0.1017458438873291,-0.08204072713851929,-0.11928385496139526,-0.07001322507858276,-0.09648466110229492,-0.057118505239486694,-0.08261185884475708
Peace,0.0,0.0,0.019600987434387207,-0.04278683662414551,0.010446801781654358,-0.10220122337341309,-0.03219376504421234,-0.12997615337371826,-0.06924165785312653,-0.14570987224578857,0.006040200591087341,-0.1596924066543579,0.009998142719268799,-0.22089403867721558,0.013482362031936646,-0.2610090970993042,0.017327219247817993,-0.29475927352905273,-0.025771960616111755,-0.15076881647109985,-0.044695496559143066,-0.21624410152435303,-0.05565297603607178,-0.25530004501342773,-0.06431617587804794,-0.29107362031936646,-0.048568323254585266,-0.1279994249343872,-0.07518013566732407,-0.16047435998916626,-0.05938224494457245,-0.12291562557220459,-0.04504835605621338,-0.09780031442642212,-0.06503927707672119,-0.09596872329711914,-0.0874459445476532,-0.11909419298171997,-0.07293447107076645,-0.09286803007125854,-0.05854275822639465,-0.07432413101196289
Peace,0.0,0.0,0.01866726577281952,-0.044888973236083984,0.012660577893257141,-0.10135084390640259,-0.028689101338386536,-0.12862980365753174,-0.06449262797832489,-0.14323431253433228,0.005282282829284668,-0.15919333696365356,0.007488057017326355,-0.22280722856521606,0.00907328724861145,-0.2619655132293701,0.011509343981742859,-0.29548901319503784,-0.025687456130981445,-0.15108317136764526,-0.045279502868652344,-0.21763038635253906,-0.05866409093141556,-0.25527632236480713,-0.06895744055509567,-0.28836458921432495,-0.04819008708000183,-0.13041865825653076,-0.07594111561775208,-0.16164630651474,-0.06186578422784805,-0.12475937604904175,-0.047361359000205994,-0.09928101301193237,-0.06436601281166077,-0.1005469560623169,-0.08751580864191055,-0.12170493602752686,-0.07412697374820709,-0.09681040048599243,-0.05950096994638443,-0.07910490036010742
Peace,0.0,0.0,0.019047975540161133,-0.04271697998046875,0.014016538858413696,-0.10389399528503418,-0.028514474630355835,-0.1310814619064331,-0.06482215970754623,-0.14191997051239014,0.008087843656539917,-0.16344237327575684,0.009013369679450989,-0.22818535566329956,0.009600430727005005,-0.267885684967041,0.009438440203666687,-0.30042564868927,-0.022631734609603882,-0.15293753147125244,-0.039959296584129333,-0.17161321640014648,-0.030247703194618225,-0.12858986854553223,-0.018569156527519226,-0.10230177640914917,-0.04662752151489258,-0.13480091094970703,-0.06860920786857605,-0.14909988641738892,-0.05291871726512909,-0.11078447103500366,-0.038897931575775146,-0.08935248851776123,-0.06458453834056854,-0.11155766248703003,-0.08619342744350433,-0.1258905529975891,-0.0725105032324791,-0.10016411542892456,-0.058098092675209045,-0.08391499519348145
Peace,0.0,0.0,0.01954345405101776,-0.040307700634002686,0.017064929008483887,-0.1003921627998352,-0.022643879055976868,-0.1274591088294983,-0.05832555890083313,-0.13632571697235107,0.008339866995811462,-0.1607050895690918,0.007246389985084534,-0.22631829977035522,0.00784921646118164,-0.26550549268722534,0.009334951639175415,-0.2996324896812439,-0.02066093683242798,-0.14890199899673462,-0.034298717975616455,-0.17039906978607178,-0.028218358755111694,-0.12663626670837402,-0.01957593858242035,-0.10055625438690186,-0.04382212460041046,-0.1310245394706726,-0.06260189414024353,-0.1476852297782898,-0.04917323589324951,-0.10878628492355347,-0.037688493728637695,-0.08912849426269531,-0.060814231634140015,-0.1085284948348999,-0.08201368153095245,-0.12874823808670044,-0.07005535066127777,-0.10399079322814941,-0.058265939354896545,-0.08637213706970215
Peace,0.0,0.0,0.024327903985977173,-0.039628028869628906,0.025110453367233276,-0.1021280288696289,-0.011807501316070557,-0.1289433240890503,-0.047186315059661865,-0.13501596450805664,0.01325756311416626,-0.165777325630188,0.016415655612945557,-0.23503810167312622,0.018753409385681152,-0.2770363688468933,0.021009206771850586,-0.3106600046157837,-0.01776975393295288,-0.1602584719657898,-0.03237009048461914,-0.23024982213974,-0.03786158561706543,-0.2716461420059204,-0.04142385721206665,-0.30409467220306396,-0.04120728373527527,-0.14026975631713867,-0.05281403660774231,-0.17190122604370117,-0.03881274163722992,-0.14126521348953247,-0.029043421149253845,-0.1158704161643982,-0.059372276067733765,-0.1125914454460144,-0.06615926325321198,-0.13476228713989258,-0.05249062180519104,-0.11462640762329102,-0.043000757694244385,-0.09696650505065918
Peace,0.0,0.0,0.026137709617614746,-0.03978729248046875,0.031426191329956055,-0.0974918007850647,0.0011937618255615234,-0.12534254789352417,-0.03133845329284668,-0.1338403820991516,0.01549270749092102,-0.16171860694885254,0.01928311586380005,-0.2301253080368042,0.020823389291763306,-0.26979541778564453,0.02112680673599243,-0.30319851636886597,-0.014765560626983643,-0.15922194719314575,-0.02499060332775116,-0.2308335304260254,-0.029596909880638123,-0.2734679579734802,-0.03318481147289276,-0.3057379722595215,-0.037982165813446045,-0.1397821307182312,-0.05296233296394348,-0.174701988697052,-0.04501967132091522,-0.15077656507492065,-0.038403674960136414,-0.1285509467124939,-0.05551466345787048,-0.11060047149658203,-0.06083698570728302,-0.1292099952697754,-0.0477142333984375,-0.11487668752670288,-0.03708566725254059,-0.10097002983093262
Peace,0.0,0.0,-0.012598991394042969,-0.02251380681991577,-0.02821260690689087,-0.05224335193634033,-0.044840261340141296,-0.07280176877975464,-0.059883832931518555,-0.09609019756317139,-0.0018709897994995117,-0.09142768383026123,-0.0056851208209991455,-0.1439422369003296,-0.01167362928390503,-0.18129241466522217,-0.016080349683761597,-0.21255862712860107,0.006806761026382446,-0.08420777320861816,0.006836116313934326,-0.14894795417785645,0.005168706178665161,-0.19044655561447144,0.004655808210372925,-0.22346389293670654,0.010163426399230957,-0.062090516090393066,-9.813904762268066e-05,-0.10532277822494507,-0.012228995561599731,-0.12366771697998047,-0.01893162727355957,-0.13720762729644775,0.009159058332443237,-0.031580328941345215,-0.00611424446105957,-0.040315210819244385,-0.018086791038513184,-0.03700631856918335,-0.025388628244400024,-0.034892499446868896
Peace,0.0,0.0,0.02633097767829895,-0.03615301847457886,0.031197965145111084,-0.0939481258392334,0.0038015246391296387,-0.11895185708999634,-0.027769237756729126,-0.12264221906661987,0.014632076025009155,-0.1622527837753296,0.021204233169555664,-0.22671490907669067,0.024336814880371094,-0.2644469141960144,0.025294333696365356,-0.2965460419654846,-0.01620820164680481,-0.1588590145111084,-0.025917381048202515,-0.22962111234664917,-0.0281238853931427,-0.2710326910018921,-0.03011786937713623,-0.3040633797645569,-0.039826780557632446,-0.13746130466461182,-0.05560825765132904,-0.17880356311798096,-0.043155282735824585,-0.15064775943756104,-0.03380569815635681,-0.12370455265045166,-0.056307777762413025,-0.10546398162841797,-0.061580121517181396,-0.129047691822052,-0.046294182538986206,-0.10848546028137207,-0.0349162220954895,-0.0868796706199646
Peace,0.0,0.0,0.026106536388397217,-0.036460041999816895,0.03528979420661926,-0.09569376707077026,0.009357810020446777,-0.12213802337646484,-0.022059231996536255,-0.12497872114181519,0.018544375896453857,-0.16526585817337036,0.025683313608169556,-0.22685140371322632,0.02946716547012329,-0.2644498944282532,0.030237019062042236,-0.2965207099914551,-0.012931287288665771,-0.16436678171157837,-0.019411146640777588,-0.2339845895767212,-0.02237778902053833,-0.2745218276977539,-0.024920552968978882,-0.3059319853782654,-0.03751078248023987,-0.1465485692024231,-0.05270200967788696,-0.2031874656677246,-0.05554473400115967,-0.24028772115707397,-0.05793464183807373,-0.27037328481674194,-0.055823713541030884,-0.11662167310714722,-0.05244380235671997,-0.14379346370697021,-0.0372539758682251,-0.12390655279159546,-0.025776445865631104,-0.09904009103775024
Peace,0.0,0.0,0.029047727584838867,-0.03824460506439209,0.03818988800048828,-0.09274953603744507,0.01537632942199707,-0.12306934595108032,-0.011488139629364014,-0.1286708116531372,0.022726744413375854,-0.1601097583770752,0.03240305185317993,-0.22081685066223145,0.03665727376937866,-0.2581963539123535,0.03802630305290222,-0.28924524784088135,-0.004826754331588745,-0.1579580307006836,-0.009503692388534546,-0.22545349597930908,-0.01021549105644226,-0.26558393239974976,-0.012607276439666748,-0.29736870527267456,-0.027144134044647217,-0.13799983263015747,-0.0431840717792511,-0.1759149432182312,-0.028552085161209106,-0.14730364084243774,-0.01693558692932129,-0.11942911148071289,-0.044659703969955444,-0.10655850172042847,-0.05433923006057739,-0.13507980108261108,-0.04029113054275513,-0.11428391933441162,-0.028521835803985596,-0.09000462293624878
Peace,0.0,0.0,0.029761135578155518,-0.03308439254760742,0.04016214609146118,-0.08421367406845093,0.017673909664154053,-0.11201977729797363,-0.007088989019393921,-0.12367397546768188,0.025781631469726562,-0.15495610237121582,0.03492671251296997,-0.21438974142074585,0.03959071636199951,-0.2510157823562622,0.04180070757865906,-0.28256016969680786,-0.002512693405151367,-0.15372580289840698,-0.006067782640457153,-0.22112905979156494,-0.006407827138900757,-0.25958216190338135,-0.007074713706970215,-0.2909429669380188,-0.024983584880828857,-0.13574177026748657,-0.036135703325271606,-0.17762643098831177,-0.02487361431121826,-0.15266191959381104,-0.016117990016937256,-0.1279904842376709,-0.042106956243515015,-0.10565125942230225,-0.04431396722793579,-0.12872785329818726,-0.029520034790039062,-0.10626029968261719,-0.018549740314483643,-0.08258718252182007
Peace,0.0,0.0,0.031012654304504395,-0.03168320655822754,0.044414669275283813,-0.08005630970001221,0.028188705444335938,-0.10995036363601685,0.005719989538192749,-0.12462121248245239,0.029285967350006104,-0.15144306421279907,0.0421699583530426,-0.21020179986953735,0.04770883917808533,-0.24603188037872314,0.050221651792526245,-0.27712517976760864,0.000757068395614624,-0.15071171522140503,-7.346272468566895e-05,-0.2198094129562378,0.0009111464023590088,-0.2591545581817627,0.00018447637557983398,-0.29049360752105713,-0.02347511053085327,-0.1335013508796692,-0.03113102912902832,-0.1803290843963623,-0.017034947872161865,-0.15318167209625244,-0.007881700992584229,-0.12557452917099,-0.04240250587463379,-0.10445016622543335,-0.04013681411743164,-0.1309782862663269,-0.025085926055908203,-0.10676544904708862,-0.015969961881637573,-0.08059418201446533
Peace,0.0,0.0,0.029819726943969727,-0.030056118965148926,0.04461875557899475,-0.07944190502166748,0.027892202138900757,-0.11041545867919922,0.002988755702972412,-0.12658321857452393,0.028289318084716797,-0.1509038805961609,0.041178345680236816,-0.20923560857772827,0.04736495018005371,-0.24447029829025269,0.05035725235939026,-0.27541935443878174,3.135204315185547e-05,-0.15101051330566406,-0.0008110702037811279,-0.22027242183685303,0.0006792843341827393,-0.26050370931625366,-0.0005076825618743896,-0.2937697172164917,-0.024745315313339233,-0.1341249942779541,-0.03111705183982849,-0.17964762449264526,-0.01554843783378601,-0.14654242992401123,-0.006555408239364624,-0.11744296550750732,-0.044654667377471924,-0.10578387975692749,-0.04141959547996521,-0.12918305397033691,-0.0261898934841156,-0.10447865724563599,-0.017881184816360474,-0.08078712224960327
Peace,0.0,0.0,0.028428494930267334,-0.03093487024307251,0.04141592979431152,-0.08330488204956055,0.02776619791984558,-0.11905354261398315,0.005426615476608276,-0.13715332746505737,0.02822697162628174,-0.1485731601715088,0.03972849249839783,-0.20769286155700684,0.0450422465801239,-0.2428721785545349,0.04743435978889465,-0.2734185457229614,0.0011082887649536133,-0.14930248260498047,0.0002192854881286621,-0.21527093648910522,0.0021799802780151367,-0.2538519501686096,0.00149613618850708,-0.2861226201057434,-0.022687673568725586,-0.13409137725830078,-0.030658632516860962,-0.18688684701919556,-0.016002386808395386,-0.1563103199005127,-0.0065028369426727295,-0.1267704963684082,-0.042651087045669556,-0.10844451189041138,-0.04291841387748718,-0.14055317640304565,-0.02983132004737854,-0.12402892112731934,-0.021858394145965576,-0.10450547933578491
Peace,0.0,0.0,0.029483139514923096,-0.03345257043838501,0.03882253170013428,-0.09166818857192993,0.02424335479736328,-0.13034415245056152,0.0014311373233795166,-0.1448599100112915,0.027082234621047974,-0.14364653825759888,0.03734728693962097,-0.2009548842906952,0.04263198375701904,-0.23393970727920532,0.044891357421875,-0.2628614902496338,0.0019269585609436035,-0.14687061309814453,0.0020627379417419434,-0.2119026482105255,0.0049329400062561035,-0.24951094388961792,0.004621565341949463,-0.27982890605926514,-0.02058619260787964,-0.13531452417373657,-0.029727160930633545,-0.18822789192199707,-0.013829529285430908,-0.16128337383270264,-0.003951966762542725,-0.1321396827697754,-0.04034271836280823,-0.11377793550491333,-0.04000800848007202,-0.15018564462661743,-0.02534344792366028,-0.13149112462997437,-0.016348034143447876,-0.10653507709503174
Peace,0.0,0.0,0.02883392572402954,-0.032780230045318604,0.03827705979347229,-0.0903443694114685,0.02180016040802002,-0.12795162200927734,-0.0030028223991394043,-0.13773959875106812,0.025557756423950195,-0.14027750492095947,0.03591617941856384,-0.19516724348068237,0.04113423824310303,-0.2273692488670349,0.04404205083847046,-0.2558373212814331,0.0004451274871826172,-0.14330679178237915,-0.0004457533359527588,-0.20614254474639893,0.0021703243255615234,-0.24317309260368347,0.0019915997982025146,-0.2725977599620819,-0.021668285131454468,-0.13142848014831543,-0.031180351972579956,-0.18161877989768982,-0.015404582023620605,-0.15604054927825928,-0.005707502365112305,-0.12736153602600098,-0.040899962186813354,-0.10930347442626953,-0.041447192430496216,-0.14573955535888672,-0.026713252067565918,-0.12773233652114868,-0.018091797828674316,-0.10273033380508423
Peace,0.0,0.0,0.029277175664901733,-0.03392153978347778,0.03843045234680176,-0.0932852029800415,0.021213173866271973,-0.1316353678703308,-0.0038856863975524902,-0.1401900351047516,0.025780856609344482,-0.13698941469192505,0.03623068332672119,-0.19160759449005127,0.04090327024459839,-0.22273853421211243,0.04287219047546387,-0.2500690221786499,0.0014190971851348877,-0.14048060774803162,0.0019371211528778076,-0.20225632190704346,0.004418998956680298,-0.23841741681098938,0.003735274076461792,-0.2656259536743164,-0.020269811153411865,-0.13009437918663025,-0.030054688453674316,-0.18152347207069397,-0.013877660036087036,-0.15998974442481995,-0.0034721195697784424,-0.13201594352722168,-0.03986704349517822,-0.1103166937828064,-0.04079359769821167,-0.14829117059707642,-0.02515888214111328,-0.13175556063652039,-0.014996170997619629,-0.10607010126113892
Peace,0.0,0.0,0.027491748332977295,-0.03532445430755615,0.03460723161697388,-0.09107017517089844,0.019023597240447998,-0.12749293446540833,-0.0032137036323547363,-0.140096515417099,0.02265283465385437,-0.13551384210586548,0.0330427885055542,-0.18987274169921875,0.037982285022735596,-0.22090387344360352,0.04094436764717102,-0.24822184443473816,-0.0014068782329559326,-0.13912484049797058,-0.0016750991344451904,-0.20071476697921753,0.0005317628383636475,-0.2367224395275116,0.00079306960105896,-0.26435983180999756,-0.023047536611557007,-0.12871208786964417,-0.03166460990905762,-0.18009468913078308,-0.01690921187400818,-0.15620410442352295,-0.007144808769226074,-0.12722685933113098,-0.04175505042076111,-0.10821676254272461,-0.04233348369598389,-0.1438440978527069,-0.02769303321838379,-0.1273844838142395,-0.018341511487960815,-0.10257476568222046
Peace,0.0,0.0,0.028192609548568726,-0.033907175064086914,0.03675353527069092,-0.088603675365448,0.022320717573165894,-0.12474393844604492,0.0024456381797790527,-0.13853216171264648,0.023171722888946533,-0.1451827883720398,0.03310844302177429,-0.20217162370681763,0.0383075475692749,-0.2357969582080841,0.04162311553955078,-0.26415345072746277,-0.0018701255321502686,-0.14651906490325928,-0.0037816762924194336,-0.21163731813430786,-0.0011387169361114502,-0.25008004903793335,0.00014859437942504883,-0.2798891067504883,-0.023931920528411865,-0.13310378789901733,-0.0327552855014801,-0.18465036153793335,-0.017924457788467407,-0.1612917184829712,-0.007772773504257202,-0.13296735286712646,-0.04177442193031311,-0.10912275314331055,-0.042071521282196045,-0.14386767148971558,-0.027339279651641846,-0.126867413520813,-0.018271952867507935,-0.10224360227584839
Peace,0.0,0.0,0.02773377299308777,-0.031010806560516357,0.03889697790145874,-0.08504503965377808,0.023944765329360962,-0.12301123142242432,-0.000764697790145874,-0.13698995113372803,0.02519172430038452,-0.1483554244041443,0.03433164954185486,-0.20739632844924927,0.03949621319770813,-0.2415561079978943,0.04273521900177002,-0.27248093485832214,-0.001458972692489624,-0.1494152545928955,-0.0028618574142456055,-0.21613657474517822,0.0006135106086730957,-0.2548811137676239,0.0020828545093536377,-0.28716152906417847,-0.024577289819717407,-0.1337020993232727,-0.03371751308441162,-0.1853380799293518,-0.018872082233428955,-0.15140122175216675,-0.009203493595123291,-0.11874908208847046,-0.04316973686218262,-0.10646712779998779,-0.04466167092323303,-0.13852441310882568,-0.03008994460105896,-0.11743777990341187,-0.020851701498031616,-0.09285825490951538
Peace,0.0,0.0,0.029279232025146484,-0.036984264850616455,0.03862011432647705,-0.09470987319946289,0.018108665943145752,-0.1276942491531372,-0.008513987064361572,-0.13639962673187256,0.025052279233932495,-0.15583491325378418,0.032587140798568726,-0.21519726514816284,0.03578653931617737,-0.2514456510543823,0.0371740460395813,-0.2803509831428528,-0.0010290145874023438,-0.1532709002494812,-0.006510525941848755,-0.21689867973327637,-0.00901523232460022,-0.25737935304641724,-0.011658906936645508,-0.28744006156921387,-0.02342185378074646,-0.13578027486801147,-0.03322520852088928,-0.16567254066467285,-0.01946645975112915,-0.13646388053894043,-0.008900672197341919,-0.10810184478759766,-0.042455434799194336,-0.11002182960510254,-0.043931394815444946,-0.13139969110488892,-0.02993077039718628,-0.11071014404296875,-0.019255220890045166,-0.08889073133468628
Peace,0.0,0.0,0.024791091680526733,-0.037942707538604736,0.030569523572921753,-0.09289002418518066,0.009205549955368042,-0.12294179201126099,-0.019047945737838745,-0.13160860538482666,0.01732698082923889,-0.15593814849853516,0.024260222911834717,-0.2172408103942871,0.027624666690826416,-0.2519630193710327,0.028648018836975098,-0.282193660736084,-0.011442095041275024,-0.15343189239501953,-0.018651872873306274,-0.21900618076324463,-0.020919770002365112,-0.25627613067626953,-0.02451452612876892,-0.2865782380104065,-0.035181641578674316,-0.13436299562454224,-0.05056244134902954,-0.17929434776306152,-0.03510868549346924,-0.14956462383270264,-0.02364403009414673,-0.12062615156173706,-0.05312061309814453,-0.10407394170761108,-0.05878700315952301,-0.13118034601211548,-0.04311633110046387,-0.1090461015701294,-0.031248271465301514,-0.08479171991348267
Peace,0.0,0.0,0.024051666259765625,-0.03226780891418457,0.029207229614257812,-0.08872330188751221,0.0009629726409912109,-0.12071746587753296,-0.03152094781398773,-0.13366711139678955,0.01654893159866333,-0.15274107456207275,0.02033299207687378,-0.21320712566375732,0.022029399871826172,-0.24884402751922607,0.022853881120681763,-0.2799226641654968,-0.012586653232574463,-0.15264487266540527,-0.020337224006652832,-0.21967190504074097,-0.022143959999084473,-0.2580965757369995,-0.023889511823654175,-0.28956902027130127,-0.035750702023506165,-0.13543701171875,-0.054212749004364014,-0.16994720697402954,-0.04303935170173645,-0.1386122703552246,-0.03298535943031311,-0.11108595132827759,-0.05328957736492157,-0.1066657304763794,-0.06253884732723236,-0.12326604127883911,-0.04805448651313782,-0.10004335641860962,-0.03586435317993164,-0.07917523384094238
Peace,0.0,0.0,0.02560552954673767,-0.03514939546585083,0.02844160795211792,-0.09063708782196045,0.0017843246459960938,-0.11979025602340698,-0.02961668372154236,-0.1300286054611206,0.01271522045135498,-0.15376770496368408,0.016993552446365356,-0.216772198677063,0.018881887197494507,-0.25345903635025024,0.018923789262771606,-0.28485721349716187,-0.015435934066772461,-0.15196603536605835,-0.023112893104553223,-0.22081786394119263,-0.02556738257408142,-0.26147013902664185,-0.02895200252532959,-0.2934388518333435,-0.037831127643585205,-0.13322234153747559,-0.05470678210258484,-0.1720523238182068,-0.04360556602478027,-0.1465337872505188,-0.03544926643371582,-0.1230211853981018,-0.05462519824504852,-0.10390448570251465,-0.0611611008644104,-0.12705683708190918,-0.04744163155555725,-0.10703343152999878,-0.037529557943344116,-0.08616739511489868
Peace,0.0,0.0,0.026960253715515137,-0.03891003131866455,0.03141239285469055,-0.09435319900512695,0.008068948984146118,-0.1256195306777954,-0.021441340446472168,-0.1291394829750061,0.016862213611602783,-0.15928250551223755,0.023636221885681152,-0.22087633609771729,0.0269223153591156,-0.2565386891365051,0.028279155492782593,-0.2883252501487732,-0.011824816465377808,-0.15760600566864014,-0.019531041383743286,-0.22141295671463013,-0.02169153094291687,-0.2601270079612732,-0.024857014417648315,-0.2938116788864136,-0.035067737102508545,-0.13884872198104858,-0.05009976029396057,-0.18375790119171143,-0.036696672439575195,-0.16135799884796143,-0.027110904455184937,-0.13921427726745605,-0.05208700895309448,-0.10945206880569458,-0.05848553776741028,-0.1427251100540161,-0.0424552857875824,-0.12244927883148193,-0.03025093674659729,-0.09701389074325562
Peace,0.0,0.0,0.02793276309967041,-0.03830528259277344,0.035700857639312744,-0.09240967035293579,0.014083415269851685,-0.12246882915496826,-0.011021137237548828,-0.13060247898101807,0.022441715002059937,-0.15596848726272583,0.030362635850906372,-0.21427994966506958,0.033855706453323364,-0.2504134178161621,0.03481510281562805,-0.2804099917411804,-0.003536522388458252,-0.1540522575378418,-0.007279157638549805,-0.21731799840927124,-0.009048014879226685,-0.25602221488952637,-0.011533468961715698,-0.2866244316101074,-0.025534600019454956,-0.13612961769104004,-0.038388341665267944,-0.1673409342765808,-0.025180518627166748,-0.14243364334106445,-0.014037340879440308,-0.11797136068344116,-0.04351752996444702,-0.10803347826004028,-0.04829254746437073,-0.1298312544822693,-0.033944517374038696,-0.11011636257171631,-0.021926671266555786,-0.08857977390289307
Peace,0.0,0.0,0.0285932719707489,-0.03277599811553955,0.04138347506523132,-0.07952851057052612,0.029036492109298706,-0.11100906133651733,0.0053425133228302,-0.12353664636611938,0.02545642852783203,-0.1472165584564209,0.03641441464424133,-0.2028236985206604,0.04142707586288452,-0.23673218488693237,0.04369783401489258,-0.2662275433540344,-0.0006361603736877441,-0.14789360761642456,-0.0034093260765075684,-0.21432816982269287,-0.0030384957790374756,-0.251395046710968,-0.003628373146057129,-0.28094154596328735,-0.022576868534088135,-0.1322537064552307,-0.029529035091400146,-0.17210239171981812,-0.01778671145439148,-0.14761871099472046,-0.009578138589859009,-0.12374192476272583,-0.03954622149467468,-0.10557639598846436,-0.038478732109069824,-0.12629777193069458,-0.024174779653549194,-0.10710346698760986,-0.014079749584197998,-0.08679550886154175
Peace,0.0,0.0,0.0310496985912323,-0.03381890058517456,0.046026408672332764,-0.08095353841781616,0.03598484396934509,-0.11466997861862183,0.016395896673202515,-0.12875837087631226,0.0275249183177948,-0.14452511072158813,0.03927162289619446,-0.20151787996292114,0.0456540584564209,-0.23546725511550903,0.048570603132247925,-0.2640123963356018,0.003705739974975586,-0.14542925357818604,0.0043808817863464355,-0.2150556445121765,0.0089682936668396,-0.2532641887664795,0.011120200157165527,-0.28160378336906433,-0.017355918884277344,-0.13069981336593628,-0.020531922578811646,-0.17568886280059814,-0.0047245025634765625,-0.15177661180496216,0.005967676639556885,-0.12579375505447388,-0.03438389301300049,-0.10490483045578003,-0.029095768928527832,-0.1317550539970398,-0.012988448143005371,-0.11360502243041992,-0.0024354755878448486,-0.09154605865478516
Peace,0.0,0.0,0.03197416663169861,-0.02899467945098877,0.051376909017562866,-0.07513129711151123,0.04421553015708923,-0.10837626457214355,0.02295544743537903,-0.12201941013336182,0.03332975506782532,-0.1372273564338684,0.04733887314796448,-0.1922784447669983,0.05455705523490906,-0.22479885816574097,0.05887064337730408,-0.25349557399749756,0.0101337730884552,-0.14061009883880615,0.013762086629867554,-0.20966875553131104,0.020642906427383423,-0.24704569578170776,0.024396806955337524,-0.27636098861694336,-0.011022895574569702,-0.12819552421569824,-0.010454744100570679,-0.17311352491378784,0.005000263452529907,-0.14651644229888916,0.013709217309951782,-0.11978387832641602,-0.02821207046508789,-0.10476148128509521,-0.018349796533584595,-0.13010090589523315,-0.002599388360977173,-0.10959529876708984,0.005529850721359253,-0.08638286590576172
Peace,0.0,0.0,0.03383868932723999,-0.027807414531707764,0.05217134952545166,-0.07336562871932983,0.05156660079956055,-0.10975033044815063,0.03272271156311035,-0.12381124496459961,0.035883963108062744,-0.13342070579528809,0.05007016658782959,-0.1899600625038147,0.05813390016555786,-0.22222846746444702,0.06352555751800537,-0.25169801712036133,0.014614284038543701,-0.13718551397323608,0.018158435821533203,-0.20597398281097412,0.025536179542541504,-0.2439996600151062,0.029727041721343994,-0.2752753496170044,-0.0046724677085876465,-0.12495189905166626,-0.004131615161895752,-0.17778486013412476,0.013758420944213867,-0.1500299572944641,0.024328887462615967,-0.12264657020568848,-0.02055320143699646,-0.10077911615371704,-0.012390315532684326,-0.13497447967529297,0.003550112247467041,-0.11583679914474487,0.012398242950439453,-0.09188854694366455
Peace,0.0,0.0,0.03453618288040161,-0.02615422010421753,0.05303215980529785,-0.0692911148071289,0.05468708276748657,-0.1046990156173706,0.03669929504394531,-0.11962753534317017,0.03551924228668213,-0.13424348831176758,0.05214822292327881,-0.1907355785369873,0.060966312885284424,-0.2229377031326294,0.06656801700592041,-0.2517157793045044,0.014620184898376465,-0.13710731267929077,0.017351090908050537,-0.20618700981140137,0.024524390697479248,-0.244615375995636,0.02809208631515503,-0.2749869227409363,-0.004404962062835693,-0.12419366836547852,-0.0010090470314025879,-0.17648595571517944,0.018337905406951904,-0.14811748266220093,0.02843773365020752,-0.12022197246551514,-0.020117580890655518,-0.10041534900665283,-0.00796043872833252,-0.1359095573425293,0.007187485694885254,-0.1159278154373169,0.013434171676635742,-0.09104102849960327
Peace,0.0,0.0,0.036221206188201904,-0.03025221824645996,0.053583741188049316,-0.07283049821853638,0.05766260623931885,-0.11029726266860962,0.03905993700027466,-0.12646812200546265,0.03874009847640991,-0.13387173414230347,0.05454593896865845,-0.1932116150856018,0.06376993656158447,-0.2247835397720337,0.0691424012184143,-0.2534444332122803,0.019019365310668945,-0.13826268911361694,0.02344334125518799,-0.20825064182281494,0.03040170669555664,-0.24836397171020508,0.03358495235443115,-0.27959752082824707,0.0005978941917419434,-0.12674033641815186,0.004048645496368408,-0.17940956354141235,0.02282315492630005,-0.14858275651931763,0.03342717885971069,-0.12060189247131348,-0.015108227729797363,-0.10326671600341797,-0.0028746724128723145,-0.141859769821167,0.01255732774734497,-0.11963146924972534,0.019634485244750977,-0.09331780672073364
Peace,0.0,0.0,0.03420299291610718,-0.030297398567199707,0.052992045879364014,-0.07028317451477051,0.05575895309448242,-0.1039155125617981,0.03599417209625244,-0.11865144968032837,0.033652424812316895,-0.13624119758605957,0.04895967245101929,-0.19362014532089233,0.05663412809371948,-0.22470074892044067,0.06075763702392578,-0.2528088688850403,0.012087702751159668,-0.13691097497940063,0.01365131139755249,-0.20522552728652954,0.018462657928466797,-0.24456501007080078,0.019848108291625977,-0.2749288082122803,-0.006776213645935059,-0.1214752197265625,-0.003219127655029297,-0.17068523168563843,0.017831146717071533,-0.14708936214447021,0.03039991855621338,-0.12334346771240234,-0.021515190601348877,-0.09468567371368408,-0.008491277694702148,-0.1302242875099182,0.006778359413146973,-0.11120784282684326,0.013852894306182861,-0.08712881803512573
Peace,0.0,0.0,0.03261303901672363,-0.029923737049102783,0.0491642951965332,-0.07532310485839844,0.040917813777923584,-0.10769087076187134,0.02263873815536499,-0.12402403354644775,0.03361576795578003,-0.14108294248580933,0.04897373914718628,-0.1963028907775879,0.056348443031311035,-0.22962325811386108,0.05981868505477905,-0.2586801052093506,0.008533954620361328,-0.1428217887878418,0.009157419204711914,-0.20871347188949585,0.010018527507781982,-0.2469639778137207,0.00782400369644165,-0.2764884829521179,-0.013697117567062378,-0.12781447172164917,-0.018261879682540894,-0.17031437158584595,-0.0002936124801635742,-0.14917075634002686,0.011701226234436035,-0.1251477599143982,-0.03184732794761658,-0.10168582201004028,-0.02724507451057434,-0.1271979808807373,-0.012078315019607544,-0.10999822616577148,-0.0022908449172973633,-0.08845549821853638
Peace,0.0,0.0,0.03073057532310486,-0.0290830135345459,0.04598209261894226,-0.0726633071899414,0.03541490435600281,-0.10464423894882202,0.018199950456619263,-0.12528479099273682,0.029498368501663208,-0.1408957839012146,0.045519739389419556,-0.19730514287948608,0.05323711037635803,-0.23120427131652832,0.05736812949180603,-0.2608996033668518,0.0028057992458343506,-0.14127492904663086,0.001276850700378418,-0.208121657371521,0.0007040798664093018,-0.24814170598983765,-0.002049565315246582,-0.2795436680316925,-0.020115196704864502,-0.12519925832748413,-0.025619328022003174,-0.16728228330612183,-0.007627576589584351,-0.14463025331497192,0.004495292901992798,-0.11970114707946777,-0.03832060098648071,-0.09845292568206787,-0.03528791666030884,-0.12416768074035645,-0.02046450972557068,-0.10716480016708374,-0.010686755180358887,-0.08662492036819458
Peace,0.0,0.0,0.03084006905555725,-0.032414019107818604,0.04518267512321472,-0.07852250337600708,0.032146066427230835,-0.11018151044845581,0.012048959732055664,-0.1256353259086609,0.029351502656936646,-0.14685362577438354,0.042262524366378784,-0.20550477504730225,0.04791465401649475,-0.24007368087768555,0.05045345425605774,-0.2701595425605774,0.0011230409145355225,-0.14665132761001587,-0.0023840367794036865,-0.21254569292068481,-0.00530657172203064,-0.25396478176116943,-0.009168684482574463,-0.28733640909194946,-0.02276402711868286,-0.13033562898635864,-0.029932290315628052,-0.16777104139328003,-0.01270526647567749,-0.14429950714111328,-0.00035637617111206055,-0.11956930160522461,-0.041687577962875366,-0.10316097736358643,-0.03915053606033325,-0.12571823596954346,-0.02265077829360962,-0.10685467720031738,-0.0105055570602417,-0.08463156223297119
Peace,0.0,0.0,0.02939745783805847,-0.03386765718460083,0.04156196117401123,-0.0833706259727478,0.020754963159561157,-0.11666548252105713,-0.004423260688781738,-0.13262832164764404,0.025934666395187378,-0.15207219123840332,0.03807392716407776,-0.20877450704574585,0.04300957918167114,-0.24486267566680908,0.04491510987281799,-0.2757328748703003,-0.0030534863471984863,-0.1497851014137268,-0.009995460510253906,-0.21451234817504883,-0.014009565114974976,-0.2544373869895935,-0.018082648515701294,-0.2862398028373718,-0.026019185781478882,-0.1308673620223999,-0.0389673113822937,-0.16849666833877563,-0.023284345865249634,-0.15008902549743652,-0.011007875204086304,-0.12872987985610962,-0.04373529553413391,-0.10166066884994507,-0.04408079385757446,-0.12600106000900269,-0.02728283405303955,-0.10755407810211182,-0.013938546180725098,-0.08580011129379272
Peace,0.0,0.0,0.027491718530654907,-0.03334462642669678,0.037217527627944946,-0.08789396286010742,0.011095911264419556,-0.11859256029129028,-0.017272531986236572,-0.1287468671798706,0.021466821432113647,-0.15899401903152466,0.03183037042617798,-0.21745306253433228,0.03617054224014282,-0.25399160385131836,0.03783699870109558,-0.28491079807281494,-0.007421374320983887,-0.1563289761543274,-0.017126798629760742,-0.2214074730873108,-0.020456969738006592,-0.2618505358695984,-0.024432212114334106,-0.29499995708465576,-0.029374659061431885,-0.13596749305725098,-0.04375055432319641,-0.17026680707931519,-0.02828115224838257,-0.14227741956710815,-0.01754581928253174,-0.11596709489822388,-0.0465395450592041,-0.10549092292785645,-0.052119821310043335,-0.1300191879272461,-0.037319719791412354,-0.11041730642318726,-0.02633380889892578,-0.08945196866989136
Peace,0.0,0.0,0.02735188603401184,-0.03823721408843994,0.03533947467803955,-0.09294307231903076,0.0093308687210083,-0.12204402685165405,-0.019593119621276855,-0.12917256355285645,0.020953774452209473,-0.16117411851882935,0.03011336922645569,-0.2206040620803833,0.03395107388496399,-0.25776219367980957,0.03495115041732788,-0.28812485933303833,-0.008673638105392456,-0.1575007438659668,-0.01764589548110962,-0.22313958406448364,-0.02221006155014038,-0.2636781930923462,-0.027584463357925415,-0.29506099224090576,-0.031558215618133545,-0.13580751419067383,-0.047052741050720215,-0.16817593574523926,-0.02896168828010559,-0.14348143339157104,-0.01503261923789978,-0.11819756031036377,-0.049027472734451294,-0.10368210077285767,-0.05320367217063904,-0.12741690874099731,-0.03678196668624878,-0.10866737365722656,-0.023623794317245483,-0.08730608224868774
Peace,0.0,0.0,0.026016205549240112,-0.038807451725006104,0.031269609928131104,-0.09619772434234619,0.0029930174350738525,-0.12583541870117188,-0.027960240840911865,-0.13255411386489868,0.016468435525894165,-0.16412490606307983,0.02473011612892151,-0.22580796480178833,0.027574598789215088,-0.2643657326698303,0.028660178184509277,-0.29570847749710083,-0.014432966709136963,-0.16142088174819946,-0.027698010206222534,-0.227858304977417,-0.03501996397972107,-0.2697804570198059,-0.042072415351867676,-0.303447425365448,-0.038049399852752686,-0.1419314742088318,-0.05365335941314697,-0.17490047216415405,-0.03585764765739441,-0.14392507076263428,-0.02264121174812317,-0.1146090030670166,-0.056018829345703125,-0.11267292499542236,-0.06347054243087769,-0.14382225275039673,-0.046446651220321655,-0.12514960765838623,-0.031870484352111816,-0.10248333215713501
Peace,0.0,0.0,0.025902986526489258,-0.036071181297302246,0.027961760759353638,-0.09507119655609131,-0.006788134574890137,-0.12316924333572388,-0.04178372025489807,-0.13303548097610474,0.011983156204223633,-0.16356927156448364,0.020094305276870728,-0.22508186101913452,0.0237596333026886,-0.2621973156929016,0.025493144989013672,-0.29342120885849,-0.01898258924484253,-0.16196012496948242,-0.03118029236793518,-0.22946667671203613,-0.03561294078826904,-0.27043288946151733,-0.040337562561035156,-0.3042716383934021,-0.04141271114349365,-0.14234310388565063,-0.06254228949546814,-0.1780921220779419,-0.044415950775146484,-0.1487112045288086,-0.029514789581298828,-0.12279349565505981,-0.057086631655693054,-0.11209309101104736,-0.06669497489929199,-0.13762784004211426,-0.04820689558982849,-0.11984354257583618,-0.0322856605052948,-0.10269588232040405
Peace,0.0,0.0,0.02562776207923889,-0.03509211540222168,0.03119322657585144,-0.09213358163833618,-0.00025093555450439453,-0.12448489665985107,-0.03724265098571777,-0.1351252794265747,0.014932304620742798,-0.16224956512451172,0.017551720142364502,-0.23079586029052734,0.017505556344985962,-0.27050483226776123,0.017092645168304443,-0.30416905879974365,-0.019058063626289368,-0.16091853380203247,-0.033428773283958435,-0.23171937465667725,-0.040911585092544556,-0.27483707666397095,-0.046555861830711365,-0.3084598183631897,-0.04608350992202759,-0.13903683423995972,-0.06715896725654602,-0.17404025793075562,-0.05393791198730469,-0.14529240131378174,-0.04144878685474396,-0.12007713317871094,-0.0679004043340683,-0.10535770654678345,-0.08361166715621948,-0.12274807691574097,-0.07159000635147095,-0.10239529609680176,-0.05975863337516785,-0.08421111106872559
Peace,0.0,0.0,0.02534058690071106,-0.034504592418670654,0.02934473752975464,-0.09018218517303467,-0.0025751590728759766,-0.11987435817718506,-0.038590967655181885,-0.1337016224861145,0.012096613645553589,-0.16413146257400513,0.012711882591247559,-0.23165112733840942,0.014065265655517578,-0.2712257504463196,0.01479920744895935,-0.30446428060531616,-0.020241275429725647,-0.16156929731369019,-0.037426650524139404,-0.23158979415893555,-0.0469924658536911,-0.27371323108673096,-0.05540923774242401,-0.30650395154953003,-0.044916316866874695,-0.14076370000839233,-0.064192995429039,-0.16756987571716309,-0.050887346267700195,-0.13547325134277344,-0.04078929126262665,-0.10892319679260254,-0.06392258405685425,-0.11005330085754395,-0.07119165360927582,-0.1255994439125061,-0.055211424827575684,-0.10294044017791748,-0.043127477169036865,-0.08337938785552979
Peace,0.0,0.0,0.02702811360359192,-0.036023616790771484,0.030507892370224,-0.09196609258651733,-0.0005047321319580078,-0.12172621488571167,-0.03441765904426575,-0.13284283876419067,0.01373511552810669,-0.16191208362579346,0.017947256565093994,-0.22886961698532104,0.020442068576812744,-0.26829349994659424,0.02101820707321167,-0.301798939704895,-0.01756379008293152,-0.16085165739059448,-0.03091391921043396,-0.23272019624710083,-0.03738263249397278,-0.27402424812316895,-0.04351389408111572,-0.30681395530700684,-0.0406465083360672,-0.14156192541122437,-0.060644298791885376,-0.1748606562614441,-0.048692166805267334,-0.1468409299850464,-0.038382694125175476,-0.12138974666595459,-0.05718091130256653,-0.11165302991867065,-0.06668807566165924,-0.13541525602340698,-0.05249913036823273,-0.1194184422492981,-0.040096819400787354,-0.10305851697921753
Peace,0.0,0.0,0.023584097623825073,-0.0021322965621948242,0.031893253326416016,-0.013479053974151611,0.01604035496711731,-0.023677170276641846,-0.002897500991821289,-0.03218799829483032,0.024350792169570923,-0.08159863948822021,0.02857339382171631,-0.13539284467697144,0.027746617794036865,-0.17235076427459717,0.026622921228408813,-0.2038179636001587,0.0014774203300476074,-0.08720141649246216,-0.00556713342666626,-0.1466381549835205,-0.010612636804580688,-0.18491220474243164,-0.012296289205551147,-0.21513807773590088,-0.018653959035873413,-0.07763272523880005,-0.030645012855529785,-0.12401491403579712,-0.03575141727924347,-0.15922141075134277,-0.03830912709236145,-0.18732750415802002,-0.03547385334968567,-0.05748391151428223,-0.047797515988349915,-0.06882309913635254,-0.05103804171085358,-0.06472361087799072,-0.05201411247253418,-0.05792349576950073
Peace,0.0,0.0,0.026531249284744263,-0.039208292961120605,0.030387043952941895,-0.09604644775390625,0.004634886980056763,-0.12664586305618286,-0.026357263326644897,-0.13671022653579712,0.01298832893371582,-0.16656792163848877,0.022298425436019897,-0.23064512014389038,0.026630282402038574,-0.2697097659111023,0.029096543788909912,-0.30317503213882446,-0.01861998438835144,-0.16490793228149414,-0.032386720180511475,-0.2342013716697693,-0.03709834814071655,-0.2766224145889282,-0.042945146560668945,-0.31152868270874023,-0.043222516775131226,-0.1440507173538208,-0.06144064664840698,-0.18752402067184448,-0.03828698396682739,-0.1596718430519104,-0.021515578031539917,-0.1316099762916565,-0.06008148193359375,-0.11178487539291382,-0.06453123688697815,-0.1443796157836914,-0.04363900423049927,-0.12655889987945557,-0.027632534503936768,-0.10436314344406128
Peace,0.0,0.0,0.02890413999557495,-0.03709810972213745,0.03851005434989929,-0.09283167123794556,0.012195020914077759,-0.12322783470153809,-0.018313169479370117,-0.13064825534820557,0.02547338604927063,-0.16496902704238892,0.032986342906951904,-0.2267007827758789,0.037436217069625854,-0.2658805847167969,0.04041785001754761,-0.2984731197357178,-0.0056781768798828125,-0.16291004419326782,-0.01713070273399353,-0.22977548837661743,-0.023798465728759766,-0.2713232636451721,-0.029230594635009766,-0.30512088537216187,-0.02943575382232666,-0.1424015760421753,-0.049153685569763184,-0.17618495225906372,-0.034113168716430664,-0.1490081548690796,-0.020065397024154663,-0.12307494878768921,-0.04720541834831238,-0.11050713062286377,-0.05663025379180908,-0.13216567039489746,-0.040138423442840576,-0.10981959104537964,-0.0244598388671875,-0.08618324995040894
Peace,0.0,0.0,0.03027188777923584,-0.033987224102020264,0.04103916883468628,-0.08543604612350464,0.0168302059173584,-0.1143309473991394,-0.009627074003219604,-0.12865936756134033,0.027872145175933838,-0.16252082586288452,0.03887990117073059,-0.22129935026168823,0.04478546977043152,-0.25783270597457886,0.04763379693031311,-0.28864556550979614,-0.0026321709156036377,-0.16194355487823486,-0.012156903743743896,-0.23008233308792114,-0.016442060470581055,-0.2697521448135376,-0.020389854907989502,-0.3022550940513611,-0.025894373655319214,-0.14269638061523438,-0.040659815073013306,-0.17299699783325195,-0.027546852827072144,-0.1493648886680603,-0.016684889793395996,-0.12810224294662476,-0.04311263561248779,-0.11225742101669312,-0.04525238275527954,-0.12730038166046143,-0.028499454259872437,-0.10571640729904175,-0.014400780200958252,-0.08520609140396118
Peace,0.0,0.0,0.034121423959732056,-0.03006160259246826,0.05061843991279602,-0.07727319002151489,0.03727713227272034,-0.10964035987854004,0.017444521188735962,-0.12651807069778442,0.03363150358200073,-0.15013271570205688,0.05073827505111694,-0.21133953332901,0.06060272455215454,-0.24855118989944458,0.06624162197113037,-0.2804035544395447,0.005661278963088989,-0.1513814926147461,0.004386812448501587,-0.22240161895751953,0.00366133451461792,-0.2653510570526123,0.0006075203418731689,-0.29930776357650757,-0.01800331473350525,-0.13453316688537598,-0.023387938737869263,-0.1729903221130371,-0.0054870545864105225,-0.14651286602020264,0.006677597761154175,-0.11867088079452515,-0.036934733390808105,-0.10573774576187134,-0.03260359168052673,-0.12709510326385498,-0.016491740942001343,-0.10765820741653442,-0.00571972131729126,-0.08543127775192261
Peace,0.0,0.0,0.034694135189056396,-0.02752465009689331,0.052551865577697754,-0.07389074563980103,0.040464699268341064,-0.10690826177597046,0.019811570644378662,-0.12522727251052856,0.03933507204055786,-0.1513735055923462,0.05144083499908447,-0.20945459604263306,0.057671308517456055,-0.24401164054870605,0.06078624725341797,-0.2737653851509094,0.010383039712905884,-0.1508386731147766,0.008692175149917603,-0.21796637773513794,0.00840085744857788,-0.2576797604560852,0.006027013063430786,-0.28928297758102417,-0.014263123273849487,-0.13306373357772827,-0.020713359117507935,-0.17526036500930786,-0.0028500258922576904,-0.14727634191513062,0.00935402512550354,-0.11906850337982178,-0.03431311249732971,-0.10368382930755615,-0.02971363067626953,-0.12815052270889282,-0.013704359531402588,-0.10701531171798706,-0.0028573572635650635,-0.08356475830078125
Peace,0.0,0.0,0.03301328420639038,-0.030842363834381104,0.050542861223220825,-0.07839310169219971,0.0363217294216156,-0.11039084196090698,0.013145685195922852,-0.12213754653930664,0.033006370067596436,-0.14822787046432495,0.0495947003364563,-0.20737922191619873,0.05891582369804382,-0.2428186535835266,0.06443402171134949,-0.2728087306022644,0.006538331508636475,-0.14769500494003296,0.0051971375942230225,-0.2157798409461975,0.0060010552406311035,-0.2572430372238159,0.004752516746520996,-0.2898126244544983,-0.016141057014465332,-0.13012480735778809,-0.019509077072143555,-0.16404259204864502,-0.0055980682373046875,-0.14316481351852417,0.002551555633544922,-0.12024545669555664,-0.03486242890357971,-0.10140901803970337,-0.02945569157600403,-0.12383419275283813,-0.01369333267211914,-0.10766059160232544,-0.0035040974617004395,-0.0875093936920166
Peace,0.0,0.0,0.030483275651931763,-0.031381845474243164,0.04277399182319641,-0.08435344696044922,0.0172213613986969,-0.11472707986831665,-0.00995209813117981,-0.1277446746826172,0.029953837394714355,-0.15555983781814575,0.04146856069564819,-0.2129499912261963,0.04850703477859497,-0.24972134828567505,0.053000181913375854,-0.27994847297668457,0.0008777379989624023,-0.15392261743545532,-0.006259620189666748,-0.22199326753616333,-0.008098185062408447,-0.2642902731895447,-0.009735405445098877,-0.29826241731643677,-0.021242737770080566,-0.13479173183441162,-0.03555387258529663,-0.16385263204574585,-0.024281322956085205,-0.14254772663116455,-0.014980792999267578,-0.12381142377853394,-0.03885352611541748,-0.10522568225860596,-0.041630685329437256,-0.11931115388870239,-0.02677670121192932,-0.09960955381393433,-0.014353126287460327,-0.08219152688980103
Peace,0.0,0.0,0.028440266847610474,-0.03690999746322632,0.0366763174533844,-0.09469878673553467,0.006485044956207275,-0.12541550397872925,-0.02625519037246704,-0.13210028409957886,0.02401256561279297,-0.1639125943183899,0.03320610523223877,-0.22578853368759155,0.03779277205467224,-0.26528865098953247,0.04034000635147095,-0.2977626919746399,-0.007399201393127441,-0.16396522521972656,-0.01992356777191162,-0.2322281002998352,-0.02601197361946106,-0.2771167755126953,-0.030434727668762207,-0.31238609552383423,-0.031781286001205444,-0.14620178937911987,-0.04723769426345825,-0.17926454544067383,-0.032038718461990356,-0.15123063325881958,-0.019871413707733154,-0.123562753200531,-0.04941573739051819,-0.11777180433273315,-0.05439257621765137,-0.1397024393081665,-0.03714016079902649,-0.11679106950759888,-0.02210572361946106,-0.09138309955596924
Peace,0.0,0.0,0.025827854871749878,-0.036408960819244385,0.033763378858566284,-0.08922982215881348,0.005088537931442261,-0.1171979308128357,-0.027800336480140686,-0.12945973873138428,0.018413633108139038,-0.1607975959777832,0.02316400408744812,-0.22931241989135742,0.02563929557800293,-0.2688278555870056,0.026585400104522705,-0.3010965585708618,-0.012164503335952759,-0.15915334224700928,-0.02468845248222351,-0.23564106225967407,-0.028111204504966736,-0.27996158599853516,-0.029853537678718567,-0.3135877847671509,-0.035591065883636475,-0.13944774866104126,-0.04915563762187958,-0.1706845760345459,-0.038579151034355164,-0.1435876488685608,-0.029354721307754517,-0.12098270654678345,-0.0525701642036438,-0.110934317111969,-0.06003083288669586,-0.13551795482635498,-0.04782181978225708,-0.12160080671310425,-0.03696535527706146,-0.10753202438354492
Peace,0.0,0.0,0.01858547329902649,0.0092240571975708,0.030788719654083252,0.007165670394897461,0.0340704619884491,0.007130324840545654,0.038925766944885254,0.00478672981262207,0.032617807388305664,-0.05962115526199341,0.03905370831489563,-0.10917156934738159,0.03995424509048462,-0.14374691247940063,0.03991463780403137,-0.17353379726409912,0.01169896125793457,-0.0700153112411499,0.011680573225021362,-0.12483447790145874,0.009699195623397827,-0.16371554136276245,0.00900980830192566,-0.19600707292556763,-0.007677167654037476,-0.06695836782455444,-0.012163937091827393,-0.11128783226013184,-0.015636250376701355,-0.14699417352676392,-0.018312513828277588,-0.17659378051757812,-0.02416069805622101,-0.05308336019515991,-0.039367109537124634,-0.06948816776275635,-0.051290273666381836,-0.08211594820022583,-0.061393409967422485,-0.09190666675567627
Peace,0.0,0.0,0.02446417510509491,-0.035582005977630615,0.029640600085258484,-0.0902862548828125,-0.003314003348350525,-0.11810088157653809,-0.03842051327228546,-0.13218188285827637,0.014897510409355164,-0.16328823566436768,0.018083378672599792,-0.22981125116348267,0.018638834357261658,-0.2713336944580078,0.019448772072792053,-0.3061431646347046,-0.018145620822906494,-0.15795457363128662,-0.03662066161632538,-0.22324460744857788,-0.0449509471654892,-0.2635267376899719,-0.049790963530540466,-0.2987483739852905,-0.042721882462501526,-0.13743436336517334,-0.05976027250289917,-0.15410161018371582,-0.04342210292816162,-0.11488068103790283,-0.029512807726860046,-0.0906534194946289,-0.06206957995891571,-0.11004412174224854,-0.07596521079540253,-0.12434709072113037,-0.06168130040168762,-0.09469282627105713,-0.048436567187309265,-0.07634967565536499
Peace,0.0,0.0,0.021226614713668823,-0.03734719753265381,0.02034890651702881,-0.09378969669342041,-0.01743169128894806,-0.11782824993133545,-0.053089439868927,-0.12697768211364746,0.008418232202529907,-0.16598355770111084,0.006498992443084717,-0.23006576299667358,0.0063306838274002075,-0.2698933482170105,0.006754294037818909,-0.3049317002296448,-0.020014360547065735,-0.1569398045539856,-0.04238604009151459,-0.16880708932876587,-0.03812384605407715,-0.12638145685195923,-0.027555033564567566,-0.10353922843933105,-0.043136656284332275,-0.13914448022842407,-0.06908194720745087,-0.14819711446762085,-0.05733460187911987,-0.11079549789428711,-0.043302297592163086,-0.09684443473815918,-0.05952286720275879,-0.11671686172485352,-0.0844002366065979,-0.12861186265945435,-0.073086678981781,-0.10284215211868286,-0.058772191405296326,-0.09033626317977905
Peace,0.0,0.0,0.01955421268939972,-0.037918269634246826,0.013679936528205872,-0.09645092487335205,-0.02745223045349121,-0.11840832233428955,-0.06300747394561768,-0.12623107433319092,0.003630131483078003,-0.1603415608406067,0.00037989020347595215,-0.22427010536193848,0.000280037522315979,-0.264335572719574,0.0010639429092407227,-0.29739564657211304,-0.026836872100830078,-0.14999520778656006,-0.04101526737213135,-0.16480392217636108,-0.033186763525009155,-0.1232304573059082,-0.022611841559410095,-0.09931862354278564,-0.05034150183200836,-0.13043290376663208,-0.072191521525383,-0.1423642635345459,-0.05907152593135834,-0.10691523551940918,-0.04605138301849365,-0.09179610013961792,-0.06719563901424408,-0.104816734790802,-0.09099563956260681,-0.11432290077209473,-0.07894378155469894,-0.09318846464157104,-0.0648096352815628,-0.08380138874053955
Peace,0.0,0.0,0.01896291971206665,-0.035956382751464844,0.01379019021987915,-0.09479808807373047,-0.02804538607597351,-0.11786401271820068,-0.06392084062099457,-0.12536871433258057,0.004522860050201416,-0.15917623043060303,-0.00031638145446777344,-0.2233738899230957,-0.0027159452438354492,-0.26238489151000977,-0.0032847821712493896,-0.2958441972732544,-0.0258827805519104,-0.1499301791191101,-0.044095560908317566,-0.17138272523880005,-0.0370313823223114,-0.12895172834396362,-0.025142252445220947,-0.10705816745758057,-0.049702614545822144,-0.13247019052505493,-0.07431086897850037,-0.1458892822265625,-0.061646610498428345,-0.10760802030563354,-0.04766358435153961,-0.0938374400138855,-0.06704732775688171,-0.10959798097610474,-0.09162069112062454,-0.121518075466156,-0.07952240109443665,-0.09723442792892456,-0.0656333863735199,-0.08617293834686279
Peace,0.0,0.0,0.02157217264175415,-0.03803277015686035,0.02105042338371277,-0.09685075283050537,-0.01980900764465332,-0.12306326627731323,-0.056336477398872375,-0.13029998540878296,0.01127636432647705,-0.16351646184921265,0.009154841303825378,-0.22610104084014893,0.008680582046508789,-0.2654781937599182,0.009833991527557373,-0.2994391918182373,-0.019022390246391296,-0.1533973217010498,-0.04104185104370117,-0.17868340015411377,-0.03698708117008209,-0.1442531943321228,-0.028026148676872253,-0.12225407361984253,-0.042046889662742615,-0.13476336002349854,-0.06640562415122986,-0.1510421633720398,-0.054477423429489136,-0.11801564693450928,-0.04117186367511749,-0.10113948583602905,-0.058693140745162964,-0.11104696989059448,-0.08099620044231415,-0.12874525785446167,-0.07008430361747742,-0.10616874694824219,-0.05647364258766174,-0.09290140867233276
Peace,0.0,0.0,0.0251808762550354,-0.03555762767791748,0.028045237064361572,-0.09184235334396362,-0.003885239362716675,-0.12159287929534912,-0.039070382714271545,-0.13277530670166016,0.013968199491500854,-0.15991079807281494,0.01730257272720337,-0.22684788703918457,0.01885920763015747,-0.2670517563819885,0.020129084587097168,-0.30164337158203125,-0.018023252487182617,-0.15974587202072144,-0.03293709456920624,-0.23122179508209229,-0.04041695594787598,-0.27279388904571533,-0.045705363154411316,-0.3068416118621826,-0.042634397745132446,-0.14019817113876343,-0.06551697850227356,-0.17000138759613037,-0.05376973748207092,-0.13788151741027832,-0.04225859045982361,-0.11204731464385986,-0.06126141548156738,-0.10900348424911499,-0.07568113505840302,-0.12455880641937256,-0.06215852499008179,-0.10134714841842651,-0.049656569957733154,-0.08249664306640625
Peace,0.0,0.0,0.027217894792556763,-0.03889918327331543,0.032823652029037476,-0.09404504299163818,0.005310237407684326,-0.12096983194351196,-0.025421857833862305,-0.12795639038085938,0.020421534776687622,-0.16336578130722046,0.027401059865951538,-0.22662490606307983,0.030252039432525635,-0.26508915424346924,0.03235366940498352,-0.2973870635032654,-0.011386185884475708,-0.1621410846710205,-0.026360780000686646,-0.23146522045135498,-0.03217393159866333,-0.2739216089248657,-0.03611570596694946,-0.3092212677001953,-0.03531080484390259,-0.14182990789413452,-0.05091220140457153,-0.1826777458190918,-0.033846527338027954,-0.15493786334991455,-0.020164519548416138,-0.1290941834449768,-0.05162486433982849,-0.11054950952529907,-0.056223392486572266,-0.1329655647277832,-0.040498167276382446,-0.11441069841384888,-0.027728497982025146,-0.09502589702606201
Peace,0.0,0.0,0.02899909019470215,-0.031852781772613525,0.03934890031814575,-0.08162927627563477,0.01632636785507202,-0.11018502712249756,-0.010175198316574097,-0.1239776611328125,0.027416765689849854,-0.15587598085403442,0.036422520875930786,-0.21213698387145996,0.04171115159988403,-0.2471921443939209,0.044605374336242676,-0.277759850025177,-0.0016733109951019287,-0.15578937530517578,-0.011246263980865479,-0.22049754858016968,-0.014853715896606445,-0.2583821415901184,-0.017756342887878418,-0.289741575717926,-0.02362799644470215,-0.13753294944763184,-0.03924664855003357,-0.1653285026550293,-0.029052317142486572,-0.1426435112953186,-0.020224273204803467,-0.12353247404098511,-0.04021567106246948,-0.10881417989730835,-0.04434254765510559,-0.12228047847747803,-0.02941080927848816,-0.10025769472122192,-0.016219884157180786,-0.08039551973342896
Peace,0.0,0.0,0.03164273500442505,-0.030779659748077393,0.04627537727355957,-0.07664740085601807,0.02992844581604004,-0.1096491813659668,0.008625179529190063,-0.12890774011611938,0.027345001697540283,-0.1474820375442505,0.03959605097770691,-0.20430827140808105,0.045357316732406616,-0.24042683839797974,0.04787072539329529,-0.2707163095474243,-0.0014622807502746582,-0.14627552032470703,-0.009162455797195435,-0.21513909101486206,-0.011235445737838745,-0.2568941116333008,-0.013315856456756592,-0.28938233852386475,-0.023795276880264282,-0.1280144453048706,-0.03436094522476196,-0.16624653339385986,-0.022045552730560303,-0.15380555391311646,-0.013139396905899048,-0.1376911997795105,-0.0404353141784668,-0.09880238771438599,-0.037568509578704834,-0.11943566799163818,-0.02185136079788208,-0.10216087102890015,-0.010689079761505127,-0.08190280199050903
Peace,0.0,0.0,0.03157779574394226,-0.03084498643875122,0.047671109437942505,-0.0759933590888977,0.03399816155433655,-0.1067955493927002,0.013392448425292969,-0.11928993463516235,0.03358599543571472,-0.1478443145751953,0.043789833784103394,-0.20434355735778809,0.049801141023635864,-0.23769479990005493,0.0535643994808197,-0.2653273344039917,0.005831271409988403,-0.14629805088043213,0.000562816858291626,-0.212185800075531,-0.0002976357936859131,-0.25150877237319946,-0.002074897289276123,-0.2825692296028137,-0.017740458250045776,-0.12822645902633667,-0.021415889263153076,-0.16233587265014648,-0.004963696002960205,-0.13793820142745972,0.005761384963989258,-0.11295539140701294,-0.03702586889266968,-0.09964346885681152,-0.031294822692871094,-0.12207210063934326,-0.01601281762123108,-0.10364288091659546,-0.006433248519897461,-0.08275920152664185
Peace,0.0,0.0,0.03379243612289429,-0.02464669942855835,0.053830862045288086,-0.06682050228118896,0.04736220836639404,-0.09871548414230347,0.028285205364227295,-0.11665886640548706,0.03624361753463745,-0.14025229215621948,0.05187565088272095,-0.1943296194076538,0.060059309005737305,-0.2277050018310547,0.0658332109451294,-0.2567870020866394,0.011120080947875977,-0.14015686511993408,0.008530616760253906,-0.2066165804862976,0.0122109055519104,-0.24564969539642334,0.014955103397369385,-0.27569496631622314,-0.01070404052734375,-0.12389332056045532,-0.008427977561950684,-0.15644270181655884,0.007047176361083984,-0.12713050842285156,0.014924228191375732,-0.10007447004318237,-0.028170615434646606,-0.0976790189743042,-0.018184930086135864,-0.11893397569656372,-0.003298044204711914,-0.0975269079208374,0.0037612318992614746,-0.07492589950561523
Peace,0.0,0.0,0.033384859561920166,-0.024480760097503662,0.05348283052444458,-0.06581580638885498,0.04716658592224121,-0.09643113613128662,0.02806466817855835,-0.11504930257797241,0.034094929695129395,-0.13853180408477783,0.04959458112716675,-0.19315004348754883,0.05788159370422363,-0.2269902229309082,0.06307721138000488,-0.25686317682266235,0.008819878101348877,-0.1384427547454834,0.006238400936126709,-0.2049902081489563,0.009463965892791748,-0.24501913785934448,0.011046350002288818,-0.27666372060775757,-0.012687206268310547,-0.12226337194442749,-0.013837158679962158,-0.15916097164154053,0.00232696533203125,-0.13382428884506226,0.011233329772949219,-0.10872209072113037,-0.029637902975082397,-0.0959465503692627,-0.021095216274261475,-0.11678367853164673,-0.0056948065757751465,-0.09540939331054688,0.0022310614585876465,-0.0721467137336731
Peace,0.0,0.0,0.03387260437011719,-0.023849666118621826,0.054675400257110596,-0.0639030933380127,0.04866403341293335,-0.09482723474502563,0.02870720624923706,-0.11011844873428345,0.03448224067687988,-0.13741719722747803,0.049705445766448975,-0.19294220209121704,0.05802953243255615,-0.22672432661056519,0.0632050633430481,-0.25706249475479126,0.00987917184829712,-0.13788622617721558,0.009398460388183594,-0.2025107741355896,0.012030839920043945,-0.2420547604560852,0.012545347213745117,-0.2739507555961609,-0.011691927909851074,-0.1223372220993042,-0.011146068572998047,-0.16027969121932983,0.005478799343109131,-0.1334107518196106,0.014901340007781982,-0.10741513967514038,-0.02908039093017578,-0.0961909294128418,-0.019156932830810547,-0.11579710245132446,-0.003673374652862549,-0.0949743390083313,0.004589855670928955,-0.07275497913360596
Peace,0.0,0.0,0.03414124250411987,-0.023858964443206787,0.054360032081604004,-0.06573665142059326,0.05075138807296753,-0.09775209426879883,0.030914485454559326,-0.11148673295974731,0.03419548273086548,-0.13766801357269287,0.04928326606750488,-0.19426298141479492,0.057516276836395264,-0.22809457778930664,0.06259196996688843,-0.2585712671279907,0.00999748706817627,-0.13929152488708496,0.008013308048248291,-0.20723384618759155,0.010734736919403076,-0.24709433317184448,0.010793805122375488,-0.2797776460647583,-0.011404037475585938,-0.1247146725654602,-0.012603938579559326,-0.1683679223060608,0.0051767826080322266,-0.1418675184249878,0.015325069427490234,-0.11578351259231567,-0.028010189533233643,-0.09890812635421753,-0.0179595947265625,-0.12128615379333496,-0.0012999176979064941,-0.09987860918045044,0.007378756999969482,-0.07654446363449097
Peace,0.0,0.0,0.03365224599838257,-0.022924959659576416,0.05559873580932617,-0.0635749101638794,0.05603975057601929,-0.09751087427139282,0.03625154495239258,-0.10886949300765991,0.032542884349823,-0.13921135663986206,0.04669022560119629,-0.19555634260177612,0.05433011054992676,-0.22984015941619873,0.05918353796005249,-0.2608177065849304,0.009340345859527588,-0.13794779777526855,0.007135629653930664,-0.20611220598220825,0.009529054164886475,-0.24659287929534912,0.009445488452911377,-0.2794668674468994,-0.01143944263458252,-0.12049221992492676,-0.009652674198150635,-0.16444724798202515,0.010957658290863037,-0.13625949621200562,0.02285546064376831,-0.10907202959060669,-0.027660608291625977,-0.09254300594329834,-0.017702579498291016,-0.11947751045227051,-0.0007373690605163574,-0.09807747602462769,0.007906436920166016,-0.07380098104476929
Peace,0.0,0.0,0.03921985626220703,-0.018833458423614502,0.0643310546875,-0.061241209506988525,0.06356501579284668,-0.09688270092010498,0.03937619924545288,-0.11783987283706665,0.04370385408401489,-0.15743404626846313,0.06109428405761719,-0.21759164333343506,0.07010853290557861,-0.25529026985168457,0.07594180107116699,-0.28986912965774536,0.014476299285888672,-0.1585814356803894,0.01024240255355835,-0.232513427734375,0.010741651058197021,-0.2768431305885315,0.009110987186431885,-0.31342101097106934,-0.010686933994293213,-0.14037078619003296,-0.009099304676055908,-0.17778098583221436,0.0095444917678833,-0.13653039932250977,0.019142627716064453,-0.10338103771209717,-0.03151446580886841,-0.10958319902420044,-0.022339999675750732,-0.12863802909851074,-0.004901885986328125,-0.09928262233734131,0.00430530309677124,-0.07268136739730835
Peace,0.0,0.0,0.043380796909332275,-0.018618285655975342,0.07063686847686768,-0.06399887800216675,0.06531167030334473,-0.1021997332572937,0.03697478771209717,-0.12251543998718262,0.05020153522491455,-0.16754841804504395,0.06862640380859375,-0.232810378074646,0.07832008600234985,-0.27503806352615356,0.08508366346359253,-0.31272220611572266,0.01747584342956543,-0.1699313521385193,0.012244462966918945,-0.2476711869239807,0.012003839015960693,-0.2960370182991028,0.010758519172668457,-0.33680227398872375,-0.011066138744354248,-0.15109038352966309,-0.00923454761505127,-0.18471169471740723,0.007476687431335449,-0.1382843255996704,0.016432523727416992,-0.10273611545562744,-0.03492915630340576,-0.11947965621948242,-0.026005327701568604,-0.13517534732818604,-0.007559418678283691,-0.10349899530410767,0.0037707090377807617,-0.07635998725891113
Peace,0.0,0.0,0.04639387130737305,-0.014976322650909424,0.0768517255783081,-0.05962318181991577,0.07424026727676392,-0.09998494386672974,0.04421639442443848,-0.12213265895843506,0.05864894390106201,-0.17498844861984253,0.0795091986656189,-0.24288636445999146,0.091014564037323,-0.2874298691749573,0.09910398721694946,-0.3274152874946594,0.023238062858581543,-0.178766667842865,0.017780661582946777,-0.26014119386672974,0.017763197422027588,-0.31133002042770386,0.01640462875366211,-0.35381078720092773,-0.007661938667297363,-0.15916770696640015,-0.007805585861206055,-0.19029849767684937,0.010373234748840332,-0.1407366394996643,0.020305275917053223,-0.10299563407897949,-0.03361010551452637,-0.12547725439071655,-0.02462977170944214,-0.13678133487701416,-0.005090773105621338,-0.10208278894424438,0.006959438323974609,-0.0735815167427063
Peace,0.0,0.0,0.04573148488998413,-0.017671704292297363,0.07524186372756958,-0.06444495916366577,0.06897693872451782,-0.10267412662506104,0.03709065914154053,-0.12477803230285645,0.054389894008636475,-0.18923503160476685,0.07738733291625977,-0.26079171895980835,0.08926510810852051,-0.3076024055480957,0.09695327281951904,-0.35104119777679443,0.015072107315063477,-0.19087159633636475,0.00972217321395874,-0.27473121881484985,0.009701848030090332,-0.3300209045410156,0.007769763469696045,-0.3769872784614563,-0.01813197135925293,-0.16709482669830322,-0.021973252296447754,-0.19931566715240479,0.000954747200012207,-0.14710938930511475,0.015547692775726318,-0.1069902777671814,-0.045706868171691895,-0.12721216678619385,-0.03843820095062256,-0.1389293670654297,-0.016552507877349854,-0.10037654638290405,-0.0016103386878967285,-0.069027841091156
Peace,0.0,0.0,0.04953104257583618,-0.017964720726013184,0.08091682195663452,-0.06705689430236816,0.07407867908477783,-0.10883355140686035,0.040116965770721436,-0.131242573261261,0.058107852935791016,-0.19264864921569824,0.08334314823150635,-0.2683309316635132,0.09620189666748047,-0.31872129440307617,0.10549759864807129,-0.36407470703125,0.01756453514099121,-0.19567400217056274,0.013078153133392334,-0.2844429612159729,0.012925505638122559,-0.3435714840888977,0.011557221412658691,-0.3929988145828247,-0.017145931720733643,-0.17306619882583618,-0.017211973667144775,-0.20471137762069702,0.004297137260437012,-0.14513760805130005,0.017409324645996094,-0.09921598434448242,-0.046037912368774414,-0.13445395231246948,-0.03870046138763428,-0.15269875526428223,-0.016411185264587402,-0.11142504215240479,-0.0012177824974060059,-0.07514137029647827
Peace,0.0,0.0,0.04905664920806885,-0.020983755588531494,0.07864993810653687,-0.07261145114898682,0.07034742832183838,-0.11410701274871826,0.036821842193603516,-0.1403784155845642,0.056291937828063965,-0.20238107442855835,0.08255404233932495,-0.27994072437286377,0.09631127119064331,-0.3319607377052307,0.10597014427185059,-0.37857764959335327,0.015186607837677002,-0.20490974187850952,0.009813129901885986,-0.2960008382797241,0.010435640811920166,-0.3562561869621277,0.009599506855010986,-0.40748605132102966,-0.020602703094482422,-0.1812359094619751,-0.022367238998413086,-0.21745270490646362,0.0003212094306945801,-0.1576405167579651,0.013749420642852783,-0.11198902130126953,-0.05038636922836304,-0.14090925455093384,-0.04392296075820923,-0.16190952062606812,-0.020987093448638916,-0.1207461953163147,-0.00558626651763916,-0.08552008867263794
Peace,0.0,0.0,0.0543513298034668,-0.0207216739654541,0.088825523853302,-0.0746384859085083,0.07745212316513062,-0.11917322874069214,0.040731966495513916,-0.14201313257217407,0.06429135799407959,-0.20881414413452148,0.09289222955703735,-0.2892882823944092,0.10740578174591064,-0.3431795835494995,0.1180034875869751,-0.3916269540786743,0.019480586051940918,-0.21369808912277222,0.01467519998550415,-0.3085514307022095,0.0162200927734375,-0.3717085123062134,0.016461491584777832,-0.4242071509361267,-0.018843770027160645,-0.19042646884918213,-0.01892530918121338,-0.22342443466186523,0.004545807838439941,-0.1612735390663147,0.018779098987579346,-0.11244374513626099,-0.050161659717559814,-0.14884936809539795,-0.03956198692321777,-0.16315168142318726,-0.015569686889648438,-0.11884200572967529,3.057718276977539e-05,-0.0805707573890686
Peace,0.0,0.0,0.053974151611328125,-0.023683011531829834,0.08906161785125732,-0.0804603099822998,0.07270580530166626,-0.12157875299453735,0.035563528537750244,-0.14602303504943848,0.06259220838546753,-0.21984684467315674,0.09015291929244995,-0.3032453656196594,0.10355925559997559,-0.35853004455566406,0.11323904991149902,-0.40894070267677307,0.01518934965133667,-0.22361528873443604,0.011069238185882568,-0.3218986988067627,0.010375797748565674,-0.38713741302490234,0.008604288101196289,-0.44119879603385925,-0.02534574270248413,-0.19907641410827637,-0.02667790651321411,-0.23797297477722168,-0.0009235739707946777,-0.17023450136184692,0.01564478874206543,-0.11740344762802124,-0.05916255712509155,-0.15492784976959229,-0.04876953363418579,-0.17317461967468262,-0.0226629376411438,-0.12549638748168945,-0.004968404769897461,-0.08609312772750854
Peace,0.0,0.0,0.049477994441986084,-0.02865999937057495,0.07845818996429443,-0.08564162254333496,0.05680549144744873,-0.12377363443374634,0.02193671464920044,-0.14999884366989136,0.05345553159713745,-0.22279572486877441,0.0814443826675415,-0.3056356906890869,0.09458297491073608,-0.3610140085220337,0.10419893264770508,-0.4117090702056885,0.007021009922027588,-0.22557449340820312,0.00392305850982666,-0.32287031412124634,0.0021041035652160645,-0.38851094245910645,-0.00034332275390625,-0.4433889389038086,-0.03298240900039673,-0.20006084442138672,-0.0355871319770813,-0.24367696046829224,-0.010426878929138184,-0.1793498992919922,0.006563782691955566,-0.1272197961807251,-0.0658610463142395,-0.15466398000717163,-0.0577082633972168,-0.1766539216041565,-0.03179776668548584,-0.12965857982635498,-0.013399779796600342,-0.08882331848144531
Peace,0.0,0.0,0.05317443609237671,-0.0200536847114563,0.08752363920211792,-0.07118493318557739,0.07179468870162964,-0.10989588499069214,0.03716176748275757,-0.1351965069770813,0.06210970878601074,-0.20635050535202026,0.09004151821136475,-0.2854873538017273,0.10366314649581909,-0.3377593159675598,0.11330640316009521,-0.38519859313964844,0.017902672290802002,-0.20988041162490845,0.015560686588287354,-0.30064302682876587,0.014683663845062256,-0.362551212310791,0.012634754180908203,-0.41427814960479736,-0.019980549812316895,-0.1871962547302246,-0.020249903202056885,-0.22367489337921143,0.0032140612602233887,-0.15993469953536987,0.01856553554534912,-0.11097204685211182,-0.05229836702346802,-0.14659035205841064,-0.04341554641723633,-0.16583526134490967,-0.019762396812438965,-0.12037307024002075,-0.0030277371406555176,-0.08228349685668945
Peace,0.0,0.0,0.0487709641456604,-0.022590339183807373,0.08106750249862671,-0.0704042911529541,0.07074856758117676,-0.1093173623085022,0.03732401132583618,-0.1334856152534485,0.057893455028533936,-0.1946888566017151,0.08212673664093018,-0.27041488885879517,0.09460228681564331,-0.32019245624542236,0.10354357957839966,-0.3659965395927429,0.017377853393554688,-0.19763100147247314,0.01303011178970337,-0.2851099371910095,0.011690914630889893,-0.34190940856933594,0.008996129035949707,-0.39087122678756714,-0.01753699779510498,-0.1740087866783142,-0.019410431385040283,-0.21179860830307007,0.0038102269172668457,-0.15633481740951538,0.01861804723739624,-0.11342215538024902,-0.047638535499572754,-0.1327909231185913,-0.04112190008163452,-0.15328997373580933,-0.018102586269378662,-0.11414176225662231,-0.0019001364707946777,-0.08065402507781982
Peace,0.0,0.0,0.04560190439224243,-0.02472400665283203,0.07548362016677856,-0.07159209251403809,0.06614995002746582,-0.10805779695510864,0.03693830966949463,-0.1329730749130249,0.05217921733856201,-0.18627965450286865,0.0728219747543335,-0.2564162611961365,0.08342349529266357,-0.30102604627609253,0.0910254716873169,-0.3424561619758606,0.014289259910583496,-0.18783485889434814,0.009936273097991943,-0.2729203701019287,0.009755373001098633,-0.32535117864608765,0.007970571517944336,-0.372270405292511,-0.01872420310974121,-0.16468387842178345,-0.017097890377044678,-0.19877249002456665,0.0037940144538879395,-0.14766740798950195,0.015505492687225342,-0.10934025049209595,-0.04679131507873535,-0.12599694728851318,-0.038161396980285645,-0.14785140752792358,-0.015614867210388184,-0.11307626962661743,-0.0007053017616271973,-0.08295309543609619
Peace,0.0,0.0,0.04300206899642944,-0.02740192413330078,0.06798571348190308,-0.07665812969207764,0.058138370513916016,-0.11430668830871582,0.02868819236755371,-0.134674072265625,0.04586738348007202,-0.18401116132736206,0.06641727685928345,-0.25357621908187866,0.07700318098068237,-0.29795318841934204,0.08379703760147095,-0.3377761244773865,0.009906589984893799,-0.18517816066741943,0.005471944808959961,-0.2656777501106262,0.005216777324676514,-0.3169597387313843,0.0038509368896484375,-0.3597787022590637,-0.02092355489730835,-0.16336476802825928,-0.022901594638824463,-0.19756865501403809,-0.0005233287811279297,-0.15541744232177734,0.014224827289581299,-0.11986106634140015,-0.04611903429031372,-0.12702608108520508,-0.03754258155822754,-0.1434914469718933,-0.01588994264602661,-0.1134800910949707,-0.0002688765525817871,-0.08565068244934082
Peace,0.0,0.0,0.03248372673988342,-0.021539151668548584,0.057541459798812866,-0.05898410081863403,0.07218244671821594,-0.08768248558044434,0.07271108031272888,-0.10790830850601196,0.03663662075996399,-0.14130359888076782,0.04696086049079895,-0.19387859106063843,0.06381925940513611,-0.1867605447769165,0.07599017024040222,-0.1676616072654724,0.011557668447494507,-0.13671165704727173,0.026125460863113403,-0.1784529685974121,0.04521605372428894,-0.16832512617111206,0.058144837617874146,-0.15008467435836792,-0.01129409670829773,-0.11895740032196045,0.018097907304763794,-0.11135011911392212,0.03267654776573181,-0.07883083820343018,0.0378589928150177,-0.052343785762786865,-0.028598546981811523,-0.09072542190551758,0.0026232004165649414,-0.07762670516967773,0.0166376531124115,-0.0522538423538208,0.021774083375930786,-0.03158676624298096
Peace,0.0,0.0,-0.022546052932739258,-0.030658960342407227,-0.02818131446838379,-0.07527965307235718,-0.006018579006195068,-0.1026340126991272,0.017144978046417236,-0.1185120940208435,-0.01853710412979126,-0.13841193914413452,-0.031799256801605225,-0.1906886100769043,-0.039484620094299316,-0.22233569622039795,-0.04477816820144653,-0.25023984909057617,0.005996882915496826,-0.13787221908569336,0.008252143859863281,-0.198955237865448,0.008284270763397217,-0.23332202434539795,0.008858799934387207,-0.2619786262512207,0.025912761688232422,-0.12014394998550415,0.033760905265808105,-0.1604623794555664,0.022807061672210693,-0.1295182704925537,0.015582919120788574,-0.1047896146774292,0.04136937856674194,-0.09208452701568604,0.041538238525390625,-0.1123930811882019,0.028271794319152832,-0.08780604600906372,0.01944875717163086,-0.0661848783493042
Peace,0.0,0.0,-0.023079752922058105,-0.030362725257873535,-0.029490172863006592,-0.07555621862411499,-0.008561253547668457,-0.10082167387008667,0.014511466026306152,-0.11562114953994751,-0.018737316131591797,-0.13813775777816772,-0.031861066818237305,-0.1903412938117981,-0.039228737354278564,-0.22185754776000977,-0.044061899185180664,-0.250092089176178,0.005784809589385986,-0.13765114545822144,0.006994426250457764,-0.1978345513343811,0.00705486536026001,-0.23156708478927612,0.007525384426116943,-0.25995612144470215,0.02574169635772705,-0.12035948038101196,0.033527672290802,-0.1595696210861206,0.02408367395401001,-0.12672686576843262,0.017833590507507324,-0.10062342882156372,0.04133659601211548,-0.09309655427932739,0.03887814283370972,-0.1080290675163269,0.02609938383102417,-0.07991373538970947,0.018095970153808594,-0.0564839243888855
Peace,0.0,0.0,-0.023507773876190186,-0.030169367790222168,-0.03026759624481201,-0.0759325623512268,-0.009526193141937256,-0.10108023881912231,0.013685524463653564,-0.11399310827255249,-0.018453478813171387,-0.13542813062667847,-0.03171133995056152,-0.18720918893814087,-0.03965926170349121,-0.2180538773536682,-0.045252084732055664,-0.24580377340316772,0.00583571195602417,-0.13541460037231445,0.007169902324676514,-0.1964516043663025,0.006340384483337402,-0.2304888367652893,0.006182432174682617,-0.2592785954475403,0.026023805141448975,-0.11881697177886963,0.033193349838256836,-0.15883082151412964,0.023007988929748535,-0.12511950731277466,0.01676720380783081,-0.09802800416946411,0.042287468910217285,-0.09279841184616089,0.037746310234069824,-0.10522258281707764,0.024331629276275635,-0.07641083002090454,0.016696572303771973,-0.052841901779174805
Peace,0.0,0.0,-0.023496150970458984,-0.030272841453552246,-0.030971288681030273,-0.07636356353759766,-0.010505080223083496,-0.10093092918395996,0.01269310712814331,-0.113395094871521,-0.01915806531906128,-0.13445794582366943,-0.033427298069000244,-0.18724101781845093,-0.04198729991912842,-0.2187907099723816,-0.04788452386856079,-0.24712729454040527,0.0047463178634643555,-0.13441413640975952,0.0054885149002075195,-0.19640564918518066,0.004697680473327637,-0.23088359832763672,0.004841446876525879,-0.25916337966918945,0.024890661239624023,-0.11808079481124878,0.03219479322433472,-0.1594296097755432,0.02181398868560791,-0.12739169597625732,0.015261232852935791,-0.10096478462219238,0.04127824306488037,-0.09237194061279297,0.0365028977394104,-0.1046673059463501,0.023051977157592773,-0.07675373554229736,0.01532292366027832,-0.05353826284408569
Peace,0.0,0.0,-0.024411320686340332,-0.029294312000274658,-0.033782780170440674,-0.0752791166305542,-0.014213144779205322,-0.0987350344657898,0.008145391941070557,-0.10887247323989868,-0.01939469575881958,-0.13124161958694458,-0.03494387865066528,-0.1823675036430359,-0.04372984170913696,-0.21380877494812012,-0.04955291748046875,-0.24213236570358276,0.004677236080169678,-0.1309969425201416,0.0061966776847839355,-0.19207221269607544,0.004394650459289551,-0.22690486907958984,0.003940284252166748,-0.25611674785614014,0.024972140789031982,-0.1147240400314331,0.028620481491088867,-0.15331590175628662,0.016996562480926514,-0.12088429927825928,0.010957181453704834,-0.09420502185821533,0.040844619274139404,-0.08969604969024658,0.03161722421646118,-0.10144364833831787,0.017345786094665527,-0.074374258518219,0.010356605052947998,-0.052243709564208984
Peace,0.0,0.0,-0.02446383237838745,-0.027945518493652344,-0.03423231840133667,-0.07261413335800171,-0.01475059986114502,-0.09617328643798828,0.0071770548820495605,-0.1064445972442627,-0.01979804039001465,-0.1279255747795105,-0.035785675048828125,-0.17874693870544434,-0.04507303237915039,-0.2097676396369934,-0.05137509107589722,-0.23778897523880005,0.0038357973098754883,-0.1280428171157837,0.0048239827156066895,-0.18938273191452026,0.002539336681365967,-0.22376251220703125,0.001752316951751709,-0.25309330224990845,0.024065256118774414,-0.11256235837936401,0.02798926830291748,-0.15261143445968628,0.016750752925872803,-0.12015730142593384,0.010863304138183594,-0.09352022409439087,0.04008418321609497,-0.08821004629135132,0.03101801872253418,-0.09977507591247559,0.017059385776519775,-0.07227450609207153,0.01042783260345459,-0.05003631114959717
Peace,0.0,0.0,-0.024996161460876465,-0.02683955430984497,-0.036224365234375,-0.07199174165725708,-0.019090235233306885,-0.09731650352478027,0.0012288093566894531,-0.10817354917526245,-0.021074116230010986,-0.12885868549346924,-0.03819394111633301,-0.18007707595825195,-0.048074960708618164,-0.21158427000045776,-0.05485820770263672,-0.2401384711265564,0.0021601319313049316,-0.1289641261100769,0.0010592937469482422,-0.19082975387573242,-0.0018538832664489746,-0.22477364540100098,-0.0027737021446228027,-0.2537197470664978,0.022350072860717773,-0.1138414740562439,0.023747622966766357,-0.15423482656478882,0.0118599534034729,-0.1207011342048645,0.005823194980621338,-0.09302634000778198,0.03835594654083252,-0.09002047777175903,0.027161359786987305,-0.10243862867355347,0.013058781623840332,-0.07407927513122559,0.006827235221862793,-0.05136054754257202
Peace,0.0,0.0,-0.024746298789978027,-0.027285218238830566,-0.03581726551055908,-0.0710223913192749,-0.019023597240447998,-0.09400016069412231,0.0012694597244262695,-0.10261434316635132,-0.020228981971740723,-0.12727904319763184,-0.03676527738571167,-0.17848187685012817,-0.0465545654296875,-0.20978575944900513,-0.05331653356552124,-0.23842203617095947,0.0027677416801452637,-0.12672150135040283,0.002016603946685791,-0.18826425075531006,-0.001251220703125,-0.22216832637786865,-0.0025757551193237305,-0.25184881687164307,0.022901296615600586,-0.1113440990447998,0.024016976356506348,-0.15138769149780273,0.011603116989135742,-0.11708104610443115,0.005179405212402344,-0.08963125944137573,0.039076030254364014,-0.08758354187011719,0.028152167797088623,-0.10104101896286011,0.014275550842285156,-0.07332390546798706,0.008382201194763184,-0.05147910118103027
Peace,0.0,0.0,-0.02480936050415039,-0.02482318878173828,-0.037651121616363525,-0.06593620777130127,-0.023719072341918945,-0.08993464708328247,-0.005828797817230225,-0.10163795948028564,-0.020597755908966064,-0.12627381086349487,-0.036873579025268555,-0.1763303279876709,-0.046869874000549316,-0.20701313018798828,-0.05373126268386841,-0.23481112718582153,0.0021737217903137207,-0.12593287229537964,0.0007328987121582031,-0.18680799007415771,-0.003476083278656006,-0.22078919410705566,-0.005109906196594238,-0.2505750060081482,0.02248966693878174,-0.11079156398773193,0.02094447612762451,-0.1484636664390564,0.007413327693939209,-0.1120482087135315,0.001093745231628418,-0.0831335186958313,0.03905242681503296,-0.08693772554397583,0.025484323501586914,-0.09760189056396484,0.011086344718933105,-0.06970018148422241,0.00551682710647583,-0.04820162057876587
Peace,0.0,0.0,-0.025774776935577393,-0.023659944534301758,-0.040513455867767334,-0.06134772300720215,-0.0307123064994812,-0.08699947595596313,-0.01493901014328003,-0.10060900449752808,-0.0200502872467041,-0.1244550347328186,-0.036731064319610596,-0.1715003252029419,-0.047946035861968994,-0.20207887887954712,-0.05540180206298828,-0.22967934608459473,0.0025263428688049316,-0.12417882680892944,-0.001596689224243164,-0.1829618215560913,-0.006897687911987305,-0.2174164056777954,-0.009008526802062988,-0.24624508619308472,0.02270609140396118,-0.10940003395080566,0.013392031192779541,-0.14126402139663696,-0.0027570128440856934,-0.10652273893356323,-0.010437846183776855,-0.07606899738311768,0.038094282150268555,-0.08610790967941284,0.01590907573699951,-0.09124195575714111,-0.0001888871192932129,-0.06434255838394165,-0.005868673324584961,-0.04155987501144409
Peace,0.0,0.0,-0.027312278747558594,-0.02485477924346924,-0.04327768087387085,-0.05706280469894409,-0.03834176063537598,-0.0819738507270813,-0.02678060531616211,-0.09921753406524658,-0.027243614196777344,-0.12441694736480713,-0.042350828647613525,-0.17145204544067383,-0.053407490253448486,-0.20153802633285522,-0.060389578342437744,-0.22879797220230103,-0.0031381845474243164,-0.12323951721191406,-0.008310317993164062,-0.18072509765625,-0.014416933059692383,-0.21476131677627563,-0.017503321170806885,-0.2431790828704834,0.01744210720062256,-0.10645252466201782,0.002430140972137451,-0.13770931959152222,-0.013200819492340088,-0.1035270094871521,-0.019864439964294434,-0.07448482513427734,0.031242311000823975,-0.08021539449691772,0.0047476887702941895,-0.08350217342376709,-0.013088226318359375,-0.05917578935623169,-0.020506739616394043,-0.03932541608810425
Peace,0.0,0.0,-0.02863842248916626,-0.0271303653717041,-0.04449331760406494,-0.05818021297454834,-0.04653364419937134,-0.08326190710067749,-0.04047757387161255,-0.10265660285949707,-0.030117273330688477,-0.12129193544387817,-0.046987056732177734,-0.16974139213562012,-0.05943191051483154,-0.20087593793869019,-0.06691122055053711,-0.22756683826446533,-0.0060350894927978516,-0.12014096975326538,-0.01636749505996704,-0.18019121885299683,-0.024413883686065674,-0.21523123979568481,-0.02816218137741089,-0.24202924966812134,0.013214111328125,-0.10434490442276001,-0.01145637035369873,-0.13188517093658447,-0.02731984853744507,-0.1006888747215271,-0.032293081283569336,-0.07363426685333252,0.02288442850112915,-0.07980406284332275,-0.0116424560546875,-0.07946687936782837,-0.029412806034088135,-0.05762368440628052,-0.035278141498565674,-0.040127575397491455
Peace,0.0,0.0,-0.028871774673461914,-0.028134822845458984,-0.04376089572906494,-0.05974167585372925,-0.04805862903594971,-0.08500975370407104,-0.04410213232040405,-0.09927821159362793,-0.03005397319793701,-0.1211349368095398,-0.04775559902191162,-0.16979658603668213,-0.05941253900527954,-0.20189028978347778,-0.066653311252594,-0.22864365577697754,-0.0076920390129089355,-0.11895608901977539,-0.020769059658050537,-0.1785292625427246,-0.029879450798034668,-0.21461254358291626,-0.03436708450317383,-0.24092227220535278,0.00959402322769165,-0.10184776782989502,-0.01720452308654785,-0.12779170274734497,-0.032686710357666016,-0.0960310697555542,-0.03739577531814575,-0.06978750228881836,0.01798403263092041,-0.07646322250366211,-0.015984416007995605,-0.0794643759727478,-0.03258448839187622,-0.057914674282073975,-0.038156330585479736,-0.04085344076156616
Peace,0.0,0.0,-0.025513648986816406,-0.02608191967010498,-0.035408079624176025,-0.07099956274032593,-0.014641106128692627,-0.0986672043800354,0.007151782512664795,-0.11431580781936646,-0.02032572031021118,-0.13004416227340698,-0.033494412899017334,-0.17907512187957764,-0.0424574613571167,-0.20875847339630127,-0.04910379648208618,-0.23462718725204468,0.003011465072631836,-0.1293279528617859,0.004295706748962402,-0.19024115800857544,0.0024790167808532715,-0.22325098514556885,0.0022968649864196777,-0.2501533627510071,0.022393465042114258,-0.11272662878036499,0.025296926498413086,-0.15497124195098877,0.014323115348815918,-0.12381213903427124,0.009207010269165039,-0.09831231832504272,0.03763890266418457,-0.08718138933181763,0.02775639295578003,-0.10478723049163818,0.015091478824615479,-0.07801073789596558,0.010214269161224365,-0.055570781230926514
Peace,0.0,0.0,-0.02515888214111328,-0.028992891311645508,-0.031617581844329834,-0.07528561353683472,-0.008443593978881836,-0.10251420736312866,0.014656245708465576,-0.1180691123008728,-0.020737767219543457,-0.13344860076904297,-0.0334775447845459,-0.18191182613372803,-0.041541457176208496,-0.211334228515625,-0.04685044288635254,-0.23720324039459229,0.0031592249870300293,-0.13314342498779297,0.004812061786651611,-0.19251370429992676,0.004854440689086914,-0.225072979927063,0.006240785121917725,-0.25155776739120483,0.022618234157562256,-0.11632311344146729,0.03183263540267944,-0.15545934438705444,0.021518707275390625,-0.12565702199935913,0.014927566051483154,-0.10134077072143555,0.037972211837768555,-0.09043675661087036,0.033397674560546875,-0.10181427001953125,0.02018791437149048,-0.07545894384384155,0.012142419815063477,-0.05393803119659424
Peace,0.0,0.0,-0.019811570644378662,-0.029089927673339844,-0.02306807041168213,-0.06925147771835327,0.002106606960296631,-0.0881853699684143,0.02574944496154785,-0.0962567925453186,-0.01144498586654663,-0.1267186403274536,-0.022617816925048828,-0.1746058464050293,-0.02975386381149292,-0.20393431186676025,-0.03550297021865845,-0.23011267185211182,0.012202262878417969,-0.12458610534667969,0.01953566074371338,-0.18132537603378296,0.022887229919433594,-0.21285641193389893,0.02570796012878418,-0.2399337887763977,0.029882490634918213,-0.1062515377998352,0.0407828688621521,-0.13722378015518188,0.028831541538238525,-0.10819602012634277,0.019862651824951172,-0.08641022443771362,0.043174028396606445,-0.07952457666397095,0.04439365863800049,-0.08960312604904175,0.03062540292739868,-0.0673673152923584,0.020367145538330078,-0.050001680850982666
Peace,0.0,0.0,-0.01883077621459961,-0.030292749404907227,-0.02059227228164673,-0.06964331865310669,0.004931271076202393,-0.08971774578094482,0.027649521827697754,-0.09901171922683716,-0.009664297103881836,-0.12417006492614746,-0.019108116626739502,-0.17036205530166626,-0.02463012933731079,-0.19900143146514893,-0.028049111366271973,-0.22430360317230225,0.013974606990814209,-0.1233794093132019,0.02197885513305664,-0.17585068941116333,0.026368260383605957,-0.20741409063339233,0.030453860759735107,-0.23389458656311035,0.03231149911880493,-0.1080203652381897,0.04203134775161743,-0.13798266649246216,0.03327369689941406,-0.10827016830444336,0.026531755924224854,-0.08474928140640259,0.046445250511169434,-0.08343666791915894,0.05298507213592529,-0.1046704649925232,0.04246300458908081,-0.08360260725021362,0.03379678726196289,-0.06335711479187012
Peace,0.0,0.0,-0.018465936183929443,-0.02942824363708496,-0.01924377679824829,-0.06783550977706909,0.006737828254699707,-0.08712148666381836,0.02906864881515503,-0.09598380327224731,-0.008701860904693604,-0.12139594554901123,-0.017854630947113037,-0.16771483421325684,-0.023444831371307373,-0.19627046585083008,-0.027111291885375977,-0.22140711545944214,0.014876842498779297,-0.12058192491531372,0.022051215171813965,-0.17413002252578735,0.026301085948944092,-0.20578956604003906,0.030299127101898193,-0.23340928554534912,0.032743215560913086,-0.10445702075958252,0.044473230838775635,-0.13500595092773438,0.03594028949737549,-0.10579383373260498,0.02889883518218994,-0.08298748731613159,0.04596245288848877,-0.07877212762832642,0.05388110876083374,-0.09828048944473267,0.04419517517089844,-0.07884877920150757,0.03605598211288452,-0.06064748764038086
Peace,0.0,0.0,-0.018376827239990234,-0.030254125595092773,-0.018188178539276123,-0.07008904218673706,0.008384287357330322,-0.08989286422729492,0.031293392181396484,-0.0992841124534607,-0.0070015788078308105,-0.1236007809638977,-0.015498161315917969,-0.16985642910003662,-0.020277202129364014,-0.1985298991203308,-0.023098528385162354,-0.22358959913253784,0.01666569709777832,-0.12258344888687134,0.02465677261352539,-0.1765228509902954,0.02924668788909912,-0.20772123336791992,0.03350871801376343,-0.2344803810119629,0.03431224822998047,-0.10625427961349487,0.04808551073074341,-0.13602566719055176,0.038753628730773926,-0.1072835922241211,0.030793309211730957,-0.08521372079849243,0.04695981740951538,-0.08047866821289062,0.055619776248931885,-0.09903794527053833,0.04527175426483154,-0.07902663946151733,0.03632158041000366,-0.061115264892578125
Peace,0.0,0.0,-0.017974436283111572,-0.0304223895072937,-0.01544952392578125,-0.07016181945800781,0.01299351453781128,-0.0887981653213501,0.035952091217041016,-0.09854942560195923,-0.0038216710090637207,-0.12454867362976074,-0.009919703006744385,-0.17152464389801025,-0.013660132884979248,-0.20033907890319824,-0.015601158142089844,-0.2255035638809204,0.02000570297241211,-0.12327265739440918,0.029011189937591553,-0.17708009481430054,0.03448063135147095,-0.20816963911056519,0.03974026441574097,-0.23536235094070435,0.03711014986038208,-0.10690057277679443,0.052081286907196045,-0.13906151056289673,0.04382777214050293,-0.11031860113143921,0.036419689655303955,-0.0876075029373169,0.04946082830429077,-0.08059912919998169,0.06037086248397827,-0.10124975442886353,0.05075669288635254,-0.08168303966522217,0.04173082113265991,-0.06319046020507812
Peace,0.0,0.0,-0.015668094158172607,-0.03450632095336914,-0.011459171772003174,-0.07475936412811279,0.017928898334503174,-0.0933525562286377,0.041520535945892334,-0.0993267297744751,0.00044023990631103516,-0.1272839903831482,-0.002910792827606201,-0.17571961879730225,-0.0053806304931640625,-0.20436984300613403,-0.006400942802429199,-0.22906100749969482,0.02395927906036377,-0.12474232912063599,0.035314977169036865,-0.1798713207244873,0.04236036539077759,-0.2121855616569519,0.04904276132583618,-0.2395561933517456,0.04079645872116089,-0.10741543769836426,0.057883381843566895,-0.14058160781860352,0.049056291580200195,-0.11334228515625,0.04063993692398071,-0.0908041000366211,0.0527690052986145,-0.08050930500030518,0.06586354970932007,-0.10253477096557617,0.056754469871520996,-0.08515554666519165,0.04729276895523071,-0.0673791766166687
Peace,0.0,0.0,-0.015427470207214355,-0.03319782018661499,-0.009052634239196777,-0.07094210386276245,0.021516799926757812,-0.08767223358154297,0.04474145174026489,-0.09470248222351074,0.002511918544769287,-0.12492215633392334,0.0004050731658935547,-0.17328739166259766,-0.0007767081260681152,-0.20254439115524292,-0.000837862491607666,-0.22801673412322998,0.026417136192321777,-0.12249088287353516,0.039102256298065186,-0.17716515064239502,0.047019362449645996,-0.20882517099380493,0.05420964956283569,-0.2370309829711914,0.04257124662399292,-0.10490483045578003,0.061385393142700195,-0.13592761754989624,0.05278670787811279,-0.10777616500854492,0.04410851001739502,-0.08655476570129395,0.05343502759933472,-0.07745933532714844,0.06782513856887817,-0.09617286920547485,0.05853062868118286,-0.07866126298904419,0.04830300807952881,-0.0630192756652832
Peace,0.0,0.0,-0.015959560871124268,-0.032482028007507324,-0.011360704898834229,-0.07145512104034424,0.01736503839492798,-0.088054358959198,0.04040169715881348,-0.09334087371826172,0.002260863780975342,-0.12612205743789673,-0.00024253129959106445,-0.1738254427909851,-0.0015279054641723633,-0.2026907205581665,-0.0018865466117858887,-0.22775274515151978,0.026135265827178955,-0.12341856956481934,0.03939777612686157,-0.1769113540649414,0.04655933380126953,-0.2081986665725708,0.05285555124282837,-0.23614376783370972,0.042576491832733154,-0.1055557131767273,0.061681509017944336,-0.1359604001045227,0.050765156745910645,-0.10839980840682983,0.04075711965560913,-0.08766287565231323,0.05361884832382202,-0.07798033952713013,0.06728744506835938,-0.0957939624786377,0.057308852672576904,-0.07962119579315186,0.04751795530319214,-0.06563729047775269
Peace,0.0,0.0,-0.015796542167663574,-0.032779037952423096,-0.01167076826095581,-0.07151776552200317,0.017239511013031006,-0.09002411365509033,0.04040026664733887,-0.09737122058868408,5.733966827392578e-05,-0.12589406967163086,-0.0031996965408325195,-0.17344963550567627,-0.005060791969299316,-0.20296913385391235,-0.005861639976501465,-0.22857695817947388,0.023909270763397217,-0.12364000082015991,0.03550297021865845,-0.17778438329696655,0.042022764682769775,-0.2094629406929016,0.047833025455474854,-0.23725521564483643,0.040870606899261475,-0.10613477230072021,0.058455467224121094,-0.13573497533798218,0.04890298843383789,-0.10700178146362305,0.040015995502471924,-0.08523368835449219,0.05235457420349121,-0.07891106605529785,0.0654107928276062,-0.09830129146575928,0.05570131540298462,-0.08049768209457397,0.04599297046661377,-0.06414222717285156
Peace,0.0,0.0,-0.016418814659118652,-0.03355753421783447,-0.013118445873260498,-0.07418203353881836,0.015556693077087402,-0.09257948398590088,0.039386093616485596,-0.09834927320480347,-0.0014500617980957031,-0.12695276737213135,-0.005610346794128418,-0.17442923784255981,-0.007890582084655762,-0.20383203029632568,-0.00922536849975586,-0.22897982597351074,0.022574126720428467,-0.12428838014602661,0.03370577096939087,-0.17826145887374878,0.039046287536621094,-0.2097632884979248,0.04393041133880615,-0.2373565435409546,0.04002910852432251,-0.10644650459289551,0.05694091320037842,-0.1367182731628418,0.04553467035293579,-0.10897266864776611,0.03581058979034424,-0.08827227354049683,0.052082836627960205,-0.0790218710899353,0.0636974573135376,-0.0985482931137085,0.05290764570236206,-0.08192688226699829,0.04296177625656128,-0.06707203388214111
Peace,0.0,0.0,-0.018285691738128662,-0.032712340354919434,-0.017658770084381104,-0.07511001825332642,0.009228706359863281,-0.09501475095748901,0.03366243839263916,-0.1022678017616272,-0.003632187843322754,-0.1289827823638916,-0.00936734676361084,-0.17948085069656372,-0.012515127658843994,-0.20976859331130981,-0.014186501502990723,-0.23657822608947754,0.01933354139328003,-0.12552565336227417,0.02846616506576538,-0.18178188800811768,0.0315706729888916,-0.21322226524353027,0.034163594245910645,-0.24007141590118408,0.03669440746307373,-0.10701775550842285,0.05033832788467407,-0.13981086015701294,0.03894132375717163,-0.11203920841217041,0.03014284372329712,-0.09055006504058838,0.048720717430114746,-0.07934874296188354,0.05668681859970093,-0.09925073385238647,0.04380035400390625,-0.07765978574752808,0.033793509006500244,-0.05834239721298218
Peace,0.0,0.0,-0.020523548126220703,-0.030768632888793945,-0.02333855628967285,-0.07274222373962402,0.001608729362487793,-0.09232133626937866,0.02574467658996582,-0.09839355945587158,-0.00808572769165039,-0.1277521848678589,-0.015256941318511963,-0.17801755666732788,-0.01928955316543579,-0.20791548490524292,-0.021701037883758545,-0.234483540058136,0.014710426330566406,-0.12473207712173462,0.021809697151184082,-0.18200135231018066,0.023546278476715088,-0.2140910029411316,0.025389492511749268,-0.2416589856147766,0.032360613346099854,-0.10655009746551514,0.044945359230041504,-0.1392257809638977,0.033077895641326904,-0.11043155193328857,0.02435910701751709,-0.08810287714004517,0.04475277662277222,-0.07938563823699951,0.05025535821914673,-0.09834879636764526,0.03699558973312378,-0.07655072212219238,0.02714991569519043,-0.05758446455001831
Peace,0.0,0.0,-0.0193212628364563,-0.028086543083190918,-0.024054646492004395,-0.06716930866241455,-0.0014910101890563965,-0.08294492959976196,0.021628499031066895,-0.08630990982055664,-0.00782853364944458,-0.12472480535507202,-0.015860021114349365,-0.17570197582244873,-0.02066802978515625,-0.20725280046463013,-0.023249030113220215,-0.23465615510940552,0.014784455299377441,-0.11988717317581177,0.02059948444366455,-0.1751645803451538,0.022540628910064697,-0.2082674503326416,0.024902641773223877,-0.23674362897872925,0.03191685676574707,-0.10028988122940063,0.042466580867767334,-0.13022911548614502,0.029745876789093018,-0.10359537601470947,0.02064502239227295,-0.08243381977081299,0.043812453746795654,-0.07295602560043335,0.04525768756866455,-0.08624833822250366,0.031848907470703125,-0.06567353010177612,0.02279520034790039,-0.048566222190856934
Peace,0.0,0.0,-0.01950967311859131,-0.02819538116455078,-0.02405482530593872,-0.06768465042114258,-0.0008904933929443359,-0.08309167623519897,0.022317349910736084,-0.0857422947883606,-0.008074164390563965,-0.12474918365478516,-0.01633673906326294,-0.17578577995300293,-0.021171629428863525,-0.20751333236694336,-0.023846030235290527,-0.23497551679611206,0.014851093292236328,-0.11975616216659546,0.021130025386810303,-0.17543309926986694,0.023054420948028564,-0.2087618112564087,0.025602281093597412,-0.23767179250717163,0.03212624788284302,-0.099872887134552,0.04243391752243042,-0.12938940525054932,0.02901434898376465,-0.10230404138565063,0.019884049892425537,-0.08106386661529541,0.04402005672454834,-0.07248717546463013,0.045323312282562256,-0.08575272560119629,0.03176158666610718,-0.06563133001327515,0.023059427738189697,-0.04937136173248291
Peace,0.0,0.0,-0.019710421562194824,-0.028429746627807617,-0.024851620197296143,-0.06870377063751221,-0.002202451229095459,-0.08461582660675049,0.021088898181915283,-0.08776092529296875,-0.00857853889465332,-0.12542825937271118,-0.018007278442382812,-0.17607438564300537,-0.023419082164764404,-0.20744329690933228,-0.02647453546524048,-0.23459380865097046,0.014105737209320068,-0.12085878849029541,0.01992744207382202,-0.17688751220703125,0.021591901779174805,-0.21005886793136597,0.024029195308685303,-0.23845165967941284,0.031256258487701416,-0.10139292478561401,0.04126673936843872,-0.13038736581802368,0.028119444847106934,-0.10378742218017578,0.01915717124938965,-0.08245879411697388,0.042975544929504395,-0.07417374849319458,0.04484289884567261,-0.0877830982208252,0.031234800815582275,-0.06705319881439209,0.02206408977508545,-0.04939901828765869
Peace,0.0,0.0,-0.019509971141815186,-0.027411222457885742,-0.025090456008911133,-0.06783020496368408,-0.0030983686447143555,-0.08483332395553589,0.019821226596832275,-0.08909130096435547,-0.009327113628387451,-0.12301093339920044,-0.018899500370025635,-0.17264479398727417,-0.024567365646362305,-0.20336830615997314,-0.02794945240020752,-0.2301580309867859,0.013541102409362793,-0.1190265417098999,0.019997596740722656,-0.1751919984817505,0.02226179838180542,-0.20836830139160156,0.02497076988220215,-0.23690104484558105,0.031176865100860596,-0.10044008493423462,0.039568305015563965,-0.12939095497131348,0.026524007320404053,-0.10144472122192383,0.01779913902282715,-0.07964521646499634,0.043552935123443604,-0.07431924343109131,0.043076395988464355,-0.0877460241317749,0.029401957988739014,-0.06602948904037476,0.020534396171569824,-0.04791665077209473
Peace,0.0,0.0,-0.020074069499969482,-0.028178274631500244,-0.0259249210357666,-0.06820052862167358,-0.004558205604553223,-0.08534294366836548,0.018325984477996826,-0.08987456560134888,-0.010102510452270508,-0.12383037805557251,-0.02020508050918579,-0.1724265217781067,-0.026255548000335693,-0.2027091383934021,-0.030120670795440674,-0.22929972410202026,0.012797713279724121,-0.12008720636367798,0.019321978092193604,-0.17542517185211182,0.021369338035583496,-0.20873719453811646,0.023790717124938965,-0.2373960018157959,0.030472397804260254,-0.10156029462814331,0.0387728214263916,-0.13054615259170532,0.025543630123138428,-0.10204076766967773,0.016695499420166016,-0.07990258932113647,0.04310804605484009,-0.07514816522598267,0.04280608892440796,-0.08930617570877075,0.028835713863372803,-0.06747996807098389,0.01958984136581421,-0.049402713775634766
Peace,0.0,0.0,-0.019838273525238037,-0.027764439582824707,-0.02662217617034912,-0.06744551658630371,-0.005413532257080078,-0.08356404304504395,0.01812976598739624,-0.08581793308258057,-0.009458303451538086,-0.12330669164657593,-0.019930601119995117,-0.17277240753173828,-0.025907516479492188,-0.20328497886657715,-0.02934819459915161,-0.23009097576141357,0.01361548900604248,-0.11885827779769897,0.02078843116760254,-0.17365717887878418,0.023086249828338623,-0.20713579654693604,0.02587747573852539,-0.23595786094665527,0.03130823373794556,-0.10003608465194702,0.03960156440734863,-0.1295827031135559,0.025486350059509277,-0.10196709632873535,0.01627248525619507,-0.07990139722824097,0.044194698333740234,-0.0737924575805664,0.042573392391204834,-0.0854751467704773,0.028036952018737793,-0.06438839435577393,0.018931150436401367,-0.04676610231399536
Peace,0.0,0.0,-0.020340919494628906,-0.028003990650177002,-0.026549935340881348,-0.06929433345794678,-0.005428135395050049,-0.08603572845458984,0.017693042755126953,-0.08954143524169922,-0.009400129318237305,-0.12372422218322754,-0.01975911855697632,-0.17355972528457642,-0.025769174098968506,-0.20454347133636475,-0.029266059398651123,-0.23154175281524658,0.013462603092193604,-0.1199299693107605,0.020151972770690918,-0.17527443170547485,0.022504985332489014,-0.20878314971923828,0.025270402431488037,-0.23722654581069946,0.030888676643371582,-0.10176461935043335,0.039815306663513184,-0.13180750608444214,0.026571989059448242,-0.10418683290481567,0.017616450786590576,-0.0816725492477417,0.04326361417770386,-0.07590967416763306,0.04214191436767578,-0.08875983953475952,0.02799469232559204,-0.0667772889137268,0.018820226192474365,-0.04807162284851074
Peace,0.0,0.0,-0.019990205764770508,-0.028461456298828125,-0.026436328887939453,-0.06934946775436401,-0.005585312843322754,-0.08593308925628662,0.017438292503356934,-0.08936303853988647,-0.009468555450439453,-0.12331295013427734,-0.019678771495819092,-0.17255651950836182,-0.02575773000717163,-0.20338314771652222,-0.02936244010925293,-0.23030048608779907,0.013277649879455566,-0.11891031265258789,0.02015477418899536,-0.17465323209762573,0.022065401077270508,-0.20856040716171265,0.02479451894760132,-0.2372303605079651,0.030857205390930176,-0.1001662015914917,0.03922480344772339,-0.13134890794754028,0.025194168090820312,-0.10312902927398682,0.01628929376602173,-0.08015018701553345,0.043340325355529785,-0.07398414611816406,0.04177093505859375,-0.08987349271774292,0.027942359447479248,-0.06885087490081787,0.019770383834838867,-0.050694167613983154
Peace,0.0,0.0,-0.020219862461090088,-0.027636229991912842,-0.0267561674118042,-0.06851285696029663,-0.0056746602058410645,-0.08556151390075684,0.017378687858581543,-0.08896547555923462,-0.0094987154006958,-0.12309098243713379,-0.01975184679031372,-0.1726401448249817,-0.025639593601226807,-0.2034839391708374,-0.02895534038543701,-0.23056554794311523,0.013382196426391602,-0.11934632062911987,0.02004605531692505,-0.17516940832138062,0.022263944149017334,-0.20883077383041382,0.025300204753875732,-0.23744988441467285,0.030951201915740967,-0.10105258226394653,0.03912067413330078,-0.13190823793411255,0.025405168533325195,-0.10195612907409668,0.01673966646194458,-0.0779607892036438,0.04369288682937622,-0.07500314712524414,0.0421137809753418,-0.08914220333099365,0.028320729732513428,-0.06669384241104126,0.02015674114227295,-0.04795640707015991
Peace,0.0,0.0,-0.02023458480834961,-0.028590857982635498,-0.027625083923339844,-0.0703231692314148,-0.00629657506942749,-0.08642536401748657,0.01734071969985962,-0.08824986219406128,-0.009179890155792236,-0.12267941236495972,-0.01924341917037964,-0.17212992906570435,-0.024999499320983887,-0.20283979177474976,-0.028504908084869385,-0.2299351692199707,0.013842761516571045,-0.1185794472694397,0.02087104320526123,-0.17423897981643677,0.023025691509246826,-0.20787006616592407,0.025931060314178467,-0.23678505420684814,0.031556665897369385,-0.10004037618637085,0.039715349674224854,-0.13066160678863525,0.025201916694641113,-0.10089743137359619,0.01591634750366211,-0.07703721523284912,0.04446953535079956,-0.07382404804229736,0.04292851686477661,-0.08783930540084839,0.028971493244171143,-0.06677287817001343,0.020690560340881348,-0.04910498857498169
Peace,0.0,0.0,-0.02025890350341797,-0.02805393934249878,-0.02717733383178711,-0.07004302740097046,-0.006179988384246826,-0.08679389953613281,0.017074882984161377,-0.08901739120483398,-0.009573817253112793,-0.12241071462631226,-0.019901275634765625,-0.1721675992012024,-0.025884151458740234,-0.2030332088470459,-0.029538273811340332,-0.23022639751434326,0.013532042503356934,-0.11849242448806763,0.020197272300720215,-0.17424798011779785,0.02233797311782837,-0.20739465951919556,0.025270700454711914,-0.2360246181488037,0.03149479627609253,-0.1002495288848877,0.0385860800743103,-0.1308063268661499,0.024395525455474854,-0.10070687532424927,0.015700697898864746,-0.07698148488998413,0.044681668281555176,-0.07438910007476807,0.04217171669006348,-0.08853214979171753,0.02829456329345703,-0.06634241342544556,0.020538687705993652,-0.0480533242225647
Peace,0.0,0.0,-0.020237386226654053,-0.028216540813446045,-0.02697819471359253,-0.06982207298278809,-0.006319820880889893,-0.08625435829162598,0.01678335666656494,-0.08850288391113281,-0.009612679481506348,-0.12309926748275757,-0.01997619867324829,-0.17249852418899536,-0.02601224184036255,-0.2031511664390564,-0.02968156337738037,-0.230232834815979,0.01356208324432373,-0.1194232702255249,0.02019137144088745,-0.1749550700187683,0.022290408611297607,-0.2084900140762329,0.025180697441101074,-0.23752015829086304,0.03149282932281494,-0.10130304098129272,0.03901505470275879,-0.13180172443389893,0.02487015724182129,-0.1006895899772644,0.01608484983444214,-0.07618510723114014,0.04457634687423706,-0.07554018497467041,0.04239171743392944,-0.08919721841812134,0.02868354320526123,-0.06672322750091553,0.020958125591278076,-0.048230886459350586
Peace,0.0,0.0,-0.02052527666091919,-0.028002142906188965,-0.02799975872039795,-0.06972450017929077,-0.006674230098724365,-0.08624124526977539,0.016246378421783447,-0.08916449546813965,-0.009880900382995605,-0.12151312828063965,-0.01967751979827881,-0.17130368947982788,-0.025478243827819824,-0.20212525129318237,-0.029319405555725098,-0.2292560338973999,0.013103306293487549,-0.11727869510650635,0.020894169807434082,-0.17391151189804077,0.022975623607635498,-0.20742952823638916,0.025416135787963867,-0.23626214265823364,0.03089725971221924,-0.09857004880905151,0.038932204246520996,-0.12881779670715332,0.02518308162689209,-0.10394841432571411,0.01642519235610962,-0.08380281925201416,0.04347890615463257,-0.07269531488418579,0.04127192497253418,-0.08575057983398438,0.027303218841552734,-0.06699961423873901,0.01914292573928833,-0.05135810375213623
Peace,0.0,0.0,-0.021013915538787842,-0.02859550714492798,-0.029055297374725342,-0.0699273943901062,-0.009034335613250732,-0.08694654703140259,0.013489902019500732,-0.0898352861404419,-0.011499941349029541,-0.12156206369400024,-0.020728707313537598,-0.17167645692825317,-0.02605193853378296,-0.2017267942428589,-0.029806137084960938,-0.22840559482574463,0.011180996894836426,-0.11747086048126221,0.01947164535522461,-0.17380863428115845,0.02136284112930298,-0.20597130060195923,0.023298323154449463,-0.233465313911438,0.029004275798797607,-0.09921181201934814,0.03507322072982788,-0.1290067434310913,0.020968139171600342,-0.1016150712966919,0.012688398361206055,-0.07986760139465332,0.04200410842895508,-0.07340699434280396,0.0383877158164978,-0.0853988528251648,0.024697422981262207,-0.06536251306533813,0.017619311809539795,-0.049364328384399414
Peace,0.0,0.0,-0.021001160144805908,-0.02775651216506958,-0.029384613037109375,-0.06668299436569214,-0.010980844497680664,-0.08466792106628418,0.010632336139678955,-0.08812040090560913,-0.012755274772644043,-0.11832970380783081,-0.021635234355926514,-0.16762161254882812,-0.02672445774078369,-0.19776612520217896,-0.030106961727142334,-0.22431248426437378,0.009183049201965332,-0.11415678262710571,0.016128599643707275,-0.17057651281356812,0.018082022666931152,-0.20350593328475952,0.020423412322998047,-0.23134320974349976,0.026838302612304688,-0.09606164693832397,0.03307056427001953,-0.1272495985031128,0.019738852977752686,-0.09932583570480347,0.011666357517242432,-0.07707047462463379,0.03990435600280762,-0.07049858570098877,0.03707510232925415,-0.08704102039337158,0.023555517196655273,-0.0668221116065979,0.01592189073562622,-0.05033445358276367
Peace,0.0,0.0,-0.021512091159820557,-0.026357650756835938,-0.03373008966445923,-0.06476795673370361,-0.018603265285491943,-0.08305269479751587,0.0028269290924072266,-0.08482670783996582,-0.01633155345916748,-0.11663150787353516,-0.028315484523773193,-0.16519564390182495,-0.0349193811416626,-0.19476020336151123,-0.03917407989501953,-0.22097676992416382,0.005395948886871338,-0.11433517932891846,0.008923172950744629,-0.17047148942947388,0.009292840957641602,-0.20251357555389404,0.010907530784606934,-0.23001253604888916,0.023609161376953125,-0.09806585311889648,0.025918543338775635,-0.12759989500045776,0.013640165328979492,-0.1003909707069397,0.006692051887512207,-0.07809144258499146,0.0377349853515625,-0.07421982288360596,0.03091287612915039,-0.08418244123458862,0.01766061782836914,-0.06498211622238159,0.010661184787750244,-0.04951757192611694
Peace,0.0,0.0,-0.022960245609283447,-0.021276354789733887,-0.04069113731384277,-0.05641967058181763,-0.031587421894073486,-0.07861018180847168,-0.012072265148162842,-0.0848124623298645,-0.020619571208953857,-0.11575150489807129,-0.0323939323425293,-0.16283994913101196,-0.03992348909378052,-0.19210058450698853,-0.044097065925598145,-0.2176440954208374,0.0013071894645690918,-0.1130780577659607,0.0008010268211364746,-0.1674850583076477,-0.0016363859176635742,-0.19877922534942627,-0.0008347630500793457,-0.22547370195388794,0.020396828651428223,-0.09606754779815674,0.012139737606048584,-0.1208762526512146,-0.0028722286224365234,-0.09113919734954834,-0.009349644184112549,-0.06686973571777344,0.033963799476623535,-0.07070523500442505,0.017749011516571045,-0.07782971858978271,0.0045555830001831055,-0.05747497081756592,0.0009939074516296387,-0.04113972187042236
Peace,0.0,0.0,-0.023483216762542725,-0.025054514408111572,-0.035749971866607666,-0.05748635530471802,-0.030901968479156494,-0.07982927560806274,-0.01985067129135132,-0.09506601095199585,-0.020239293575286865,-0.11524683237075806,-0.03298670053482056,-0.16253113746643066,-0.0406491756439209,-0.19195759296417236,-0.04558861255645752,-0.21729743480682373,0.0014268755912780762,-0.11283248662948608,-0.0010852217674255371,-0.17021459341049194,-0.00533682107925415,-0.20244401693344116,-0.00735163688659668,-0.22900795936584473,0.019317984580993652,-0.09592562913894653,0.0028200149536132812,-0.12619668245315552,-0.010584890842437744,-0.09631431102752686,-0.01475602388381958,-0.07238626480102539,0.030327916145324707,-0.07046490907669067,0.00748288631439209,-0.08432114124298096,-0.005489826202392578,-0.06447964906692505,-0.008524417877197266,-0.04818171262741089
Peace,0.0,0.0,-0.026456713676452637,-0.025571584701538086,-0.04154181480407715,-0.05568283796310425,-0.03996634483337402,-0.07758229970932007,-0.028213977813720703,-0.0910869836807251,-0.024776160717010498,-0.1123119592666626,-0.038237810134887695,-0.15918833017349243,-0.04733777046203613,-0.189744234085083,-0.052660346031188965,-0.214647114276886,-0.0039920806884765625,-0.10899174213409424,-0.01151961088180542,-0.1648847460746765,-0.017911791801452637,-0.19797742366790771,-0.020405292510986328,-0.22354763746261597,0.012571334838867188,-0.09277909994125366,-0.012770116329193115,-0.11132508516311646,-0.024740993976593018,-0.08295094966888428,-0.02598130702972412,-0.0613245964050293,0.02168893814086914,-0.06897866725921631,-0.00737529993057251,-0.07648628950119019,-0.018456339836120605,-0.05694037675857544,-0.018623530864715576,-0.04214280843734741
Peace,0.0,0.0,-0.02785968780517578,-0.022351861000061035,-0.04273778200149536,-0.05056339502334595,-0.044140398502349854,-0.0716780424118042,-0.035034775733947754,-0.08547323942184448,-0.02583897113800049,-0.11183428764343262,-0.037658870220184326,-0.15906119346618652,-0.04606819152832031,-0.18884742259979248,-0.050623536109924316,-0.2131352424621582,-0.006036162376403809,-0.1078329086303711,-0.016400039196014404,-0.16298902034759521,-0.02471756935119629,-0.19641894102096558,-0.028824210166931152,-0.22228789329528809,0.009420394897460938,-0.09129250049591064,-0.01782137155532837,-0.1111752986907959,-0.029449641704559326,-0.08277946710586548,-0.02990257740020752,-0.06126725673675537,0.01762288808822632,-0.06659162044525146,-0.011893928050994873,-0.07647645473480225,-0.02294337749481201,-0.056222379207611084,-0.023120641708374023,-0.04085111618041992
Peace,0.0,0.0,-0.026458382606506348,-0.019356608390808105,-0.04180425405502319,-0.047800421714782715,-0.04049575328826904,-0.07008689641952515,-0.030615806579589844,-0.08606171607971191,-0.02353668212890625,-0.11145544052124023,-0.039593517780303955,-0.15424269437789917,-0.05039563775062561,-0.18010538816452026,-0.05744299292564392,-0.2022295594215393,-0.0034794211387634277,-0.10801833868026733,-0.00969994068145752,-0.15934938192367554,-0.017422616481781006,-0.18986594676971436,-0.022827208042144775,-0.21399861574172974,0.012302696704864502,-0.0919264554977417,-0.011039674282073975,-0.11415517330169678,-0.02413243055343628,-0.09394335746765137,-0.027521729469299316,-0.0766977071762085,0.02123779058456421,-0.06710243225097656,-0.006074190139770508,-0.07809042930603027,-0.01883751153945923,-0.0604473352432251,-0.02206474542617798,-0.04498136043548584
Peace,0.0,0.0,-0.02900823950767517,-0.0194893479347229,-0.04679441452026367,-0.04781836271286011,-0.04301661252975464,-0.06998592615127563,-0.03214770555496216,-0.08429074287414551,-0.033980607986450195,-0.1099129319190979,-0.05070197582244873,-0.15202558040618896,-0.061757445335388184,-0.17820817232131958,-0.06933343410491943,-0.20069575309753418,-0.0129852294921875,-0.11000841856002808,-0.0212860107421875,-0.16059672832489014,-0.028407812118530273,-0.19185411930084229,-0.03208190202713013,-0.21788698434829712,0.005170345306396484,-0.09523552656173706,-0.013303756713867188,-0.11247873306274414,-0.023237764835357666,-0.08812093734741211,-0.02525600790977478,-0.06893128156661987,0.01740783452987671,-0.07094037532806396,-0.005413055419921875,-0.07264381647109985,-0.016258180141448975,-0.05766063928604126,-0.019133925437927246,-0.04626888036727905
Peace,0.0,0.0,-0.028650343418121338,-0.020161807537078857,-0.04633525013923645,-0.04888105392456055,-0.04612568020820618,-0.07292115688323975,-0.03687101602554321,-0.08983224630355835,-0.03572240471839905,-0.10815227031707764,-0.05442020297050476,-0.1496993899345398,-0.06604689359664917,-0.174247145652771,-0.07439696788787842,-0.19562417268753052,-0.01673850417137146,-0.1084173321723938,-0.02726191282272339,-0.1609790325164795,-0.03533118963241577,-0.18995755910873413,-0.039792805910110474,-0.21433520317077637,3.421306610107422e-05,-0.09576278924942017,-0.021301180124282837,-0.11594253778457642,-0.030115842819213867,-0.08898794651031494,-0.029973357915878296,-0.06866353750228882,0.01129603385925293,-0.07392120361328125,-0.012138664722442627,-0.08180665969848633,-0.02267339825630188,-0.0629388689994812,-0.023992538452148438,-0.04849720001220703
Peace,0.0,0.0,-0.028764784336090088,-0.020844995975494385,-0.04658201336860657,-0.04772675037384033,-0.04777693748474121,-0.06934988498687744,-0.03827303647994995,-0.0848613977432251,-0.03273367881774902,-0.10660445690155029,-0.049201130867004395,-0.14657223224639893,-0.06027334928512573,-0.17169106006622314,-0.0677274763584137,-0.19315659999847412,-0.013696491718292236,-0.10778123140335083,-0.0228499174118042,-0.15815585851669312,-0.030171722173690796,-0.18798834085464478,-0.03341841697692871,-0.21251487731933594,0.0029051601886749268,-0.09583985805511475,-0.018081754446029663,-0.11565983295440674,-0.028897643089294434,-0.08960533142089844,-0.03036096692085266,-0.06814384460449219,0.01339617371559143,-0.07453107833862305,-0.010964065790176392,-0.08117330074310303,-0.021649658679962158,-0.06363439559936523,-0.02295514941215515,-0.04908698797225952
Peace,0.0,0.0,-0.028075486421585083,-0.01989138126373291,-0.044455915689468384,-0.045729756355285645,-0.045249223709106445,-0.06597959995269775,-0.03683161735534668,-0.07798415422439575,-0.030446618795394897,-0.10289603471755981,-0.04774472117424011,-0.14321815967559814,-0.05985480546951294,-0.16824710369110107,-0.06820079684257507,-0.18982791900634766,-0.011547237634658813,-0.10289865732192993,-0.021282613277435303,-0.1517053246498108,-0.0288466215133667,-0.18125855922698975,-0.03279885649681091,-0.2062200903892517,0.004089653491973877,-0.09011399745941162,-0.019519269466400146,-0.10440820455551147,-0.029065877199172974,-0.08040601015090942,-0.029077738523483276,-0.06236910820007324,0.012803077697753906,-0.06880921125411987,-0.012984693050384521,-0.0746418833732605,-0.022778958082199097,-0.05791586637496948,-0.02289322018623352,-0.04493075609207153
Peace,0.0,0.0,-0.029572784900665283,-0.019562840461730957,-0.04666554927825928,-0.04598933458328247,-0.05128377676010132,-0.06708765029907227,-0.04389381408691406,-0.07520878314971924,-0.03124302625656128,-0.10389333963394165,-0.04911696910858154,-0.14173752069473267,-0.06123211979866028,-0.1659700870513916,-0.06957018375396729,-0.18630772829055786,-0.013623476028442383,-0.10357391834259033,-0.027330011129379272,-0.14957952499389648,-0.03674235939979553,-0.1781030297279358,-0.0417180061340332,-0.2016059160232544,0.0002548694610595703,-0.09041988849639893,-0.027938395738601685,-0.10255050659179688,-0.036451488733291626,-0.07888245582580566,-0.035297691822052,-0.06232035160064697,0.006938368082046509,-0.06889945268630981,-0.019947081804275513,-0.07495397329330444,-0.02884650230407715,-0.05925405025482178,-0.028683841228485107,-0.04708755016326904
Peace,0.0,0.0,-0.030804961919784546,-0.020303785800933838,-0.04745158553123474,-0.046999990940093994,-0.05273428559303284,-0.06886351108551025,-0.0469091534614563,-0.07687944173812866,-0.0328637957572937,-0.10216748714447021,-0.051405251026153564,-0.1400144100189209,-0.06343379616737366,-0.1641872525215149,-0.07172000408172607,-0.1848161816596985,-0.01619240641593933,-0.10186290740966797,-0.031515270471572876,-0.14968103170394897,-0.04166308045387268,-0.17892146110534668,-0.047398269176483154,-0.20251154899597168,-0.0028336048126220703,-0.08907943964004517,-0.03151556849479675,-0.10282087326049805,-0.03892970085144043,-0.07773590087890625,-0.036710530519485474,-0.059858083724975586,0.0034913718700408936,-0.0680345892906189,-0.023982971906661987,-0.0756371021270752,-0.0324881374835968,-0.058690667152404785,-0.03198060393333435,-0.04542899131774902
Peace,0.0,0.0,-0.03139635920524597,-0.01761472225189209,-0.046830981969833374,-0.04527550935745239,-0.0529782772064209,-0.06751298904418945,-0.049246132373809814,-0.08067458868026733,-0.032426148653030396,-0.10248458385467529,-0.051540642976760864,-0.13980787992477417,-0.06345555186271667,-0.16441792249679565,-0.0716615617275238,-0.18486982583999634,-0.016459614038467407,-0.10201156139373779,-0.032861024141311646,-0.1488075852394104,-0.042852193117141724,-0.1775646209716797,-0.04808562994003296,-0.20003217458724976,-0.005190044641494751,-0.08960932493209839,-0.034737080335617065,-0.10583508014678955,-0.04088634252548218,-0.08021867275238037,-0.038032472133636475,-0.06229841709136963,-0.000986337661743164,-0.06941872835159302,-0.028989344835281372,-0.07584083080291748,-0.03549358248710632,-0.05663532018661499,-0.03366655111312866,-0.04225283861160278
Peace,0.0,0.0,-0.031790196895599365,-0.018669724464416504,-0.04671978950500488,-0.04754674434661865,-0.05243387818336487,-0.06981277465820312,-0.04913398623466492,-0.08370834589004517,-0.03020930290222168,-0.10367077589035034,-0.047608017921447754,-0.14330053329467773,-0.05775520205497742,-0.16859817504882812,-0.06416988372802734,-0.1895410418510437,-0.014040708541870117,-0.10217660665512085,-0.02940693497657776,-0.1499619483947754,-0.03868752717971802,-0.179071307182312,-0.04324612021446228,-0.20208734273910522,-0.0031675398349761963,-0.0893106460571289,-0.03371343016624451,-0.10874223709106445,-0.04029718041419983,-0.08382117748260498,-0.03713566064834595,-0.06711292266845703,0.0004514157772064209,-0.06861692667007446,-0.028234779834747314,-0.07936108112335205,-0.03447294235229492,-0.061395108699798584,-0.03174641728401184,-0.047924160957336426
Peace,0.0,0.0,-0.02667859196662903,-0.016891837120056152,-0.04100382328033447,-0.04741537570953369,-0.03939118981361389,-0.0723075270652771,-0.03269070386886597,-0.09190690517425537,-0.026347309350967407,-0.10565555095672607,-0.037554383277893066,-0.14979219436645508,-0.04481303691864014,-0.1768958568572998,-0.0487387478351593,-0.1997607946395874,-0.007511347532272339,-0.10701823234558105,-0.012268483638763428,-0.16002792119979858,-0.016244590282440186,-0.19218987226486206,-0.017325162887573242,-0.21769505739212036,0.007903724908828735,-0.09611719846725464,-0.014095038175582886,-0.11762595176696777,-0.02565041184425354,-0.09242081642150879,-0.027997076511383057,-0.07086682319641113,0.01670616865158081,-0.07684075832366943,-0.007926315069198608,-0.08488726615905762,-0.018876969814300537,-0.06543153524398804,-0.020927459001541138,-0.048606932163238525
Peace,0.0,0.0,-0.02739250659942627,-0.019540607929229736,-0.04254347085952759,-0.05322265625,-0.032382309436798096,-0.07702159881591797,-0.017555654048919678,-0.09354156255722046,-0.03373757004737854,-0.11642736196517944,-0.04833135008811951,-0.15910190343856812,-0.05652308464050293,-0.18542993068695068,-0.0622023344039917,-0.20913583040237427,-0.013202428817749023,-0.12039309740066528,-0.016695022583007812,-0.17415088415145874,-0.02019473910331726,-0.20664912462234497,-0.021032273769378662,-0.2321772575378418,0.005691111087799072,-0.10972172021865845,-0.004322737455368042,-0.13641846179962158,-0.015070497989654541,-0.11178988218307495,-0.018766462802886963,-0.08973830938339233,0.02131754159927368,-0.08949470520019531,0.007187545299530029,-0.09484636783599854,-0.0030351877212524414,-0.07209694385528564,-0.005425542593002319,-0.052587926387786865
Peace,0.0,0.0,-0.02705073356628418,-0.018595337867736816,-0.04247811436653137,-0.05165982246398926,-0.02825435996055603,-0.07813119888305664,-0.011040717363357544,-0.09834611415863037,-0.03794988989830017,-0.11688351631164551,-0.05400174856185913,-0.16220057010650635,-0.06338495016098022,-0.19139575958251953,-0.07033967971801758,-0.21713680028915405,-0.014944344758987427,-0.12049174308776855,-0.01762297749519348,-0.17665845155715942,-0.021198362112045288,-0.2109142541885376,-0.023776650428771973,-0.23847252130508423,0.005607396364212036,-0.10870558023452759,0.0028707683086395264,-0.13394248485565186,-0.005268841981887817,-0.11186957359313965,-0.009820401668548584,-0.09432059526443481,0.02237001061439514,-0.08836251497268677,0.015300601720809937,-0.0987701416015625,0.005619853734970093,-0.07473725080490112,0.00054970383644104,-0.05403250455856323
Peace,0.0,0.0,-0.027463018894195557,-0.018640339374542236,-0.042546600103378296,-0.0534132719039917,-0.025937199592590332,-0.0809633731842041,-0.005734264850616455,-0.10107952356338501,-0.03969234228134155,-0.12850987911224365,-0.05638960003852844,-0.17529618740081787,-0.0656694769859314,-0.20502817630767822,-0.07218155264854431,-0.23153269290924072,-0.01566225290298462,-0.1344776153564453,-0.01715761423110962,-0.19401967525482178,-0.01932591199874878,-0.22790515422821045,-0.02023327350616455,-0.25416314601898193,0.0052800774574279785,-0.12257713079452515,0.009122908115386963,-0.17067420482635498,0.0025177597999572754,-0.1528761386871338,-0.0012590885162353516,-0.13441133499145508,0.02359640598297119,-0.09954273700714111,0.01838737726211548,-0.1113811731338501,0.009765863418579102,-0.0848315954208374,0.005741536617279053,-0.06025022268295288
Peace,0.0,0.0,-0.028207838535308838,-0.02095484733581543,-0.042671918869018555,-0.058731794357299805,-0.022485077381134033,-0.09017592668533325,-0.002152085304260254,-0.1134297251701355,-0.042344629764556885,-0.13228660821914673,-0.05877998471260071,-0.18449187278747559,-0.06862494349479675,-0.21774882078170776,-0.07636725902557373,-0.24755555391311646,-0.01724874973297119,-0.13931936025619507,-0.019673466682434082,-0.20414137840270996,-0.02009791135787964,-0.24219322204589844,-0.01957148313522339,-0.27256590127944946,0.005115687847137451,-0.12758588790893555,0.00972062349319458,-0.16496717929840088,0.005654275417327881,-0.1481771469116211,0.0033495426177978516,-0.13292133808135986,0.024693667888641357,-0.10574334859848022,0.021747291088104248,-0.11503481864929199,0.013395428657531738,-0.0881650447845459,0.008422493934631348,-0.06501466035842896
Peace,0.0,0.0,-0.03185528516769409,-0.021847069263458252,-0.046111464500427246,-0.06434506177902222,-0.021075904369354248,-0.09626251459121704,0.0021140575408935547,-0.11930704116821289,-0.04528921842575073,-0.14687377214431763,-0.06036299467086792,-0.20455074310302734,-0.06973421573638916,-0.23994338512420654,-0.07708549499511719,-0.2719132900238037,-0.01634526252746582,-0.15356898307800293,-0.017287254333496094,-0.22169750928878784,-0.015085577964782715,-0.2614765167236328,-0.012610077857971191,-0.29525691270828247,0.0081595778465271,-0.13813400268554688,0.01980304718017578,-0.18184202909469604,0.01615273952484131,-0.14932197332382202,0.011743009090423584,-0.12117362022399902,0.029457390308380127,-0.1100277304649353,0.03410935401916504,-0.120025634765625,0.024739444255828857,-0.09336835145950317,0.015658855438232422,-0.07136952877044678
Peace,0.0,0.0,-0.028421998023986816,-0.02414095401763916,-0.037741899490356445,-0.06311285495758057,-0.00638502836227417,-0.09194016456604004,0.020940661430358887,-0.11471819877624512,-0.03731793165206909,-0.15204888582229614,-0.052253663539886475,-0.21161484718322754,-0.060105085372924805,-0.25066637992858887,-0.06510365009307861,-0.28587692975997925,-0.00596386194229126,-0.15829718112945557,-0.0006934404373168945,-0.22833412885665894,0.004223823547363281,-0.270882248878479,0.007967948913574219,-0.3061983585357666,0.018677592277526855,-0.14059650897979736,0.03454422950744629,-0.17787498235702515,0.03133958578109741,-0.1492457389831543,0.026694834232330322,-0.12539052963256836,0.03849446773529053,-0.1102641224861145,0.04696387052536011,-0.11853200197219849,0.037470340728759766,-0.09365469217300415,0.026861906051635742,-0.07360261678695679
Peace,0.0,0.0,0.03196626901626587,-0.024908065795898438,0.04741007089614868,-0.06927686929702759,0.031273484230041504,-0.10011553764343262,0.005376338958740234,-0.11737143993377686,0.03279685974121094,-0.147483229637146,0.0443381667137146,-0.20918303728103638,0.050159454345703125,-0.24681782722473145,0.05181998014450073,-0.27938199043273926,0.005132585763931274,-0.14889824390411377,0.0032492876052856445,-0.22046875953674316,0.003986984491348267,-0.2636162042617798,0.0017731189727783203,-0.298369824886322,-0.01737561821937561,-0.13090533018112183,-0.025901317596435547,-0.17099398374557495,-0.011917561292648315,-0.14594072103500366,-0.002951323986053467,-0.12143713235855103,-0.03436204791069031,-0.10043096542358398,-0.028087586164474487,-0.11549299955368042,-0.011063486337661743,-0.09393173456192017,0.00041422247886657715,-0.07168710231781006
Peace,0.0,0.0,0.032129108905792236,-0.025663256645202637,0.04839920997619629,-0.07124143838882446,0.03405493497848511,-0.10178709030151367,0.010408192873001099,-0.11870545148849487,0.03258407115936279,-0.14593082666397095,0.041593968868255615,-0.20662933588027954,0.045510828495025635,-0.24220150709152222,0.04544621706008911,-0.2731224298477173,0.006630241870880127,-0.14671045541763306,0.005674839019775391,-0.21567511558532715,0.006539195775985718,-0.2559581398963928,0.00384482741355896,-0.2893177270889282,-0.015237480401992798,-0.12944447994232178,-0.02295774221420288,-0.17523938417434692,-0.00598570704460144,-0.1438964605331421,0.005194544792175293,-0.1152535080909729,-0.03194010257720947,-0.10026997327804565,-0.025816619396209717,-0.11937469244003296,-0.009264469146728516,-0.09733974933624268,0.0012355446815490723,-0.07496118545532227
Peace,0.0,0.0,0.03394126892089844,-0.027664899826049805,0.051035404205322266,-0.0737496018409729,0.028138339519500732,-0.10343271493911743,0.0036506056785583496,-0.1205100417137146,0.04029446840286255,-0.14767181873321533,0.046884238719940186,-0.20552533864974976,0.04925405979156494,-0.24108481407165527,0.04851466417312622,-0.2710078954696655,0.012100934982299805,-0.1443367600440979,0.00760120153427124,-0.2099413275718689,0.006344109773635864,-0.24971818923950195,0.003519296646118164,-0.28061163425445557,-0.010791122913360596,-0.1250954270362854,-0.01850232481956482,-0.16299688816070557,-0.0066766440868377686,-0.14339464902877808,0.00048345327377319336,-0.12358731031417847,-0.028520584106445312,-0.0958220362663269,-0.020784080028533936,-0.11271011829376221,-0.004762887954711914,-0.09180110692977905,0.00558200478553772,-0.07024514675140381
Peace,0.0,0.0,0.03355807065963745,-0.023884713649749756,0.05090153217315674,-0.06724303960800171,0.042395830154418945,-0.09776467084884644,0.024147868156433105,-0.11875903606414795,0.03509896993637085,-0.1396440863609314,0.04854893684387207,-0.19473248720169067,0.055540382862091064,-0.22873181104660034,0.05915939807891846,-0.25876086950302124,0.010543107986450195,-0.14002132415771484,0.01088184118270874,-0.20599830150604248,0.015411674976348877,-0.24278467893600464,0.017473220825195312,-0.2720341682434082,-0.010402381420135498,-0.12317878007888794,-0.012570083141326904,-0.16241395473480225,0.003756582736968994,-0.13543689250946045,0.01341015100479126,-0.10977625846862793,-0.026235580444335938,-0.09498322010040283,-0.01693040132522583,-0.11266249418258667,-0.001444101333618164,-0.09030264616012573,0.007349491119384766,-0.06787019968032837
Peace,0.0,0.0,0.03278851509094238,-0.027116060256958008,0.049808621406555176,-0.07264125347137451,0.03433161973953247,-0.10256344079971313,0.012231230735778809,-0.11979889869689941,0.03781688213348389,-0.1404653787612915,0.049806952476501465,-0.19469362497329712,0.05710345506668091,-0.22818809747695923,0.06134825944900513,-0.258362352848053,0.013204872608184814,-0.1398809552192688,0.015375971794128418,-0.20354783535003662,0.017669379711151123,-0.24291330575942993,0.01741105318069458,-0.2746276259422302,-0.008318603038787842,-0.12308663129806519,-0.011981606483459473,-0.15833455324172974,-0.0012107491493225098,-0.13851672410964966,0.0044890642166137695,-0.11871606111526489,-0.025639593601226807,-0.09508049488067627,-0.01573154330253601,-0.10806971788406372,-0.0010042190551757812,-0.08699464797973633,0.007559776306152344,-0.0665941834449768
Peace,0.0,0.0,0.03170216083526611,-0.02901357412338257,0.04471418261528015,-0.081074059009552,0.021568506956100464,-0.11379855871200562,-0.0071409642696380615,-0.12680888175964355,0.03581768274307251,-0.14537787437438965,0.04499530792236328,-0.2016173005104065,0.05114200711250305,-0.23675793409347534,0.054434508085250854,-0.2669246792793274,0.01086685061454773,-0.14445006847381592,0.010248571634292603,-0.21014708280563354,0.011970490217208862,-0.25035059452056885,0.011028677225112915,-0.2820358872413635,-0.009183496236801147,-0.12802600860595703,-0.019837260246276855,-0.16218000650405884,-0.013700991868972778,-0.14777356386184692,-0.011500328779220581,-0.13235658407211304,-0.025188565254211426,-0.10164916515350342,-0.020021140575408936,-0.11727982759475708,-0.005934089422225952,-0.09523248672485352,0.002912461757659912,-0.073436439037323
Peace,0.0,0.0,0.02852565050125122,-0.03232419490814209,0.03829261660575867,-0.08151543140411377,0.017544269561767578,-0.11117178201675415,-0.009733259677886963,-0.12378102540969849,0.03230592608451843,-0.14389580488204956,0.04154127836227417,-0.20210164785385132,0.046939313411712646,-0.2374364733695984,0.049642980098724365,-0.26705503463745117,0.007207304239273071,-0.1430671215057373,0.005596756935119629,-0.20826834440231323,0.005700051784515381,-0.24773144721984863,0.004677683115005493,-0.27872782945632935,-0.013525635004043579,-0.1267605423927307,-0.022036343812942505,-0.15294402837753296,-0.015789508819580078,-0.13073015213012695,-0.0120278000831604,-0.10972905158996582,-0.029335379600524902,-0.10130387544631958,-0.029189586639404297,-0.11521220207214355,-0.016944169998168945,-0.09492385387420654,-0.007820874452590942,-0.07436716556549072
Peace,0.0,0.0,0.025729387998580933,-0.03190821409225464,0.03225505352020264,-0.085438072681427,0.009514331817626953,-0.11496460437774658,-0.017730236053466797,-0.12385869026184082,0.023882240056991577,-0.151741623878479,0.032145529985427856,-0.2089475393295288,0.03560885787010193,-0.24447733163833618,0.037120938301086426,-0.2736143469810486,-0.0023613572120666504,-0.15029311180114746,-0.01003226637840271,-0.21086162328720093,-0.012069940567016602,-0.24856913089752197,-0.012267589569091797,-0.2787032723426819,-0.02407798171043396,-0.13396906852722168,-0.03233426809310913,-0.15767472982406616,-0.023344188928604126,-0.12885338068008423,-0.016036629676818848,-0.10400217771530151,-0.03977426886558533,-0.10890144109725952,-0.043184638023376465,-0.12538665533065796,-0.030877888202667236,-0.10213977098464966,-0.020906001329421997,-0.07842522859573364
Peace,0.0,0.0,0.024993181228637695,-0.03167438507080078,0.030444949865341187,-0.08423471450805664,0.0021727383136749268,-0.11694586277008057,-0.027678102254867554,-0.1348491907119751,0.022222280502319336,-0.1457195281982422,0.028276532888412476,-0.20478487014770508,0.030286669731140137,-0.23995065689086914,0.031813204288482666,-0.27157044410705566,-0.0028743743896484375,-0.14668959379196167,-0.007493436336517334,-0.2129078507423401,-0.010150492191314697,-0.25291502475738525,-0.010490655899047852,-0.2862452268600464,-0.023128151893615723,-0.1315845251083374,-0.03675179183483124,-0.15794140100479126,-0.03139215707778931,-0.12487763166427612,-0.02477400004863739,-0.09707289934158325,-0.038413554430007935,-0.10732436180114746,-0.04688221216201782,-0.12560909986495972,-0.03708380460739136,-0.10479086637496948,-0.027370914816856384,-0.08415722846984863
Peace,0.0,0.0,0.02239397168159485,-0.032211124897003174,0.02421635389328003,-0.08460754156112671,-0.004325985908508301,-0.11359202861785889,-0.033480361104011536,-0.128737211227417,0.01859748363494873,-0.1409473419189453,0.024541586637496948,-0.2012670636177063,0.026562511920928955,-0.2368682622909546,0.027663350105285645,-0.26716578006744385,-0.005660295486450195,-0.1404692530632019,-0.012762755155563354,-0.20524311065673828,-0.017087459564208984,-0.24349182844161987,-0.01970982551574707,-0.27460741996765137,-0.0250379741191864,-0.12422800064086914,-0.04310368001461029,-0.1520090103149414,-0.03543701767921448,-0.11994510889053345,-0.02648085355758667,-0.09174233675003052,-0.03976041078567505,-0.09953480958938599,-0.0509708970785141,-0.11609059572219849,-0.04142776131629944,-0.09473353624343872,-0.03147459030151367,-0.07415217161178589
Peace,0.0,0.0,0.020597487688064575,-0.03188592195510864,0.020283877849578857,-0.08222365379333496,-0.00766889750957489,-0.11382710933685303,-0.03704465925693512,-0.13345760107040405,0.017700254917144775,-0.14085566997528076,0.02219080924987793,-0.20164531469345093,0.02336946129798889,-0.23674923181533813,0.02367258071899414,-0.26759856939315796,-0.007690355181694031,-0.14133042097091675,-0.013681158423423767,-0.20816123485565186,-0.018930405378341675,-0.24548447132110596,-0.022867053747177124,-0.2783556580543518,-0.02831977605819702,-0.12490051984786987,-0.04758128523826599,-0.15641701221466064,-0.04113335907459259,-0.1258082389831543,-0.032709360122680664,-0.0991407036781311,-0.04375927150249481,-0.09806126356124878,-0.05603426694869995,-0.11146146059036255,-0.04585030674934387,-0.09034556150436401,-0.0351041704416275,-0.07134175300598145
Peace,0.0,0.0,0.014682799577713013,0.00038057565689086914,0.011579006910324097,-0.012232065200805664,-0.010759413242340088,-0.02886730432510376,-0.031153053045272827,-0.048946499824523926,0.018864810466766357,-0.07095152139663696,0.024446457624435425,-0.11752325296401978,0.02655920386314392,-0.1484491229057312,0.028150558471679688,-0.17635124921798706,0.005374312400817871,-0.07742220163345337,0.008743196725845337,-0.12904179096221924,0.00972554087638855,-0.16230058670043945,0.01159396767616272,-0.1912858486175537,-0.009616315364837646,-0.06984031200408936,-0.01689295470714569,-0.11199808120727539,-0.019598349928855896,-0.144966721534729,-0.019294798374176025,-0.17442470788955688,-0.025280937552452087,-0.054338037967681885,-0.038177311420440674,-0.05716967582702637,-0.04050377011299133,-0.04764634370803833,-0.03926919400691986,-0.038166046142578125
Peace,0.0,0.0,0.02057322859764099,-0.03240096569061279,0.019776731729507446,-0.0836828351020813,-0.008620843291282654,-0.11458003520965576,-0.0384393185377121,-0.13227635622024536,0.016761958599090576,-0.14098191261291504,0.021778196096420288,-0.20085155963897705,0.02324354648590088,-0.2349448800086975,0.024008363485336304,-0.2645151615142822,-0.008146941661834717,-0.14134985208511353,-0.014922872185707092,-0.20687389373779297,-0.019460275769233704,-0.24474650621414185,-0.022084712982177734,-0.2773468494415283,-0.028188377618789673,-0.12517696619033813,-0.047785013914108276,-0.1525939702987671,-0.0408683717250824,-0.12079620361328125,-0.031585320830345154,-0.0937996506690979,-0.04333053529262543,-0.0994035005569458,-0.056035250425338745,-0.11238878965377808,-0.04607917368412018,-0.09071236848831177,-0.035318344831466675,-0.07140910625457764
Peace,0.0,0.0,0.01965835690498352,-0.03292495012283325,0.01972445845603943,-0.08350121974945068,-0.009192243218421936,-0.11433166265487671,-0.039339616894721985,-0.1307680606842041,0.015149414539337158,-0.14171457290649414,0.018774300813674927,-0.205500066280365,0.02011030912399292,-0.24202322959899902,0.02063581347465515,-0.2732889652252197,-0.010224997997283936,-0.13943088054656982,-0.019020214676856995,-0.20500952005386353,-0.02454802393913269,-0.24220901727676392,-0.02875557541847229,-0.2742469310760498,-0.029995575547218323,-0.12158966064453125,-0.05072973668575287,-0.14851105213165283,-0.04362146556377411,-0.1180066466331482,-0.03484269976615906,-0.09162449836730957,-0.04478636384010315,-0.09492051601409912,-0.058466553688049316,-0.10893946886062622,-0.0492401123046875,-0.08806478977203369,-0.03914874792098999,-0.06871938705444336
Peace,0.0,0.0,0.01956254243850708,-0.03532940149307251,0.018513768911361694,-0.08664184808731079,-0.009196624159812927,-0.11662590503692627,-0.03786233067512512,-0.1311354637145996,0.015324264764785767,-0.13950824737548828,0.017323225736618042,-0.2030019760131836,0.01696184277534485,-0.239091694355011,0.016396790742874146,-0.2697497606277466,-0.007852748036384583,-0.13921988010406494,-0.011288464069366455,-0.20709794759750366,-0.01454685628414154,-0.24742764234542847,-0.01578138768672943,-0.2811865210533142,-0.027065321803092957,-0.12337547540664673,-0.04775378108024597,-0.1490911841392517,-0.043605417013168335,-0.11916935443878174,-0.03502094745635986,-0.09352290630340576,-0.04200918972492218,-0.0989794135093689,-0.05642172694206238,-0.11459320783615112,-0.04883357882499695,-0.09624511003494263,-0.03905943036079407,-0.07828289270401001
Peace,0.0,0.0,0.0176813006401062,-0.003915369510650635,0.01614627242088318,-0.02131211757659912,-0.0068255215883255005,-0.039347052574157715,-0.02897113561630249,-0.054740071296691895,0.019273579120635986,-0.0795031189918518,0.022249877452850342,-0.12819147109985352,0.02075016498565674,-0.1600744128227234,0.02088826894760132,-0.18765199184417725,0.005250811576843262,-0.08484917879104614,0.007567316293716431,-0.1380135416984558,0.008106201887130737,-0.1720517873764038,0.010461747646331787,-0.19963324069976807,-0.009260982275009155,-0.07403546571731567,-0.018872663378715515,-0.11911505460739136,-0.024775102734565735,-0.15323573350906372,-0.02650211751461029,-0.18231433629989624,-0.024850696325302124,-0.055050671100616455,-0.0372341126203537,-0.06017112731933594,-0.04152408242225647,-0.0512431263923645,-0.04273310303688049,-0.041198670864105225
Peace,0.0,0.0,0.022684335708618164,-0.03149598836898804,0.02421841025352478,-0.08064109086990356,-0.003893554210662842,-0.10791903734207153,-0.03228515386581421,-0.12334555387496948,0.014268070459365845,-0.14135724306106567,0.020290464162826538,-0.202048659324646,0.02278199791908264,-0.23708242177963257,0.024119645357131958,-0.26868098974227905,-0.01090279221534729,-0.14168238639831543,-0.015444070100784302,-0.20820331573486328,-0.018550559878349304,-0.2457072138786316,-0.020106181502342224,-0.2784131169319153,-0.03033086657524109,-0.12622636556625366,-0.049327552318573,-0.15002042055130005,-0.043755918741226196,-0.11672168970108032,-0.0356033593416214,-0.08898001909255981,-0.043513134121894836,-0.10072135925292969,-0.056817978620529175,-0.11138021945953369,-0.04713566601276398,-0.08870840072631836,-0.036668241024017334,-0.06793224811553955
Peace,0.0,0.0,0.02186688780784607,-0.032524287700653076,0.023898422718048096,-0.08439379930496216,-0.004904001951217651,-0.11584067344665527,-0.03432461619377136,-0.1319255232810974,0.014554977416992188,-0.14285731315612793,0.019433140754699707,-0.2046116590499878,0.021475523710250854,-0.23918122053146362,0.02202633023262024,-0.26997554302215576,-0.01001468300819397,-0.14231008291244507,-0.016257941722869873,-0.20675092935562134,-0.01996070146560669,-0.24434924125671387,-0.02253684401512146,-0.2758844494819641,-0.028607308864593506,-0.1277397871017456,-0.044419243931770325,-0.1517575979232788,-0.038028404116630554,-0.12200731039047241,-0.03095915913581848,-0.09692132472991943,-0.04191809892654419,-0.10485595464706421,-0.05203327536582947,-0.11959242820739746,-0.042843595147132874,-0.10006767511367798,-0.03404650092124939,-0.08156311511993408
Peace,0.0,0.0,0.026015907526016235,-0.03280043601989746,0.03413829207420349,-0.081076979637146,0.0124436616897583,-0.10860168933868408,-0.01303333044052124,-0.1160743236541748,0.025680482387542725,-0.14390450716018677,0.030179858207702637,-0.19856709241867065,0.03308463096618652,-0.23355460166931152,0.03509137034416199,-0.2624986171722412,0.0006512701511383057,-0.1434696912765503,-0.006707668304443359,-0.20180612802505493,-0.00976860523223877,-0.23837661743164062,-0.010865837335586548,-0.2683076858520508,-0.018772125244140625,-0.12767601013183594,-0.0331214964389801,-0.14958906173706055,-0.02617698907852173,-0.12530428171157837,-0.018170803785324097,-0.10359364748001099,-0.03312098979949951,-0.10287004709243774,-0.039973437786102295,-0.11800426244735718,-0.02870240807533264,-0.09775465726852417,-0.017983198165893555,-0.07727009057998657
Peace,0.0,0.0,0.026803016662597656,-0.030155658721923828,0.03743669390678406,-0.07588624954223633,0.01867920160293579,-0.10354608297348022,-0.006213724613189697,-0.11472463607788086,0.03011232614517212,-0.13698804378509521,0.037289947271347046,-0.1921684741973877,0.04093703627586365,-0.2248326539993286,0.04191085696220398,-0.2518680691719055,0.005068004131317139,-0.13685107231140137,-0.000891953706741333,-0.19780534505844116,-0.0014550089836120605,-0.23430198431015015,-0.0023589134216308594,-0.2622554898262024,-0.014826208353042603,-0.12229001522064209,-0.022009462118148804,-0.14574521780014038,-0.015411615371704102,-0.1263384222984314,-0.012191683053970337,-0.10717147588729858,-0.02978891134262085,-0.0992383360862732,-0.026328623294830322,-0.11047601699829102,-0.013362020254135132,-0.09197193384170532,-0.004548221826553345,-0.0727655291557312
Peace,0.0,0.0,0.02790200710296631,-0.02948087453842163,0.038162291049957275,-0.07545912265777588,0.02190425992012024,-0.10249555110931396,0.00044992566108703613,-0.11641299724578857,0.028817206621170044,-0.13650590181350708,0.036255598068237305,-0.1902291178703308,0.040681809186935425,-0.22349268198013306,0.04242745041847229,-0.25198686122894287,0.00471988320350647,-0.13565999269485474,-0.0005295872688293457,-0.1966138482093811,-0.0012103915214538574,-0.23442763090133667,-0.002311795949935913,-0.2642709016799927,-0.014739930629730225,-0.12038177251815796,-0.024472087621688843,-0.1528916358947754,-0.016342639923095703,-0.14147084951400757,-0.010891467332839966,-0.12769544124603271,-0.029146671295166016,-0.09607905149459839,-0.025419294834136963,-0.11053138971328735,-0.011833816766738892,-0.09244906902313232,-0.0024012327194213867,-0.07269388437271118
Peace,0.0,0.0,0.030034273862838745,-0.023285210132598877,0.04543173313140869,-0.06772452592849731,0.035378724336624146,-0.0991179347038269,0.01907646656036377,-0.1213727593421936,0.034610241651535034,-0.13372868299484253,0.043404072523117065,-0.187056303024292,0.04848557710647583,-0.218467116355896,0.051540762186050415,-0.2454817295074463,0.010884016752243042,-0.1337273120880127,0.008029550313949585,-0.19509464502334595,0.011020243167877197,-0.23074978590011597,0.01298186182975769,-0.2577587366104126,-0.008274585008621216,-0.11925452947616577,-0.013278871774673462,-0.15729820728302002,5.868077278137207e-05,-0.1427871584892273,0.008699476718902588,-0.12653279304504395,-0.022624075412750244,-0.0952032208442688,-0.013356328010559082,-0.11319911479949951,0.0011790990829467773,-0.09657073020935059,0.009862750768661499,-0.07844650745391846
Peace,0.0,0.0,0.029138535261154175,-0.02295917272567749,0.0435255765914917,-0.06459629535675049,0.03786924481391907,-0.09769976139068604,0.021730691194534302,-0.1227995753288269,0.034346044063568115,-0.13184702396392822,0.043406665325164795,-0.18512576818466187,0.04819142818450928,-0.21530956029891968,0.05007803440093994,-0.24161279201507568,0.01200839877128601,-0.13245874643325806,0.010512351989746094,-0.19413214921951294,0.01294293999671936,-0.22927939891815186,0.013652503490447998,-0.2557470202445984,-0.0069925785064697266,-0.11809784173965454,-0.012088119983673096,-0.15700364112854004,0.0009185969829559326,-0.1405315399169922,0.009476810693740845,-0.12150102853775024,-0.021341025829315186,-0.09469431638717651,-0.011907905340194702,-0.11230462789535522,0.0032623708248138428,-0.09420216083526611,0.01287311315536499,-0.07368284463882446
Peace,0.0,0.0,0.029185831546783447,-0.022954881191253662,0.043756067752838135,-0.06352978944778442,0.03873443603515625,-0.09568697214126587,0.022448629140853882,-0.11548399925231934,0.04287362098693848,-0.11595672369003296,0.057106077671051025,-0.1599743366241455,0.06274163722991943,-0.18152344226837158,0.06389039754867554,-0.20036852359771729,0.022284388542175293,-0.12344354391098022,0.029433727264404297,-0.18262743949890137,0.03542381525039673,-0.21702539920806885,0.03838789463043213,-0.24457204341888428,0.0021280646324157715,-0.1148148775100708,-0.003293842077255249,-0.1545007824897766,0.006350815296173096,-0.14017176628112793,0.013906478881835938,-0.1232343316078186,-0.015053093433380127,-0.09545040130615234,-0.00719568133354187,-0.11394083499908447,0.007864326238632202,-0.09430962800979614,0.018872082233428955,-0.07158851623535156
Peace,0.0,0.0,0.026108980178833008,-0.02626049518585205,0.0394665002822876,-0.06935882568359375,0.037977516651153564,-0.10063391923904419,0.020836234092712402,-0.11693578958511353,0.025146663188934326,-0.12462717294692993,0.03398871421813965,-0.17628270387649536,0.03912621736526489,-0.20733273029327393,0.04222559928894043,-0.2338201403617859,0.005511462688446045,-0.12478536367416382,0.0014554262161254883,-0.1865442395210266,0.006278872489929199,-0.22300970554351807,0.009443819522857666,-0.2507895231246948,-0.011059939861297607,-0.11122232675552368,-0.013269960880279541,-0.15591806173324585,0.00524526834487915,-0.14143437147140503,0.01684868335723877,-0.12324786186218262,-0.022479236125946045,-0.08885127305984497,-0.010334372520446777,-0.1121416687965393,0.005728781223297119,-0.09790414571762085,0.014466822147369385,-0.07939594984054565
Peace,0.0,0.0,0.029579102993011475,-0.02399468421936035,0.04717057943344116,-0.0652589201927185,0.049024760723114014,-0.09679502248764038,0.034223198890686035,-0.11421972513198853,0.03270363807678223,-0.12637782096862793,0.04466390609741211,-0.17919021844863892,0.05118829011917114,-0.21080607175827026,0.05455911159515381,-0.2382078766822815,0.01323699951171875,-0.12726867198944092,0.013283133506774902,-0.19036006927490234,0.019034922122955322,-0.22574609518051147,0.022148430347442627,-0.25295794010162354,-0.003605365753173828,-0.11413156986236572,-0.0016116499900817871,-0.15645098686218262,0.016959786415100098,-0.1389237642288208,0.027952373027801514,-0.11904001235961914,-0.01602303981781006,-0.09184682369232178,-0.002274811267852783,-0.11295026540756226,0.013947665691375732,-0.09911513328552246,0.023017585277557373,-0.08095353841781616
Peace,0.0,0.0,0.03086996078491211,-0.023142218589782715,0.049036622047424316,-0.06115436553955078,0.05239689350128174,-0.09146726131439209,0.037044525146484375,-0.10594630241394043,0.03422904014587402,-0.12668448686599731,0.04496413469314575,-0.18076390027999878,0.049997568130493164,-0.2127450704574585,0.05223780870437622,-0.24054503440856934,0.014279544353485107,-0.12652993202209473,0.013875603675842285,-0.18835264444351196,0.018521010875701904,-0.22496187686920166,0.020818710327148438,-0.25409621000289917,-0.003206014633178711,-0.1119011640548706,-0.0019807815551757812,-0.15441393852233887,0.016256749629974365,-0.13417160511016846,0.02734297513961792,-0.11222964525222778,-0.01589488983154297,-0.08755725622177124,-0.0030603408813476562,-0.10769081115722656,0.01232987642288208,-0.09129130840301514,0.02110469341278076,-0.07124567031860352
Peace,0.0,0.0,0.033656418323516846,-0.016082584857940674,0.056446731090545654,-0.054906249046325684,0.06427234411239624,-0.08640176057815552,0.049093544483184814,-0.09990417957305908,0.03891474008560181,-0.12785965204238892,0.04934018850326538,-0.1856985092163086,0.05518251657485962,-0.21990489959716797,0.05780744552612305,-0.24942028522491455,0.018882393836975098,-0.12741142511367798,0.018272876739501953,-0.19102013111114502,0.024288713932037354,-0.22934597730636597,0.026560962200164795,-0.2596970200538635,0.0013465285301208496,-0.1126357913017273,0.0049211978912353516,-0.15141499042510986,0.025925934314727783,-0.1297188401222229,0.037881433963775635,-0.10714876651763916,-0.011264503002166748,-0.0880352258682251,0.006653904914855957,-0.09949886798858643,0.023991882801055908,-0.08036798238754272,0.03336989879608154,-0.05995243787765503
Peace,0.0,0.0,0.03680795431137085,-0.01845717430114746,0.05819636583328247,-0.05795198678970337,0.06446027755737305,-0.08883070945739746,0.04983103275299072,-0.10314935445785522,0.042682528495788574,-0.1327958106994629,0.053806304931640625,-0.18944531679153442,0.05971139669418335,-0.22345095872879028,0.06236839294433594,-0.2536880373954773,0.020607292652130127,-0.13243377208709717,0.01985687017440796,-0.19609111547470093,0.024912118911743164,-0.23446178436279297,0.026132047176361084,-0.26492005586624146,0.0017880797386169434,-0.11708247661590576,0.003201723098754883,-0.15738296508789062,0.023991525173187256,-0.1336890459060669,0.03610074520111084,-0.10957938432693481,-0.01146996021270752,-0.0912926197052002,0.0060956478118896484,-0.10518002510070801,0.02386629581451416,-0.0867682695388794,0.0342024564743042,-0.06643259525299072
Peace,0.0,0.0,0.036359190940856934,-0.01867687702178955,0.059076547622680664,-0.05977785587310791,0.06286835670471191,-0.09158474206924438,0.04354500770568848,-0.10127604007720947,0.04024761915206909,-0.14067065715789795,0.05224132537841797,-0.19977658987045288,0.0586128830909729,-0.2354980707168579,0.06132262945175171,-0.2670970559120178,0.017478108406066895,-0.13886260986328125,0.015380144119262695,-0.20505225658416748,0.022538840770721436,-0.2442493438720703,0.026138365268707275,-0.27538377046585083,-0.0018634796142578125,-0.12135463953018188,0.00014448165893554688,-0.16009509563446045,0.022247612476348877,-0.13698887825012207,0.034993112087249756,-0.11295086145401001,-0.015151262283325195,-0.0931406021118164,0.0030190348625183105,-0.10445761680603027,0.02280527353286743,-0.0850454568862915,0.03430968523025513,-0.06409764289855957
Peace,0.0,0.0,0.03810948133468628,-0.01598411798477173,0.06506627798080444,-0.05547964572906494,0.0724179744720459,-0.08990597724914551,0.052153050899505615,-0.10343676805496216,0.04739171266555786,-0.1461840271949768,0.06072205305099487,-0.20400530099868774,0.06766331195831299,-0.23968279361724854,0.07151079177856445,-0.2717190980911255,0.02373206615447998,-0.14503240585327148,0.025449812412261963,-0.2089557647705078,0.03259921073913574,-0.2480762004852295,0.036011695861816406,-0.2793302536010742,0.0035761594772338867,-0.12797820568084717,0.009170889854431152,-0.16300296783447266,0.02960526943206787,-0.13250529766082764,0.04131340980529785,-0.1044415831565857,-0.01125866174697876,-0.09984850883483887,0.00802302360534668,-0.10875517129898071,0.025442779064178467,-0.08494800329208374,0.03524047136306763,-0.06128489971160889
Peace,0.0,0.0,0.03813576698303223,-0.01637333631515503,0.06398439407348633,-0.05497610569000244,0.06796789169311523,-0.08627760410308838,0.04628533124923706,-0.10097765922546387,0.04706770181655884,-0.14610683917999268,0.06130009889602661,-0.20425838232040405,0.0693211555480957,-0.24005126953125,0.07477879524230957,-0.2721397876739502,0.021724820137023926,-0.14517754316329956,0.021468818187713623,-0.21065127849578857,0.028067171573638916,-0.2503853440284729,0.03170245885848999,-0.2826210856437683,-0.00016880035400390625,-0.1267642378807068,0.0019199848175048828,-0.16260123252868652,0.022058188915252686,-0.1341780424118042,0.03348428010940552,-0.1081688404083252,-0.016387879848480225,-0.09621727466583252,0.0005377531051635742,-0.10589921474456787,0.018367111682891846,-0.0828394889831543,0.028447449207305908,-0.060386836528778076
Peace,0.0,0.0,0.03878825902938843,-0.015851080417633057,0.06554538011550903,-0.05669593811035156,0.06796467304229736,-0.08900660276412964,0.04351627826690674,-0.1026962399482727,0.04669219255447388,-0.14918696880340576,0.06138277053833008,-0.2098354697227478,0.06980746984481812,-0.2471240758895874,0.07481235265731812,-0.28043878078460693,0.019588589668273926,-0.14855694770812988,0.019203364849090576,-0.21776187419891357,0.026401937007904053,-0.25914788246154785,0.02990400791168213,-0.292771577835083,-0.0029729604721069336,-0.13017797470092773,-0.0008794665336608887,-0.16647499799728394,0.019627869129180908,-0.13644421100616455,0.030855774879455566,-0.10958606004714966,-0.01944178342819214,-0.099803626537323,-0.0017258524894714355,-0.10851848125457764,0.016083359718322754,-0.08227807283401489,0.02583789825439453,-0.05804622173309326
Peace,0.0,0.0,0.04251748323440552,-0.016332268714904785,0.07115471363067627,-0.06237137317657471,0.07251667976379395,-0.09860056638717651,0.044715940952301025,-0.10960668325424194,0.0506477952003479,-0.1608601212501526,0.06615370512008667,-0.22800064086914062,0.07578343152999878,-0.26958751678466797,0.08205235004425049,-0.30612653493881226,0.021178126335144043,-0.1609557867050171,0.020101487636566162,-0.23794025182724,0.028549373149871826,-0.28390568494796753,0.03361624479293823,-0.320831835269928,-0.0037811994552612305,-0.1426011323928833,-0.004122734069824219,-0.17878299951553345,0.014189302921295166,-0.1516491174697876,0.023752272129058838,-0.12554150819778442,-0.021995842456817627,-0.1118810772895813,-0.0033527016639709473,-0.11956274509429932,0.015762925148010254,-0.08896714448928833,0.026040315628051758,-0.06058293581008911
Peace,0.0,0.0,0.04434823989868164,-0.01473003625869751,0.07535827159881592,-0.06213170289993286,0.07718437910079956,-0.10261213779449463,0.049018144607543945,-0.12063789367675781,0.05343806743621826,-0.17141449451446533,0.07139360904693604,-0.24072623252868652,0.08180677890777588,-0.28466540575027466,0.08787935972213745,-0.32372814416885376,0.022240877151489258,-0.17281800508499146,0.024560868740081787,-0.25356119871139526,0.03471863269805908,-0.30172061920166016,0.04018127918243408,-0.3400433659553528,-0.0040552616119384766,-0.15346521139144897,-0.0005312561988830566,-0.18986302614212036,0.02217787504196167,-0.15052688121795654,0.03432410955429077,-0.11602705717086792,-0.02362591028213501,-0.12027239799499512,-0.002709805965423584,-0.1285904049873352,0.018197298049926758,-0.09415304660797119,0.029482483863830566,-0.06311148405075073
Peace,0.0,0.0,0.04996168613433838,-0.02019214630126953,0.08259862661361694,-0.07725918292999268,0.07618510723114014,-0.12076562643051147,0.041131794452667236,-0.14220398664474487,0.05567514896392822,-0.19223707914352417,0.07648205757141113,-0.2699897289276123,0.08871740102767944,-0.3176819086074829,0.09757131338119507,-0.35933244228363037,0.017933189868927002,-0.1949247121810913,0.020751953125,-0.2857494354248047,0.032610416412353516,-0.3383289575576782,0.04126089811325073,-0.3775516152381897,-0.014466524124145508,-0.17509949207305908,-0.0029684901237487793,-0.20740234851837158,0.01756596565246582,-0.16022926568984985,0.02642369270324707,-0.11955499649047852,-0.03926974534988403,-0.13998007774353027,-0.01071077585220337,-0.13893914222717285,0.012640833854675293,-0.09854769706726074,0.023363590240478516,-0.06471920013427734
Peace,0.0,0.0,0.04888433218002319,-0.026048719882965088,0.07959425449371338,-0.08837735652923584,0.06547117233276367,-0.13158577680587769,0.028672397136688232,-0.1463453769683838,0.05062973499298096,-0.2033292055130005,0.0701187252998352,-0.28267890214920044,0.08105605840682983,-0.33156734704971313,0.08842891454696655,-0.3750529885292053,0.012003481388092041,-0.2025681734085083,0.012480080127716064,-0.29102808237075806,0.02370929718017578,-0.34598439931869507,0.031944215297698975,-0.39017462730407715,-0.020570099353790283,-0.17870771884918213,-0.018082261085510254,-0.22097086906433105,0.005191981792449951,-0.17967325448989868,0.017179667949676514,-0.1421184539794922,-0.04456686973571777,-0.13863682746887207,-0.019382357597351074,-0.14234298467636108,0.006306469440460205,-0.10497850179672241,0.01961880922317505,-0.0728028416633606
Peace,0.0,0.0,0.04765594005584717,-0.029490232467651367,0.07132762670516968,-0.09188032150268555,0.04591500759124756,-0.12574529647827148,0.007827460765838623,-0.14940977096557617,0.04357069730758667,-0.21960437297821045,0.05845755338668823,-0.3043872117996216,0.0653192400932312,-0.3593273162841797,0.06684339046478271,-0.408743679523468,0.0028716325759887695,-0.2178170084953308,0.002605915069580078,-0.3141377568244934,0.005264103412628174,-0.3747935891151428,0.0041468143463134766,-0.42537760734558105,-0.03095996379852295,-0.1883859634399414,-0.04617026448249817,-0.23248004913330078,-0.02340090274810791,-0.19097226858139038,-0.006671905517578125,-0.1560848355293274,-0.05865088105201721,-0.1404048204421997,-0.04917365312576294,-0.14388179779052734,-0.017498910427093506,-0.10478270053863525,0.005999863147735596,-0.07288992404937744
Peace,0.0,0.0,0.05242270231246948,-0.024850130081176758,0.07801562547683716,-0.08729797601699829,0.05735129117965698,-0.1281794309616089,0.02113586664199829,-0.15560656785964966,0.05235922336578369,-0.21960663795471191,0.06998997926712036,-0.30318349599838257,0.0786287784576416,-0.35721272230148315,0.08121514320373535,-0.4053921103477478,0.011807858943939209,-0.22029495239257812,0.013355910778045654,-0.31830328702926636,0.01741492748260498,-0.3771992325782776,0.016537010669708252,-0.4248090386390686,-0.022735625505447388,-0.19209986925125122,-0.033541351556777954,-0.23362445831298828,-0.011710256338119507,-0.18425768613815308,0.003240823745727539,-0.1437455415725708,-0.051000624895095825,-0.14433622360229492,-0.04004743695259094,-0.14601123332977295,-0.01104632019996643,-0.10404866933822632,0.009337902069091797,-0.0700305700302124
Peace,0.0,0.0,0.051126450300216675,-0.028705120086669922,0.07834973931312561,-0.09001767635345459,0.05767980217933655,-0.13175880908966064,0.020002424716949463,-0.1586512327194214,0.05359259247779846,-0.21833419799804688,0.0741819441318512,-0.30092787742614746,0.08426162600517273,-0.35434776544570923,0.08841654658317566,-0.40294212102890015,0.01278996467590332,-0.21945524215698242,0.012709230184555054,-0.31082671880722046,0.01442989706993103,-0.36731064319610596,0.012018293142318726,-0.4140101671218872,-0.021079540252685547,-0.19298750162124634,-0.039269477128982544,-0.23679959774017334,-0.016849368810653687,-0.1910933256149292,0.0004089474678039551,-0.15187793970108032,-0.048396676778793335,-0.14712101221084595,-0.04372811317443848,-0.14997023344039917,-0.014795154333114624,-0.10930049419403076,0.008569329977035522,-0.07457607984542847
Peace,0.0,0.0,0.055959105491638184,-0.02032071352005005,0.08745145797729492,-0.0821695327758789,0.07252329587936401,-0.12683308124542236,0.03304019570350647,-0.1536099910736084,0.06586885452270508,-0.21528464555740356,0.08663356304168701,-0.29673027992248535,0.09815061092376709,-0.34991002082824707,0.10353535413742065,-0.39813780784606934,0.02544042468070984,-0.2184206247329712,0.024171441793441772,-0.30969297885894775,0.026914864778518677,-0.36691224575042725,0.024811089038848877,-0.4158720374107361,-0.00838431715965271,-0.19323593378067017,-0.026906728744506836,-0.23457574844360352,-0.006027847528457642,-0.18757915496826172,0.00935700535774231,-0.1497991681098938,-0.036628901958465576,-0.14813101291656494,-0.03166922926902771,-0.1439812183380127,-0.0024069249629974365,-0.10234004259109497,0.021175354719161987,-0.06978100538253784
Peace,0.0,0.0,0.053835541009902954,-0.02206587791442871,0.08568665385246277,-0.0821651816368103,0.07113173604011536,-0.12862944602966309,0.03160148859024048,-0.15473783016204834,0.06388154625892639,-0.21944212913513184,0.08227893710136414,-0.30255377292633057,0.09124931693077087,-0.3558485507965088,0.09463110566139221,-0.40552812814712524,0.022121518850326538,-0.22066330909729004,0.017652690410614014,-0.30964958667755127,0.018076390027999878,-0.3677452802658081,0.014612376689910889,-0.4169609546661377,-0.012486964464187622,-0.19438153505325317,-0.025975584983825684,-0.23178577423095703,-0.003430575132369995,-0.18771499395370483,0.012099474668502808,-0.1505158543586731,-0.04018482565879822,-0.14901447296142578,-0.03010457754135132,-0.13923174142837524,-0.0013976097106933594,-0.09971082210540771,0.021254748106002808,-0.06881237030029297
Peace,0.0,0.0,0.053768277168273926,-0.018534183502197266,0.08701801300048828,-0.07705724239349365,0.07104486227035522,-0.12318265438079834,0.030422210693359375,-0.15167802572250366,0.06565338373184204,-0.2144545316696167,0.0840308666229248,-0.2987394332885742,0.09308171272277832,-0.3525651693344116,0.09689277410507202,-0.4031580090522766,0.023862451314926147,-0.2171970009803772,0.02017083764076233,-0.3082355260848999,0.021077245473861694,-0.3662952184677124,0.01828095316886902,-0.4160597324371338,-0.01088288426399231,-0.1915307641029358,-0.02512139081954956,-0.22922283411026,-0.004288911819458008,-0.18538302183151245,0.00990411639213562,-0.14904415607452393,-0.03938305377960205,-0.1463293433189392,-0.030559390783309937,-0.13848423957824707,-0.0024158358573913574,-0.09747320413589478,0.019312769174575806,-0.06529241800308228
Peace,0.0,0.0,0.04513123631477356,-0.011517882347106934,0.07759162783622742,-0.0707247257232666,0.050006598234176636,-0.11445719003677368,0.00602295994758606,-0.1416013240814209,0.05975821614265442,-0.19975078105926514,0.07795867323875427,-0.2863854765892029,0.08749035000801086,-0.3405645489692688,0.09131905436515808,-0.3867720365524292,0.02104949951171875,-0.2050808072090149,0.02246159315109253,-0.29578906297683716,0.02979820966720581,-0.3502892851829529,0.03238564729690552,-0.3957982063293457,-0.01145327091217041,-0.18219369649887085,-0.006859302520751953,-0.20311784744262695,0.007189005613327026,-0.1543259620666504,0.011073708534240723,-0.12334060668945312,-0.03572279214859009,-0.14349263906478882,-0.015265822410583496,-0.13977795839309692,0.003658205270767212,-0.10193246603012085,0.011082857847213745,-0.07970142364501953
Peace,0.0,0.0,0.04719734191894531,-0.016527831554412842,0.0767751932144165,-0.07938456535339355,0.04756748676300049,-0.120219886302948,0.005291581153869629,-0.14794933795928955,0.06124567985534668,-0.2063964605331421,0.08161354064941406,-0.2892656922340393,0.09253811836242676,-0.34248000383377075,0.09778547286987305,-0.3885344862937927,0.021452486515045166,-0.21020478010177612,0.021959811449050903,-0.3031145930290222,0.028922587633132935,-0.3588751554489136,0.03102022409439087,-0.4046233892440796,-0.011341303586959839,-0.1852325201034546,-0.010326027870178223,-0.21411347389221191,0.004516273736953735,-0.16469204425811768,0.00889354944229126,-0.1303236484527588,-0.03603935241699219,-0.14360255002975464,-0.016212165355682373,-0.138408362865448,0.004902005195617676,-0.09766286611557007,0.014380007982254028,-0.0719560980796814
Peace,0.0,0.0,0.047421663999557495,-0.016562819480895996,0.07878205180168152,-0.07985329627990723,0.05214473605155945,-0.11981469392776489,0.011032313108444214,-0.14942902326583862,0.06276676058769226,-0.20926916599273682,0.08596441149711609,-0.2914477586746216,0.09835699200630188,-0.3430517911911011,0.10536637902259827,-0.38925522565841675,0.020570307970046997,-0.21217936277389526,0.02203795313835144,-0.3064001798629761,0.029481351375579834,-0.36145246028900146,0.03229182958602905,-0.40778231620788574,-0.01475459337234497,-0.18690061569213867,-0.009781628847122192,-0.21300357580184937,0.006745517253875732,-0.16105473041534424,0.012644797563552856,-0.12707746028900146,-0.04232305288314819,-0.14474785327911377,-0.02066117525100708,-0.13084131479263306,0.003124028444290161,-0.08777838945388794,0.015466541051864624,-0.06386715173721313
Peace,0.0,0.0,0.04513242840766907,-0.02439635992050171,0.07055714726448059,-0.0819939374923706,0.03979027271270752,-0.11689192056655884,0.0004909336566925049,-0.14016085863113403,0.05820488929748535,-0.1959977149963379,0.07587432861328125,-0.2709190249443054,0.08629107475280762,-0.32085472345352173,0.09083545207977295,-0.3652139902114868,0.019475191831588745,-0.19737094640731812,0.017252564430236816,-0.28216028213500977,0.020440518856048584,-0.33456331491470337,0.019836246967315674,-0.38018643856048584,-0.011534661054611206,-0.17277908325195312,-0.020290851593017578,-0.19087326526641846,-0.0030774474143981934,-0.14457225799560547,0.007509887218475342,-0.11562705039978027,-0.03622010350227356,-0.13266730308532715,-0.027858376502990723,-0.12687361240386963,-0.005364716053009033,-0.08795696496963501,0.011467218399047852,-0.06341588497161865
Peace,0.0,0.0,0.04228529334068298,-0.028031885623931885,0.06264671683311462,-0.08476227521896362,0.03271713852882385,-0.11509168148040771,-0.004082471132278442,-0.13664889335632324,0.05034834146499634,-0.1893879771232605,0.06839579343795776,-0.25946611166000366,0.0783182680606842,-0.30574578046798706,0.08299443125724792,-0.34532833099365234,0.013515681028366089,-0.19076353311538696,0.011574774980545044,-0.2723535895347595,0.014206498861312866,-0.3223544955253601,0.014463871717453003,-0.3645475506782532,-0.015153229236602783,-0.1665622591972351,-0.026370853185653687,-0.18958228826522827,-0.009742885828018188,-0.1417192816734314,0.0024438202381134033,-0.1113971471786499,-0.03758159279823303,-0.1272537112236023,-0.03698369860649109,-0.12415874004364014,-0.01693055033683777,-0.08738625049591064,-0.0003356039524078369,-0.06461328268051147
Peace,0.0,0.0,0.03742530941963196,-0.023107409477233887,0.0552903413772583,-0.07190734148025513,0.03049883246421814,-0.1013222336769104,-0.0008918046951293945,-0.12338513135910034,0.04990532994270325,-0.16501283645629883,0.06616634130477905,-0.22864645719528198,0.07500270009040833,-0.2692883610725403,0.07944998145103455,-0.3055952191352844,0.016397297382354736,-0.16749358177185059,0.015214651823043823,-0.23869049549102783,0.016916364431381226,-0.28386372327804565,0.016472816467285156,-0.32359081506729126,-0.010621100664138794,-0.14782720804214478,-0.021620988845825195,-0.17325133085250854,-0.007209688425064087,-0.13318991661071777,0.0032777786254882812,-0.10542279481887817,-0.0321803092956543,-0.1144249439239502,-0.030415713787078857,-0.11324930191040039,-0.012988239526748657,-0.08194410800933838,0.0010069310665130615,-0.06046736240386963
Peace,0.0,0.0,0.03374588489532471,-0.020764708518981934,0.04953363537788391,-0.06728905439376831,0.02791750431060791,-0.09606558084487915,-0.0009478628635406494,-0.11813408136367798,0.04533231258392334,-0.15515869855880737,0.06162598729133606,-0.21532511711120605,0.07069256901741028,-0.2534903287887573,0.07562017440795898,-0.2880384922027588,0.014119476079940796,-0.1592288613319397,0.013380557298660278,-0.22741299867630005,0.016146183013916016,-0.26930898427963257,0.01680508255958557,-0.30681777000427246,-0.011512845754623413,-0.1421104073524475,-0.022004038095474243,-0.16630762815475464,-0.008102774620056152,-0.12819123268127441,0.001925140619277954,-0.10116767883300781,-0.03145033121109009,-0.11170923709869385,-0.02932107448577881,-0.10806936025619507,-0.012764215469360352,-0.07787048816680908,0.00045871734619140625,-0.05722641944885254
Peace,0.0,0.0,0.03233116865158081,-0.019614219665527344,0.04731056094169617,-0.06686604022979736,0.024739116430282593,-0.09515798091888428,-0.003251403570175171,-0.11675721406936646,0.043556809425354004,-0.1487342119216919,0.05847281217575073,-0.20752966403961182,0.0673576295375824,-0.24467968940734863,0.07235023379325867,-0.27725279331207275,0.013743877410888672,-0.1532663106918335,0.01240694522857666,-0.22036820650100708,0.015782982110977173,-0.26169073581695557,0.017245620489120483,-0.29785269498825073,-0.010618507862091064,-0.13759547472000122,-0.019971579313278198,-0.16089403629302979,-0.005859166383743286,-0.12044787406921387,0.0042054057121276855,-0.09346657991409302,-0.030200928449630737,-0.10986649990081787,-0.027749240398406982,-0.10770541429519653,-0.012863516807556152,-0.07778018712997437,-0.0014238059520721436,-0.059094786643981934
Peace,0.0,0.0,0.02908506989479065,-0.02240973711013794,0.04290875792503357,-0.06752669811248779,0.022433966398239136,-0.09526640176773071,-0.0030205249786376953,-0.11348164081573486,0.03889688849449158,-0.139057457447052,0.05369579792022705,-0.19378191232681274,0.06245318055152893,-0.2276819944381714,0.06774359941482544,-0.2568477988243103,0.01271122694015503,-0.14221203327178955,0.011732161045074463,-0.2046990990638733,0.0143812894821167,-0.2427648901939392,0.015469729900360107,-0.2746761441230774,-0.008388876914978027,-0.12768304347991943,-0.017574578523635864,-0.15309125185012817,-0.006031125783920288,-0.11745297908782959,0.002023935317993164,-0.09175050258636475,-0.024897366762161255,-0.10287618637084961,-0.025452643632888794,-0.11173433065414429,-0.013277918100357056,-0.08627849817276001,-0.003967642784118652,-0.06715428829193115
Peace,0.0,0.0,0.028163790702819824,-0.023395955562591553,0.03907370567321777,-0.06587523221969604,0.02025073766708374,-0.09464210271835327,-0.003667682409286499,-0.1148827075958252,0.03798884153366089,-0.13795536756515503,0.05040714144706726,-0.1910841464996338,0.0574762225151062,-0.22485148906707764,0.06201744079589844,-0.25338029861450195,0.013062000274658203,-0.14069145917892456,0.012850672006607056,-0.20068210363388062,0.014163553714752197,-0.2371646761894226,0.01478499174118042,-0.26668256521224976,-0.007832974195480347,-0.12580609321594238,-0.01895374059677124,-0.14666098356246948,-0.010356873273849487,-0.11120378971099854,-0.002750188112258911,-0.08541381359100342,-0.024724483489990234,-0.10075885057449341,-0.02892199158668518,-0.10989570617675781,-0.01874634623527527,-0.08346962928771973,-0.009415358304977417,-0.06324434280395508
Peace,0.0,0.0,0.025144517421722412,-0.026323318481445312,0.03280213475227356,-0.07054990530014038,0.00923725962638855,-0.0979267954826355,-0.016446292400360107,-0.1150674819946289,0.03061923384666443,-0.13508200645446777,0.03857263922691345,-0.18855637311935425,0.0427933931350708,-0.22284084558486938,0.04520753026008606,-0.2505776286125183,0.005345135927200317,-0.1353205442428589,-0.003275573253631592,-0.19184309244155884,-0.005207180976867676,-0.22604644298553467,-0.006499171257019043,-0.25339436531066895,-0.013888925313949585,-0.12091195583343506,-0.02972632646560669,-0.13826030492782593,-0.019574999809265137,-0.10510814189910889,-0.010656982660293579,-0.08060622215270996,-0.02837073802947998,-0.0978919267654419,-0.03688371181488037,-0.11148864030838013,-0.0267961323261261,-0.08589750528335571,-0.01720568537712097,-0.06503278017044067
Peace,0.0,0.0,0.02223643660545349,-0.027180492877960205,0.026394009590148926,-0.07093465328216553,0.0027993619441986084,-0.09950244426727295,-0.02153027057647705,-0.11772191524505615,0.025685518980026245,-0.1357271671295166,0.03311359882354736,-0.18865519762039185,0.036447376012802124,-0.2219673991203308,0.037974387407302856,-0.24934959411621094,0.0013114511966705322,-0.13567817211151123,-0.00766146183013916,-0.19011449813842773,-0.013643234968185425,-0.22353202104568481,-0.017481595277786255,-0.25049740076065063,-0.017542541027069092,-0.12151235342025757,-0.030000150203704834,-0.1383270025253296,-0.022982001304626465,-0.10648667812347412,-0.01578119397163391,-0.08282601833343506,-0.03099462389945984,-0.09919923543930054,-0.03979930281639099,-0.11439710855484009,-0.030591338872909546,-0.0899466872215271,-0.020934104919433594,-0.06847071647644043
Peace,0.0,0.0,0.019427508115768433,-0.02580660581588745,0.018245011568069458,-0.06875157356262207,-0.005464464426040649,-0.09622567892074585,-0.030197978019714355,-0.11732131242752075,0.017807036638259888,-0.13261491060256958,0.021654486656188965,-0.18518716096878052,0.023429512977600098,-0.21687889099121094,0.02415156364440918,-0.2447822093963623,-0.005353808403015137,-0.1334475874900818,-0.011142313480377197,-0.1901063323020935,-0.016537606716156006,-0.22335487604141235,-0.021519899368286133,-0.25236284732818604,-0.02353385090827942,-0.11940556764602661,-0.04440078139305115,-0.1447247862815857,-0.03678236901760101,-0.11172646284103394,-0.027393221855163574,-0.08647441864013672,-0.03702723979949951,-0.09590542316436768,-0.051329344511032104,-0.11391592025756836,-0.04245921969413757,-0.08975833654403687,-0.03172057867050171,-0.06960362195968628
Peace,0.0,0.0,0.018943428993225098,-0.02654653787612915,0.01792934536933899,-0.06898564100265503,-0.006078988313674927,-0.09710484743118286,-0.03041866421699524,-0.1183089017868042,0.018759608268737793,-0.13112229108810425,0.022122889757156372,-0.18134325742721558,0.02375882863998413,-0.21221482753753662,0.024045735597610474,-0.23944133520126343,-0.004230082035064697,-0.13105899095535278,-0.009990870952606201,-0.18515026569366455,-0.016102224588394165,-0.2164766788482666,-0.02208252251148224,-0.24436169862747192,-0.022541552782058716,-0.11633896827697754,-0.04157796502113342,-0.13906234502792358,-0.034048303961753845,-0.1082918643951416,-0.02548232674598694,-0.08517652750015259,-0.03623509407043457,-0.09245479106903076,-0.048309341073036194,-0.10850530862808228,-0.03952939808368683,-0.08593952655792236,-0.02932754158973694,-0.0674583911895752
Peace,0.0,0.0,0.018671303987503052,-0.02706587314605713,0.019083917140960693,-0.06885439157485962,-0.004419386386871338,-0.09837299585342407,-0.028423428535461426,-0.11950498819351196,0.02016434073448181,-0.12534648180007935,0.02338126301765442,-0.1747797727584839,0.025218844413757324,-0.20440107583999634,0.02628663182258606,-0.23066163063049316,-0.0015936195850372314,-0.12543338537216187,-0.008115917444229126,-0.1789441704750061,-0.013229459524154663,-0.2092772126197815,-0.017314791679382324,-0.2357107400894165,-0.019018709659576416,-0.11169654130935669,-0.03658555448055267,-0.1330450177192688,-0.029338493943214417,-0.10447913408279419,-0.02116173505783081,-0.08280867338180542,-0.03228466212749481,-0.08940017223358154,-0.04422125220298767,-0.10498058795928955,-0.035951077938079834,-0.08311843872070312,-0.02636513113975525,-0.0652584433555603
Peace,0.0,0.0,0.019167840480804443,-0.026924073696136475,0.017938464879989624,-0.06762444972991943,-0.006119906902313232,-0.09508919715881348,-0.028943777084350586,-0.11482316255569458,0.01899215579032898,-0.12334203720092773,0.022262662649154663,-0.1723003387451172,0.02381950616836548,-0.20188665390014648,0.02464035153388977,-0.22814267873764038,-0.003397911787033081,-0.12450313568115234,-0.011211156845092773,-0.1787106990814209,-0.016643613576889038,-0.20990192890167236,-0.020917564630508423,-0.23691576719284058,-0.020536839962005615,-0.11111187934875488,-0.0383315235376358,-0.13440388441085815,-0.0303877592086792,-0.10633069276809692,-0.021841853857040405,-0.08440506458282471,-0.03278496861457825,-0.08806461095809937,-0.04514476656913757,-0.1040922999382019,-0.03582991659641266,-0.08243060111999512,-0.02527374029159546,-0.06424885988235474
Peace,0.0,0.0,0.01994854211807251,-0.02704232931137085,0.020221799612045288,-0.07057732343673706,-0.0033660829067230225,-0.09915786981582642,-0.027966052293777466,-0.11666703224182129,0.019866108894348145,-0.12489497661590576,0.022699296474456787,-0.17488014698028564,0.023554861545562744,-0.20361965894699097,0.02402973175048828,-0.22936683893203735,-0.0026862621307373047,-0.12532657384872437,-0.012242704629898071,-0.17597061395645142,-0.018817245960235596,-0.2057090401649475,-0.02294546365737915,-0.23129576444625854,-0.019784539937973022,-0.113040030002594,-0.03442522883415222,-0.13231050968170166,-0.02621173858642578,-0.10399949550628662,-0.017757505178451538,-0.08261638879776001,-0.0313531756401062,-0.09297633171081543,-0.04108133912086487,-0.10655361413955688,-0.03180098533630371,-0.08394861221313477,-0.02180415391921997,-0.06518512964248657
Peace,0.0,0.0,0.02011701464653015,-0.02586895227432251,0.020402878522872925,-0.06658321619033813,-0.002397894859313965,-0.09251368045806885,-0.02460649609565735,-0.10991299152374268,0.019794046878814697,-0.12162703275680542,0.021286040544509888,-0.1716206669807434,0.020525455474853516,-0.20166093111038208,0.01932510733604431,-0.22755074501037598,-0.002500981092453003,-0.12203514575958252,-0.01246941089630127,-0.17241054773330688,-0.020257025957107544,-0.20268285274505615,-0.02583831548690796,-0.22766846418380737,-0.02006933093070984,-0.11077964305877686,-0.03622189164161682,-0.1298767328262329,-0.027903378009796143,-0.09862345457077026,-0.018893063068389893,-0.07430785894393921,-0.032809704542160034,-0.09238123893737793,-0.043697476387023926,-0.1076616644859314,-0.035419613122940063,-0.08461815118789673,-0.02597630023956299,-0.06481796503067017
Peace,0.0,0.0,0.01908355951309204,-0.026160776615142822,0.019941896200180054,-0.06782203912734985,-0.0028189122676849365,-0.09464836120605469,-0.025091558694839478,-0.11201697587966919,0.020987898111343384,-0.12334609031677246,0.01985853910446167,-0.16975289583206177,0.016992926597595215,-0.19816607236862183,0.014138638973236084,-0.2229924201965332,-0.0003593266010284424,-0.12259435653686523,-0.012832701206207275,-0.1673460602760315,-0.021785229444503784,-0.1919974684715271,-0.02733561396598816,-0.21286243200302124,-0.01690775156021118,-0.11084824800491333,-0.03160163760185242,-0.12556350231170654,-0.024551481008529663,-0.0966869592666626,-0.016058146953582764,-0.07567161321640015,-0.02799084782600403,-0.09326380491256714,-0.036557018756866455,-0.1037362813949585,-0.029057294130325317,-0.07939654588699341,-0.020579248666763306,-0.05916088819503784
Peace,0.0,0.0,-0.018045663833618164,-0.02428615093231201,-0.023967623710632324,-0.05759924650192261,-0.004666745662689209,-0.07277309894561768,0.01635199785232544,-0.07805734872817993,-0.009605050086975098,-0.11024594306945801,-0.01839292049407959,-0.15490645170211792,-0.023152828216552734,-0.18247920274734497,-0.025414884090423584,-0.20688354969024658,0.011446893215179443,-0.10823452472686768,0.01759350299835205,-0.15850156545639038,0.02098900079727173,-0.18811744451522827,0.024623751640319824,-0.21275091171264648,0.02764350175857544,-0.092720627784729,0.040027081966400146,-0.12133663892745972,0.02980184555053711,-0.09615975618362427,0.02127319574356079,-0.07514727115631104,0.03951430320739746,-0.0692639946937561,0.044208645820617676,-0.08477085828781128,0.032874345779418945,-0.0661548376083374,0.023180365562438965,-0.04848426580429077
Peace,0.0,0.0,-0.01757603883743286,-0.023276090621948242,-0.023815155029296875,-0.05663800239562988,-0.004490911960601807,-0.07009971141815186,0.01670759916305542,-0.07334500551223755,-0.008855938911437988,-0.1089523434638977,-0.017511367797851562,-0.1527031660079956,-0.022311866283416748,-0.17998367547988892,-0.024611592292785645,-0.20434564352035522,0.011970758438110352,-0.10663366317749023,0.01880621910095215,-0.15548288822174072,0.022392988204956055,-0.18498116731643677,0.026089012622833252,-0.2100515365600586,0.027664780616760254,-0.09106618165969849,0.04101836681365967,-0.11923801898956299,0.030171215534210205,-0.09410697221755981,0.021040916442871094,-0.07296371459960938,0.03892779350280762,-0.06756836175918579,0.04429221153259277,-0.08188802003860474,0.032800912857055664,-0.06231755018234253,0.022860229015350342,-0.04426681995391846
Peace,0.0,0.0,-0.017885327339172363,-0.023899972438812256,-0.02471059560775757,-0.05817246437072754,-0.005510449409484863,-0.07062602043151855,0.01600205898284912,-0.0730695128440857,-0.009134829044342041,-0.11024600267410278,-0.018030941486358643,-0.1551980972290039,-0.02284717559814453,-0.1829468011856079,-0.025279343128204346,-0.20791691541671753,0.012042522430419922,-0.10788744688034058,0.01897740364074707,-0.1575385332107544,0.02274113893508911,-0.18686246871948242,0.026354730129241943,-0.2118338942527771,0.027911245822906494,-0.09244316816329956,0.04138892889022827,-0.12016624212265015,0.030792653560638428,-0.09443795680999756,0.02173095941543579,-0.07269477844238281,0.039373934268951416,-0.06932759284973145,0.043882548809051514,-0.08124250173568726,0.03286463022232056,-0.06105321645736694,0.023582875728607178,-0.04277467727661133
Peace,0.0,0.0,-0.017331957817077637,-0.024093210697174072,-0.02444601058959961,-0.058038175106048584,-0.005260765552520752,-0.07070809602737427,0.01577824354171753,-0.07518833875656128,-0.008331716060638428,-0.11012953519821167,-0.017236411571502686,-0.1552935242652893,-0.022183537483215332,-0.18289095163345337,-0.024690330028533936,-0.2078598141670227,0.01275169849395752,-0.10714578628540039,0.02036750316619873,-0.1567988395690918,0.023945152759552002,-0.1860167384147644,0.027307987213134766,-0.21151918172836304,0.028551578521728516,-0.09114867448806763,0.042068541049957275,-0.11689358949661255,0.0304715633392334,-0.09173434972763062,0.020856082439422607,-0.07141417264938354,0.0396803617477417,-0.06794679164886475,0.0424504280090332,-0.07613545656204224,0.03035372495651245,-0.05771446228027344,0.020565390586853027,-0.04205352067947388
Peace,0.0,0.0,-0.020373523235321045,-0.018821895122528076,-0.03294426202774048,-0.05010712146759033,-0.018475592136383057,-0.06419569253921509,0.0011441707611083984,-0.06827318668365479,-0.019594311714172363,-0.10820835828781128,-0.03008967638015747,-0.1495269536972046,-0.03590899705886841,-0.174899160861969,-0.03885680437088013,-0.19755470752716064,0.0010169744491577148,-0.10808408260345459,0.003788888454437256,-0.15709251165390015,0.005334317684173584,-0.1849919557571411,0.007706046104431152,-0.208351731300354,0.01861327886581421,-0.09478914737701416,0.025362670421600342,-0.12287336587905884,0.01588153839111328,-0.09749668836593628,0.008858680725097656,-0.07562410831451416,0.033286869525909424,-0.07368916273117065,0.031574249267578125,-0.08282196521759033,0.020516037940979004,-0.06192570924758911,0.013104856014251709,-0.04366660118103027
Peace,0.0,0.0,-0.023217082023620605,-0.01840120553970337,-0.03752085566520691,-0.04872530698776245,-0.023807108402252197,-0.06734853982925415,-0.003892362117767334,-0.07488852739334106,-0.01919633150100708,-0.10616809129714966,-0.02854868769645691,-0.14821910858154297,-0.03415650129318237,-0.17278319597244263,-0.03768548369407654,-0.19413703680038452,0.0016384124755859375,-0.10432279109954834,0.005888879299163818,-0.15437310934066772,0.006181776523590088,-0.18349909782409668,0.007030367851257324,-0.2064853310585022,0.01879066228866577,-0.09035992622375488,0.023345470428466797,-0.12004649639129639,0.014790594577789307,-0.10789692401885986,0.009201347827911377,-0.09534960985183716,0.03265959024429321,-0.06844788789749146,0.027612745761871338,-0.07777243852615356,0.015505015850067139,-0.060338735580444336,0.007352888584136963,-0.04374134540557861
Peace,0.0,0.0,-0.023861169815063477,-0.013790607452392578,-0.04048091173171997,-0.03981751203536987,-0.03088390827178955,-0.05775421857833862,-0.013043075799942017,-0.06684494018554688,-0.029668956995010376,-0.10036313533782959,-0.043884098529815674,-0.1418057084083557,-0.05159822106361389,-0.1672843098640442,-0.05728977918624878,-0.19037330150604248,-0.0094357430934906,-0.10315638780593872,-0.009324520826339722,-0.15224987268447876,-0.008876442909240723,-0.18215137720108032,-0.008364647626876831,-0.20861226320266724,0.0076506733894348145,-0.09257018566131592,0.010423749685287476,-0.1180163025856018,0.0032230019569396973,-0.09268850088119507,-0.0018320977687835693,-0.07135874032974243,0.02185189723968506,-0.07404017448425293,0.018102318048477173,-0.0740354061126709,0.00828629732131958,-0.05290251970291138,0.001060575246810913,-0.03606367111206055
Peace,0.0,0.0,-0.023195236921310425,-0.013186454772949219,-0.04124879837036133,-0.03939557075500488,-0.03457418084144592,-0.05812191963195801,-0.018741697072982788,-0.06842774152755737,-0.031500935554504395,-0.102699875831604,-0.047614604234695435,-0.14356768131256104,-0.0563812255859375,-0.16922247409820557,-0.06220856308937073,-0.19258332252502441,-0.010871529579162598,-0.10678130388259888,-0.013323485851287842,-0.15460598468780518,-0.015569835901260376,-0.18322652578353882,-0.016053378582000732,-0.2077164649963379,0.007654905319213867,-0.09716188907623291,0.005078434944152832,-0.12114256620407104,-0.0031791329383850098,-0.09201920032501221,-0.006553053855895996,-0.06769436597824097,0.02330911159515381,-0.07948893308639526,0.013333171606063843,-0.07964330911636353,0.0025943517684936523,-0.057982683181762695,-0.0023813247680664062,-0.04113733768463135
Peace,0.0,0.0,-0.02386978268623352,-0.01265496015548706,-0.04239293932914734,-0.038002729415893555,-0.03703531622886658,-0.06055474281311035,-0.022047609090805054,-0.0754096508026123,-0.035397112369537354,-0.10381221771240234,-0.051071375608444214,-0.14374107122421265,-0.06047740578651428,-0.16950201988220215,-0.06676802039146423,-0.19212663173675537,-0.01577886939048767,-0.10662257671356201,-0.017868131399154663,-0.15737634897232056,-0.020482748746871948,-0.18807494640350342,-0.02059432864189148,-0.21296393871307373,0.002041339874267578,-0.095761239528656,0.00011843442916870117,-0.1290106177330017,-0.009050548076629639,-0.1039932370185852,-0.012561976909637451,-0.08122861385345459,0.01700150966644287,-0.07652151584625244,0.005634933710098267,-0.08569592237472534,-0.0038378536701202393,-0.06505835056304932,-0.006912291049957275,-0.047264933586120605
Peace,0.0,0.0,-0.024912029504776,-0.010944187641143799,-0.04254451394081116,-0.034974753856658936,-0.03899264335632324,-0.05824577808380127,-0.029284536838531494,-0.0774262547492981,-0.037942707538604736,-0.10120820999145508,-0.05450695753097534,-0.14064174890518188,-0.06452277302742004,-0.16575855016708374,-0.07079607248306274,-0.18878906965255737,-0.018399327993392944,-0.10583537817001343,-0.022997349500656128,-0.1565799117088318,-0.027625471353530884,-0.1873154640197754,-0.02871096134185791,-0.21314465999603271,-0.0005469024181365967,-0.0964173674583435,-0.006712883710861206,-0.13000935316085815,-0.016465485095977783,-0.0997956395149231,-0.01911187171936035,-0.07445955276489258,0.014257252216339111,-0.0782429575920105,-0.0011282265186309814,-0.08523887395858765,-0.01056942343711853,-0.06202363967895508,-0.01223805546760559,-0.04402285814285278
Peace,0.0,0.0,-0.025667250156402588,-0.013160467147827148,-0.043613433837890625,-0.0397799015045166,-0.03977206349372864,-0.06198465824127197,-0.026937097311019897,-0.07812714576721191,-0.03672534227371216,-0.10379642248153687,-0.053342729806900024,-0.1435489058494568,-0.0629861056804657,-0.168301522731781,-0.06907457113265991,-0.19073134660720825,-0.01723480224609375,-0.10791033506393433,-0.021025925874710083,-0.15972846746444702,-0.02504599094390869,-0.1902042031288147,-0.02566656470298767,-0.2146831750869751,0.000832676887512207,-0.09842157363891602,-0.004111617803573608,-0.1310446858406067,-0.014442801475524902,-0.10524129867553711,-0.017655253410339355,-0.08149838447570801,0.01546245813369751,-0.08002352714538574,0.0013082325458526611,-0.08302611112594604,-0.008605331182479858,-0.061191678047180176,-0.010450750589370728,-0.04349160194396973
Peace,0.0,0.0,-0.02652481198310852,-0.015201568603515625,-0.043468475341796875,-0.04375714063644409,-0.035257428884506226,-0.06600743532180786,-0.01942470669746399,-0.07995343208312988,-0.03554597496986389,-0.10898667573928833,-0.05190730094909668,-0.14890092611312866,-0.06181079149246216,-0.17397618293762207,-0.06883439421653748,-0.19649410247802734,-0.015165954828262329,-0.11195641756057739,-0.018096864223480225,-0.16354864835739136,-0.022088557481765747,-0.195340096950531,-0.02332460880279541,-0.22030973434448242,0.003616422414779663,-0.10088843107223511,0.0041925907135009766,-0.1347333788871765,-0.006333112716674805,-0.11171752214431763,-0.011734336614608765,-0.08840501308441162,0.019484281539916992,-0.08060240745544434,0.01105111837387085,-0.0890924334526062,0.0007250010967254639,-0.06877851486206055,-0.003980666399002075,-0.04990684986114502
Peace,0.0,0.0,-0.02635529637336731,-0.017783939838409424,-0.04147195816040039,-0.04827427864074707,-0.025659888982772827,-0.0718303918838501,-0.006228327751159668,-0.08621150255203247,-0.03445008397102356,-0.114193856716156,-0.051329225301742554,-0.15468478202819824,-0.060076236724853516,-0.18164891004562378,-0.06667003035545349,-0.2064226269721985,-0.011912643909454346,-0.11938339471817017,-0.013948917388916016,-0.17153745889663696,-0.013667315244674683,-0.20400577783584595,-0.012153863906860352,-0.2323896884918213,0.008606195449829102,-0.1105349063873291,0.015033423900604248,-0.13722467422485352,0.015721619129180908,-0.13732677698135376,0.01754218339920044,-0.1394670605659485,0.02723485231399536,-0.09347862005233765,0.023384928703308105,-0.0971187949180603,0.014593839645385742,-0.07526832818984985,0.009205162525177002,-0.05729955434799194
Peace,0.0,0.0,-0.026235103607177734,-0.019020915031433105,-0.039171069860458374,-0.05150943994522095,-0.02099686861038208,-0.07520830631256104,-0.001157522201538086,-0.08891057968139648,-0.03128889203071594,-0.1167287826538086,-0.045036494731903076,-0.16146326065063477,-0.05333155393600464,-0.18989956378936768,-0.059694528579711914,-0.2152411937713623,-0.009014248847961426,-0.12063217163085938,-0.010205268859863281,-0.17602258920669556,-0.010221719741821289,-0.209486186504364,-0.009306728839874268,-0.2370339035987854,0.01066899299621582,-0.10865658521652222,0.01880127191543579,-0.14479482173919678,0.014006555080413818,-0.13108545541763306,0.010280966758728027,-0.11697816848754883,0.027759015560150146,-0.0868079662322998,0.024685800075531006,-0.09775149822235107,0.01482933759689331,-0.07825183868408203,0.008126616477966309,-0.06026381254196167
Peace,0.0,0.0,-0.02661764621734619,-0.022126495838165283,-0.037608981132507324,-0.05680185556411743,-0.014477968215942383,-0.08032435178756714,0.0076558589935302734,-0.0933218002319336,-0.031340718269348145,-0.12190955877304077,-0.04315602779388428,-0.1659751534461975,-0.05111056566238403,-0.19417399168014526,-0.0568845272064209,-0.2190510630607605,-0.008001506328582764,-0.12627750635147095,-0.0074576735496521,-0.18159115314483643,-0.007775664329528809,-0.21357053518295288,-0.006847858428955078,-0.23966526985168457,0.012263119220733643,-0.11259174346923828,0.02297365665435791,-0.14708590507507324,0.017507731914520264,-0.12472707033157349,0.013174295425415039,-0.10428482294082642,0.02951115369796753,-0.08898192644119263,0.029454469680786133,-0.09764015674591064,0.020304977893829346,-0.07962536811828613,0.013434410095214844,-0.06370896100997925
Peace,0.0,0.0,-0.02525317668914795,-0.025913596153259277,-0.031905174255371094,-0.06490308046340942,-0.004241466522216797,-0.08742427825927734,0.019726216793060303,-0.09967541694641113,-0.02477926015853882,-0.12751710414886475,-0.03786748647689819,-0.17581665515899658,-0.04560190439224243,-0.20664584636688232,-0.051317572593688965,-0.23339974880218506,0.0009419918060302734,-0.12993478775024414,0.005538880825042725,-0.18731993436813354,0.007192552089691162,-0.21992522478103638,0.008474111557006836,-0.24756330251693726,0.02090984582901001,-0.1140894889831543,0.03507775068283081,-0.1444283127784729,0.02745521068572998,-0.1162979006767273,0.02045273780822754,-0.09450370073318481,0.036315739154815674,-0.08823275566101074,0.042587220668792725,-0.10038220882415771,0.031630516052246094,-0.08055424690246582,0.021428585052490234,-0.06424069404602051
Peace,0.0,0.0,-0.023476898670196533,-0.025047600269317627,-0.027344346046447754,-0.06394106149673462,0.001122891902923584,-0.08630818128585815,0.024754226207733154,-0.09952294826507568,-0.02216130495071411,-0.12947964668273926,-0.034573137760162354,-0.17865025997161865,-0.04147833585739136,-0.20962399244308472,-0.046069979667663574,-0.2366359829902649,0.0035187602043151855,-0.13198769092559814,0.008072197437286377,-0.18980318307876587,0.010919928550720215,-0.22288841009140015,0.012948036193847656,-0.25120025873184204,0.022620439529418945,-0.11591380834579468,0.03933590650558472,-0.14981961250305176,0.032095491886138916,-0.12165576219558716,0.024032413959503174,-0.09974098205566406,0.037113964557647705,-0.08954840898513794,0.045854806900024414,-0.10141468048095703,0.03534418344497681,-0.0800737738609314,0.024575531482696533,-0.06263941526412964
Peace,0.0,0.0,-0.022715330123901367,-0.025548160076141357,-0.02648085355758667,-0.06466984748840332,-0.00016105175018310547,-0.0868484377861023,0.02384793758392334,-0.09978306293487549,-0.020206212997436523,-0.13374274969100952,-0.03188079595565796,-0.18418312072753906,-0.038363873958587646,-0.21628564596176147,-0.042079806327819824,-0.24457812309265137,0.005836129188537598,-0.1357014775276184,0.011240065097808838,-0.19510406255722046,0.015232324600219727,-0.22953885793685913,0.018699288368225098,-0.2600126266479492,0.02487814426422119,-0.11891752481460571,0.04370814561843872,-0.1537458896636963,0.03631967306137085,-0.12382006645202637,0.02757251262664795,-0.10067975521087646,0.03906351327896118,-0.09114950895309448,0.04956197738647461,-0.10463535785675049,0.03898388147354126,-0.08293455839157104,0.02725929021835327,-0.06501966714859009
